request_id,village_code,village_name,district_name,state_name,category,description,language,severity,timestamp,source
REQ000001,612749,Gopalapura,Bangalore,KARNATAKA,Digital Connectivity,ಹೈಸ್ಪೀಡ್ ಇಂಟರ್ನೆಟ್ ಮತ್ತು ಸಿಎಸ್ಸಿ ಸೇವೆಗಳು ಲಭ್ಯವಿಲ್ಲ.,Kannada,High,2026-07-18T09:43,Synthetic Demo Data
REQ000002,612749,Gopalapura,Bangalore,KARNATAKA,Electricity,ಗ್ರಾಮದ ಪ್ರಮುಖ ರಸ್ತೆಗಳಲ್ಲಿ ಬೀದಿದೀಪಗಳ ಸೌಲಭ್ಯ ಕಲ್ಪಿಸಬೇಕಾಗಿದೆ.,Kannada,Medium,2026-07-04T08:13,Synthetic Demo Data
REQ000003,612749,Gopalapura,Bangalore,KARNATAKA,Waste Management,Residents are requesting a better door-to-door waste collection system.,English,High,2026-09-08T19:14,Synthetic Demo Data
REQ000004,612749,Gopalapura,Bangalore,KARNATAKA,Healthcare,ನಮ್ಮ ಗ್ರಾಮಕ್ಕೆ ಪ್ರಾಥಮಿಕ ಆರೋಗ್ಯ ಕೇಂದ್ರದ ಸುಲಭ ಪ್ರವೇಶ ಬೇಕಾಗಿದೆ.,Kannada,Medium,2026-07-21T19:21,Synthetic Demo Data
REQ000005,612749,Gopalapura,Bangalore,KARNATAKA,Waste Management,ವಸತಿ ಪ್ರದೇಶಗಳ ಬಳಿ ಕಸ ಶೇಖರಣೆಯಾಗುತ್ತಿದೆ.,Kannada,High,2026-08-18T09:22,Synthetic Demo Data
REQ000006,612749,Gopalapura,Bangalore,KARNATAKA,Banking,People are requesting easier access to ATM or banking kiosk services.,English,Medium,2026-09-07T09:59,Synthetic Demo Data
REQ000007,612749,Gopalapura,Bangalore,KARNATAKA,Road,The road becomes waterlogged and difficult to travel on during the rainy season.,English,Medium,2026-08-16T12:45,Synthetic Demo Data
REQ000008,612749,Gopalapura,Bangalore,KARNATAKA,Water,The village needs improved access to safe drinking water RO plant.,English,Low,2026-07-30T09:24,Synthetic Demo Data
REQ000009,612749,Gopalapura,Bangalore,KARNATAKA,Waste Management,Waste is accumulating near residential areas and temple road.,English,High,2026-08-15T12:42,Synthetic Demo Data
REQ000010,612749,Gopalapura,Bangalore,KARNATAKA,Waste Management,Residents are requesting a better door-to-door waste collection system.,English,High,2026-07-22T13:10,Synthetic Demo Data
REQ000011,612749,Gopalapura,Bangalore,KARNATAKA,Healthcare,ಸ್ಥಳೀಯ ಆರೋಗ್ಯ ಸೇವೆಗಳು ಮತ್ತು ಔಷಧಿಗಳ ಲಭ್ಯತೆಯನ್ನು ಸುಧಾರಿಸಲು ವಿನಂತಿ.,Kannada,Medium,2026-07-29T16:53,Synthetic Demo Data
REQ000012,612749,Gopalapura,Bangalore,KARNATAKA,Electricity,ಪದೇ ಪದೇ ವಿದ್ಯುತ್ ಕಡಿತವಾಗದಂತೆ ನಿರಂತರ ವಿದ್ಯುತ್ ನೀಡಲು ವಿನಂತಿ.,Kannada,Low,2026-08-21T14:04,Synthetic Demo Data
REQ000013,612749,Gopalapura,Bangalore,KARNATAKA,Waste Management,Residents are requesting a better door-to-door waste collection system.,English,High,2026-09-02T18:56,Synthetic Demo Data
REQ000014,612749,Gopalapura,Bangalore,KARNATAKA,Banking,ಗ್ರಾಮದಲ್ಲಿ ಬ್ಯಾಂಕ್ ಸೇವೆಗಳು ಮತ್ತು ಸಾಲ ಸೌಲಭ್ಯಗಳು ಸುಲಭವಾಗಿ ಸಿಗುತ್ತಿಲ್ಲ.,Kannada,High,2026-09-10T14:47,Synthetic Demo Data
REQ000015,612749,Gopalapura,Bangalore,KARNATAKA,Digital Connectivity,Residents have limited access to high-speed internet and CSC services.,English,Medium,2026-07-18T21:05,Synthetic Demo Data
REQ000016,612749,Gopalapura,Bangalore,KARNATAKA,Electricity,People are requesting more reliable power supply without frequent cuts.,English,Medium,2026-08-24T08:24,Synthetic Demo Data
REQ000017,612750,Kukkanahalli,Bangalore,KARNATAKA,Healthcare,प्राथमिक स्वास्थ्य केंद्र में बेहतर सुविधाओं की आवश्यकता है।,Hindi,High,2026-09-09T06:43,Synthetic Demo Data
REQ000018,612750,Kukkanahalli,Bangalore,KARNATAKA,Public Transport,People are requesting more reliable BMTC/KSRTC public transport services.,English,Medium,2026-08-13T09:18,Synthetic Demo Data
REQ000019,612750,Kukkanahalli,Bangalore,KARNATAKA,Healthcare,ಸ್ಥಳೀಯ ಆರೋಗ್ಯ ಸೇವೆಗಳು ಮತ್ತು ಔಷಧಿಗಳ ಲಭ್ಯತೆಯನ್ನು ಸುಧಾರಿಸಲು ವಿನಂತಿ.,Kannada,Low,2026-08-03T11:32,Synthetic Demo Data
REQ000020,612750,Kukkanahalli,Bangalore,KARNATAKA,Banking,The village needs better access to banking facilities and loan services.,English,Low,2026-09-03T12:09,Synthetic Demo Data
REQ000021,612750,Kukkanahalli,Bangalore,KARNATAKA,Road,ಮಳೆಗಾಲದಲ್ಲಿ ರಸ್ತೆಯಲ್ಲಿ ನೀರು ನಿಂತು ವಾಹನ ಚಾಲನೆ ಕಷ್ಟವಾಗುತ್ತದೆ.,Kannada,Low,2026-09-15T16:31,Synthetic Demo Data
REQ000022,612750,Kukkanahalli,Bangalore,KARNATAKA,Water,The village needs improved access to safe drinking water RO plant.,English,High,2026-07-31T08:05,Synthetic Demo Data
REQ000023,612750,Kukkanahalli,Bangalore,KARNATAKA,Public Transport,People are requesting more reliable BMTC/KSRTC public transport services.,English,Medium,2026-07-17T21:35,Synthetic Demo Data
REQ000024,612750,Kukkanahalli,Bangalore,KARNATAKA,Waste Management,ಮನೆ ಮನೆಗೆ ತೆರಳಿ ಕಸ ಸಂಗ್ರಹಿಸುವ ವ್ಯವಸ್ಥೆ ಬೇಕು ಎಂದು ನಿವಾಸಿಗಳು ಕೋರುತ್ತಿದ್ದಾರೆ.,Kannada,Medium,2026-07-28T12:45,Synthetic Demo Data
REQ000025,612750,Kukkanahalli,Bangalore,KARNATAKA,Road,सड़क की हालत खराब है और मरम्मत की जरूरत है।,Hindi,Medium,2026-09-05T20:07,Synthetic Demo Data
REQ000026,612750,Kukkanahalli,Bangalore,KARNATAKA,Waste Management,ಕಸವನ್ನು ನಿಯಮಿತವಾಗಿ ವಿಲೇವಾರಿ ಮಾಡಲಾಗುತ್ತಿಲ್ಲ.,Kannada,Medium,2026-07-30T13:00,Synthetic Demo Data
REQ000027,612750,Kukkanahalli,Bangalore,KARNATAKA,Drainage,Drainage overflows during heavy rain and causes waterlogging near the school.,English,High,2026-07-05T16:04,Synthetic Demo Data
REQ000028,612750,Kukkanahalli,Bangalore,KARNATAKA,Healthcare,ಸಂಜೆ 5 ರ ನಂತರ ಸಮೀಪದ ಆರೋಗ್ಯ ಕೇಂದ್ರಕ್ಕೆ ಹೋಗಲು ಕಷ್ಟವಾಗುತ್ತಿದೆ.,Kannada,High,2026-07-17T21:15,Synthetic Demo Data
REQ000029,612750,Kukkanahalli,Bangalore,KARNATAKA,Electricity,People are requesting more reliable power supply without frequent cuts.,English,High,2026-08-25T17:27,Synthetic Demo Data
REQ000030,612750,Kukkanahalli,Bangalore,KARNATAKA,Healthcare,The village needs easier access to primary healthcare center.,English,Medium,2026-07-13T07:25,Synthetic Demo Data
REQ000031,612750,Kukkanahalli,Bangalore,KARNATAKA,Public Transport,The village needs better bus frequency during morning and evening hours.,English,High,2026-07-25T20:08,Synthetic Demo Data
REQ000032,612750,Kukkanahalli,Bangalore,KARNATAKA,Healthcare,ನಮ್ಮ ಗ್ರಾಮಕ್ಕೆ ಪ್ರಾಥಮಿಕ ಆರೋಗ್ಯ ಕೇಂದ್ರದ ಸುಲಭ ಪ್ರವೇಶ ಬೇಕಾಗಿದೆ.,Kannada,Low,2026-07-10T20:51,Synthetic Demo Data
REQ000033,612751,Shamabhattara Palya,Bangalore,KARNATAKA,Banking,People are requesting easier access to ATM or banking kiosk services.,English,Medium,2026-09-08T06:05,Synthetic Demo Data
REQ000034,612751,Shamabhattara Palya,Bangalore,KARNATAKA,Banking,People are requesting easier access to ATM or banking kiosk services.,English,Medium,2026-08-31T12:55,Synthetic Demo Data
REQ000035,612751,Shamabhattara Palya,Bangalore,KARNATAKA,Healthcare,ಸಂಜೆ 5 ರ ನಂತರ ಸಮೀಪದ ಆರೋಗ್ಯ ಕೇಂದ್ರಕ್ಕೆ ಹೋಗಲು ಕಷ್ಟವಾಗುತ್ತಿದೆ.,Kannada,High,2026-08-19T14:59,Synthetic Demo Data
REQ000036,612751,Shamabhattara Palya,Bangalore,KARNATAKA,Electricity,ವೋಲ್ಟೇಜ್ ಏರಿಳಿತದಿಂದ ಪಂಪ್‌ಸೆಟ್‌ಗಳಿಗೆ ತೊಂದರೆಯಾಗುತ್ತಿದೆ.,Kannada,Medium,2026-09-10T21:09,Synthetic Demo Data
REQ000037,612751,Shamabhattara Palya,Bangalore,KARNATAKA,Waste Management,ಕಸವನ್ನು ನಿಯಮಿತವಾಗಿ ವಿಲೇವಾರಿ ಮಾಡಲಾಗುತ್ತಿಲ್ಲ.,Kannada,Medium,2026-09-08T07:47,Synthetic Demo Data
REQ000038,612751,Shamabhattara Palya,Bangalore,KARNATAKA,Road,ತಾಲೂಕು ಕೇಂದ್ರಕ್ಕೆ ಸಂಪರ್ಕ ಕಲ್ಪಿಸುವ ರಸ್ತೆ ಸುಧಾರಣೆಗೆ ಗ್ರಾಮಸ್ಥರ ಮನವಿ.,Kannada,Medium,2026-09-06T11:03,Synthetic Demo Data
REQ000039,612751,Shamabhattara Palya,Bangalore,KARNATAKA,Banking,ಎಟಿಎಂ ಅಥವಾ ಗ್ರಾಮ ಬ್ಯಾಂಕಿಂಗ್ ಸೇವೆ ಒದಗಿಸಲು ಸಾರ್ವಜನಿಕರ ಮನವಿ.,Kannada,High,2026-07-09T13:25,Synthetic Demo Data
REQ000040,612751,Shamabhattara Palya,Bangalore,KARNATAKA,Drainage,Drainage overflows during heavy rain and causes waterlogging near the school.,English,Medium,2026-07-06T08:26,Synthetic Demo Data
REQ000041,612751,Shamabhattara Palya,Bangalore,KARNATAKA,Digital Connectivity,Residents have limited access to high-speed internet and CSC services.,English,Low,2026-07-27T16:15,Synthetic Demo Data
REQ000042,612751,Shamabhattara Palya,Bangalore,KARNATAKA,Waste Management,ಮನೆ ಮನೆಗೆ ತೆರಳಿ ಕಸ ಸಂಗ್ರಹಿಸುವ ವ್ಯವಸ್ಥೆ ಬೇಕು ಎಂದು ನಿವಾಸಿಗಳು ಕೋರುತ್ತಿದ್ದಾರೆ.,Kannada,High,2026-08-10T08:00,Synthetic Demo Data
REQ000043,612751,Shamabhattara Palya,Bangalore,KARNATAKA,Healthcare,प्राथमिक स्वास्थ्य केंद्र में बेहतर सुविधाओं की आवश्यकता है।,Hindi,High,2026-07-28T14:08,Synthetic Demo Data
REQ000044,612752,Totagere,Bangalore,KARNATAKA,Banking,People are requesting easier access to ATM or banking kiosk services.,English,Medium,2026-07-21T20:53,Synthetic Demo Data
REQ000045,612752,Totagere,Bangalore,KARNATAKA,Healthcare,ಸ್ಥಳೀಯ ಆರೋಗ್ಯ ಸೇವೆಗಳು ಮತ್ತು ಔಷಧಿಗಳ ಲಭ್ಯತೆಯನ್ನು ಸುಧಾರಿಸಲು ವಿನಂತಿ.,Kannada,Medium,2026-09-09T15:59,Synthetic Demo Data
REQ000046,612752,Totagere,Bangalore,KARNATAKA,Digital Connectivity,People are requesting a local digital service facility (Bapuji Seva Kendra).,English,High,2026-07-14T10:17,Synthetic Demo Data
REQ000047,612752,Totagere,Bangalore,KARNATAKA,Waste Management,ವಸತಿ ಪ್ರದೇಶಗಳ ಬಳಿ ಕಸ ಶೇಖರಣೆಯಾಗುತ್ತಿದೆ.,Kannada,High,2026-08-03T21:16,Synthetic Demo Data
REQ000048,612752,Totagere,Bangalore,KARNATAKA,Banking,People are requesting easier access to ATM or banking kiosk services.,English,Medium,2026-08-05T07:00,Synthetic Demo Data
REQ000049,612752,Totagere,Bangalore,KARNATAKA,Road,ತಾಲೂಕು ಕೇಂದ್ರಕ್ಕೆ ಸಂಪರ್ಕ ಕಲ್ಪಿಸುವ ರಸ್ತೆ ಸುಧಾರಣೆಗೆ ಗ್ರಾಮಸ್ಥರ ಮನವಿ.,Kannada,High,2026-08-26T19:35,Synthetic Demo Data
REQ000050,612752,Totagere,Bangalore,KARNATAKA,Water,ಮೇಲ್ಭಾಗದ ಬಡಾವಣೆಗಳಿಗೆ ನೀರಿನ ಸರಬರಾಜು ಒತ್ತಡ ಸಾಲುತ್ತಿಲ್ಲ.,Kannada,Low,2026-09-08T07:53,Synthetic Demo Data
REQ000051,612752,Totagere,Bangalore,KARNATAKA,Road,Residents are requesting improvement of road connectivity to the taluk center.,English,High,2026-08-09T17:57,Synthetic Demo Data
REQ000052,612752,Totagere,Bangalore,KARNATAKA,Banking,गांव में एटीएम या बैंकिंग सुविधा उपलब्ध कराई जाए।,Hindi,Low,2026-07-27T13:42,Synthetic Demo Data
REQ000053,612752,Totagere,Bangalore,KARNATAKA,Drainage,Poor drainage is causing stagnant water and mosquito breeding in the village.,English,Low,2026-07-20T13:55,Synthetic Demo Data
REQ000054,612752,Totagere,Bangalore,KARNATAKA,Waste Management,Garbage is not being collected regularly in residential lanes.,English,Low,2026-07-04T11:47,Synthetic Demo Data
REQ000055,612752,Totagere,Bangalore,KARNATAKA,Banking,The village needs better access to banking facilities and loan services.,English,Low,2026-08-01T14:10,Synthetic Demo Data
REQ000056,612752,Totagere,Bangalore,KARNATAKA,Electricity,ಪದೇ ಪದೇ ವಿದ್ಯುತ್ ಕಡಿತವಾಗದಂತೆ ನಿರಂತರ ವಿದ್ಯುತ್ ನೀಡಲು ವಿನಂತಿ.,Kannada,Low,2026-07-29T12:52,Synthetic Demo Data
REQ000057,612752,Totagere,Bangalore,KARNATAKA,Banking,ಎಟಿಎಂ ಅಥವಾ ಗ್ರಾಮ ಬ್ಯಾಂಕಿಂಗ್ ಸೇವೆ ಒದಗಿಸಲು ಸಾರ್ವಜನಿಕರ ಮನವಿ.,Kannada,High,2026-07-25T18:21,Synthetic Demo Data
REQ000058,612752,Totagere,Bangalore,KARNATAKA,Waste Management,ವಸತಿ ಪ್ರದೇಶಗಳ ಬಳಿ ಕಸ ಶೇಖರಣೆಯಾಗುತ್ತಿದೆ.,Kannada,Medium,2026-09-04T18:43,Synthetic Demo Data
REQ000059,612752,Totagere,Bangalore,KARNATAKA,Banking,ಎಟಿಎಂ ಅಥವಾ ಗ್ರಾಮ ಬ್ಯಾಂಕಿಂಗ್ ಸೇವೆ ಒದಗಿಸಲು ಸಾರ್ವಜನಿಕರ ಮನವಿ.,Kannada,High,2026-08-03T11:37,Synthetic Demo Data
REQ000060,612752,Totagere,Bangalore,KARNATAKA,Banking,ಎಟಿಎಂ ಅಥವಾ ಗ್ರಾಮ ಬ್ಯಾಂಕಿಂಗ್ ಸೇವೆ ಒದಗಿಸಲು ಸಾರ್ವಜನಿಕರ ಮನವಿ.,Kannada,Medium,2026-08-14T16:27,Synthetic Demo Data
REQ000061,612753,Bommasettihalli,Bangalore,KARNATAKA,Education,ಸ್ಥಳೀಯ ಸರ್ಕಾರಿ ಶಾಲೆಯಲ್ಲಿ ಕಂಪ್ಯೂಟರ್ ಹಾಗೂ ಶೌಚಾಲಯ ಸೌಲಭ್ಯ ಕಲ್ಪಿಸಲು ಮನವಿ.,Kannada,Low,2026-07-25T14:02,Synthetic Demo Data
REQ000062,612753,Bommasettihalli,Bangalore,KARNATAKA,Public Transport,ವಿಶ್ವಾಸಾರ್ಹ ಸಾರಿಗೆ ಬಸ್ ಸೇವೆಗಳನ್ನು ಹೆಚ್ಚಿಸಲು ವಿನಂತಿ.,Kannada,Medium,2026-07-26T17:27,Synthetic Demo Data
REQ000063,612753,Bommasettihalli,Bangalore,KARNATAKA,Drainage,Poor drainage is causing stagnant water and mosquito breeding in the village.,English,Medium,2026-07-16T15:32,Synthetic Demo Data
REQ000064,612753,Bommasettihalli,Bangalore,KARNATAKA,Waste Management,ವಸತಿ ಪ್ರದೇಶಗಳ ಬಳಿ ಕಸ ಶೇಖರಣೆಯಾಗುತ್ತಿದೆ.,Kannada,Medium,2026-09-09T10:12,Synthetic Demo Data
REQ000065,612753,Bommasettihalli,Bangalore,KARNATAKA,Healthcare,Residents are requesting improved local healthcare access and medicine availability.,English,Medium,2026-07-23T15:25,Synthetic Demo Data
REQ000066,612753,Bommasettihalli,Bangalore,KARNATAKA,Healthcare,ಸಂಜೆ 5 ರ ನಂತರ ಸಮೀಪದ ಆರೋಗ್ಯ ಕೇಂದ್ರಕ್ಕೆ ಹೋಗಲು ಕಷ್ಟವಾಗುತ್ತಿದೆ.,Kannada,High,2026-09-13T16:29,Synthetic Demo Data
REQ000067,612753,Bommasettihalli,Bangalore,KARNATAKA,Healthcare,Residents are requesting improved local healthcare access and medicine availability.,English,Medium,2026-07-22T08:18,Synthetic Demo Data
REQ000068,612753,Bommasettihalli,Bangalore,KARNATAKA,Healthcare,Residents have limited access to a nearby health facility after 5 PM.,English,High,2026-07-31T15:14,Synthetic Demo Data
REQ000069,612753,Bommasettihalli,Bangalore,KARNATAKA,Electricity,ಪದೇ ಪದೇ ವಿದ್ಯುತ್ ಕಡಿತವಾಗದಂತೆ ನಿರಂತರ ವಿದ್ಯುತ್ ನೀಡಲು ವಿನಂತಿ.,Kannada,High,2026-08-30T08:29,Synthetic Demo Data
REQ000070,612753,Bommasettihalli,Bangalore,KARNATAKA,Healthcare,The village needs easier access to primary healthcare center.,English,Medium,2026-08-19T21:25,Synthetic Demo Data
REQ000071,612753,Bommasettihalli,Bangalore,KARNATAKA,Waste Management,Garbage is not being collected regularly in residential lanes.,English,Low,2026-07-14T19:14,Synthetic Demo Data
REQ000072,612754,Syadamipalya,Bangalore,KARNATAKA,Waste Management,गांव में कचरा समय पर नहीं उठाया जा रहा है।,Hindi,Medium,2026-09-10T13:58,Synthetic Demo Data
REQ000073,612754,Syadamipalya,Bangalore,KARNATAKA,Banking,ಗ್ರಾಮದಲ್ಲಿ ಬ್ಯಾಂಕ್ ಸೇವೆಗಳು ಮತ್ತು ಸಾಲ ಸೌಲಭ್ಯಗಳು ಸುಲಭವಾಗಿ ಸಿಗುತ್ತಿಲ್ಲ.,Kannada,Medium,2026-09-10T16:48,Synthetic Demo Data
REQ000074,612754,Syadamipalya,Bangalore,KARNATAKA,Banking,Residents have limited access to nearby banking services and have to travel 10 km.,English,Low,2026-08-24T20:57,Synthetic Demo Data
REQ000075,612754,Syadamipalya,Bangalore,KARNATAKA,Waste Management,Waste is accumulating near residential areas and temple road.,English,High,2026-08-01T14:49,Synthetic Demo Data
REQ000076,612754,Syadamipalya,Bangalore,KARNATAKA,Public Transport,ಬೆಳಿಗ್ಗೆ ಮತ್ತು ಸಂಜೆ ವೇಳೆಯಲ್ಲಿ ಹೆಚ್ಚಿನ ಬಸ್ ಸಂಚಾರ ಬೇಕಾಗಿದೆ.,Kannada,High,2026-07-10T15:15,Synthetic Demo Data
REQ000077,612754,Syadamipalya,Bangalore,KARNATAKA,Waste Management,ಮನೆ ಮನೆಗೆ ತೆರಳಿ ಕಸ ಸಂಗ್ರಹಿಸುವ ವ್ಯವಸ್ಥೆ ಬೇಕು ಎಂದು ನಿವಾಸಿಗಳು ಕೋರುತ್ತಿದ್ದಾರೆ.,Kannada,High,2026-07-20T13:24,Synthetic Demo Data
REQ000078,612754,Syadamipalya,Bangalore,KARNATAKA,Digital Connectivity,People are requesting a local digital service facility (Bapuji Seva Kendra).,English,Medium,2026-08-12T20:26,Synthetic Demo Data
REQ000079,612754,Syadamipalya,Bangalore,KARNATAKA,Water,The village needs improved access to safe drinking water RO plant.,English,Low,2026-09-13T06:54,Synthetic Demo Data
REQ000080,612754,Syadamipalya,Bangalore,KARNATAKA,Banking,The village needs better access to banking facilities and loan services.,English,High,2026-08-15T15:48,Synthetic Demo Data
REQ000081,612754,Syadamipalya,Bangalore,KARNATAKA,Healthcare,Residents have limited access to a nearby health facility after 5 PM.,English,Medium,2026-09-08T13:31,Synthetic Demo Data
REQ000082,612754,Syadamipalya,Bangalore,KARNATAKA,Waste Management,ಕಸವನ್ನು ನಿಯಮಿತವಾಗಿ ವಿಲೇವಾರಿ ಮಾಡಲಾಗುತ್ತಿಲ್ಲ.,Kannada,Medium,2026-08-21T11:53,Synthetic Demo Data
REQ000083,612755,Bethanagere,Bangalore,KARNATAKA,Healthcare,ಸ್ಥಳೀಯ ಆರೋಗ್ಯ ಸೇವೆಗಳು ಮತ್ತು ಔಷಧಿಗಳ ಲಭ್ಯತೆಯನ್ನು ಸುಧಾರಿಸಲು ವಿನಂತಿ.,Kannada,Medium,2026-08-20T06:05,Synthetic Demo Data
REQ000084,612755,Bethanagere,Bangalore,KARNATAKA,Digital Connectivity,ಹೈಸ್ಪೀಡ್ ಇಂಟರ್ನೆಟ್ ಮತ್ತು ಸಿಎಸ್ಸಿ ಸೇವೆಗಳು ಲಭ್ಯವಿಲ್ಲ.,Kannada,High,2026-08-03T18:20,Synthetic Demo Data
REQ000085,612755,Bethanagere,Bangalore,KARNATAKA,Waste Management,ವಸತಿ ಪ್ರದೇಶಗಳ ಬಳಿ ಕಸ ಶೇಖರಣೆಯಾಗುತ್ತಿದೆ.,Kannada,High,2026-08-23T14:53,Synthetic Demo Data
REQ000086,612755,Bethanagere,Bangalore,KARNATAKA,Drainage,ವಸತಿ ಪ್ರದೇಶದ ಬಳಿ ಕಾಂಕ್ರೀಟ್ ಮುಚ್ಚಿದ ಚರಂಡಿ ನಿರ್ಮಿಸಲು ವಿನಂತಿ.,Kannada,High,2026-08-14T13:41,Synthetic Demo Data
REQ000087,612755,Bethanagere,Bangalore,KARNATAKA,Water,पीने के साफ पानी की व्यवस्था की जाए।,Hindi,Medium,2026-08-01T12:53,Synthetic Demo Data
REQ000088,612755,Bethanagere,Bangalore,KARNATAKA,Water,ಬೇಸಿಗೆಯಲ್ಲಿ ಶುದ್ಧ ಕುಡಿಯುವ ನೀರಿನ ಕೊರತೆ ಎದುರಾಗುತ್ತಿದೆ.,Kannada,Medium,2026-07-15T12:29,Synthetic Demo Data
REQ000089,612755,Bethanagere,Bangalore,KARNATAKA,Public Transport,The village needs better bus frequency during morning and evening hours.,English,Medium,2026-07-15T11:19,Synthetic Demo Data
REQ000090,612755,Bethanagere,Bangalore,KARNATAKA,Drainage,ಚರಂಡಿ ಕೊರತೆಯಿಂದ ನೀರು ನಿಂತು ಸೊಳ್ಳೆಗಳ ಕಾಟ ಹೆಚ್ಚಾಗಿದೆ.,Kannada,Medium,2026-08-18T18:45,Synthetic Demo Data
REQ000091,612755,Bethanagere,Bangalore,KARNATAKA,Waste Management,Residents are requesting a better door-to-door waste collection system.,English,High,2026-08-08T09:50,Synthetic Demo Data
REQ000092,612755,Bethanagere,Bangalore,KARNATAKA,Banking,The village needs better access to banking facilities and loan services.,English,Medium,2026-08-17T08:32,Synthetic Demo Data
REQ000093,612755,Bethanagere,Bangalore,KARNATAKA,Digital Connectivity,ಹೈಸ್ಪೀಡ್ ಇಂಟರ್ನೆಟ್ ಮತ್ತು ಸಿಎಸ್ಸಿ ಸೇವೆಗಳು ಲಭ್ಯವಿಲ್ಲ.,Kannada,Low,2026-07-14T19:23,Synthetic Demo Data
REQ000094,612755,Bethanagere,Bangalore,KARNATAKA,Digital Connectivity,The village needs better mobile network coverage in interior areas.,English,High,2026-07-23T14:39,Synthetic Demo Data
REQ000095,612755,Bethanagere,Bangalore,KARNATAKA,Electricity,ವೋಲ್ಟೇಜ್ ಏರಿಳಿತದಿಂದ ಪಂಪ್‌ಸೆಟ್‌ಗಳಿಗೆ ತೊಂದರೆಯಾಗುತ್ತಿದೆ.,Kannada,Medium,2026-09-14T14:20,Synthetic Demo Data
REQ000096,612755,Bethanagere,Bangalore,KARNATAKA,Banking,People are requesting easier access to ATM or banking kiosk services.,English,High,2026-08-27T13:48,Synthetic Demo Data
REQ000097,612755,Bethanagere,Bangalore,KARNATAKA,Healthcare,Residents have limited access to a nearby health facility after 5 PM.,English,High,2026-09-02T16:11,Synthetic Demo Data
REQ000098,612755,Bethanagere,Bangalore,KARNATAKA,Healthcare,ಸಂಜೆ 5 ರ ನಂತರ ಸಮೀಪದ ಆರೋಗ್ಯ ಕೇಂದ್ರಕ್ಕೆ ಹೋಗಲು ಕಷ್ಟವಾಗುತ್ತಿದೆ.,Kannada,High,2026-09-15T14:35,Synthetic Demo Data
REQ000099,612756,Rampalya,Bangalore,KARNATAKA,Water,Residents report difficulty getting reliable drinking water in summer.,English,High,2026-08-22T21:35,Synthetic Demo Data
REQ000100,612756,Rampalya,Bangalore,KARNATAKA,Public Transport,People are requesting more reliable BMTC/KSRTC public transport services.,English,Medium,2026-08-27T06:05,Synthetic Demo Data
REQ000101,612756,Rampalya,Bangalore,KARNATAKA,Waste Management,ಕಸವನ್ನು ನಿಯಮಿತವಾಗಿ ವಿಲೇವಾರಿ ಮಾಡಲಾಗುತ್ತಿಲ್ಲ.,Kannada,High,2026-09-13T17:30,Synthetic Demo Data
REQ000102,612756,Rampalya,Bangalore,KARNATAKA,Education,ಗ್ರಾಮದ ಶಾಲಾ ಆವರಣ ಹಾಗೂ ಆಟದ ಮೈದಾನ ದುರಸ್ತಿ ಮಾಡಬೇಕಾಗಿದೆ.,Kannada,Medium,2026-08-15T20:17,Synthetic Demo Data
REQ000103,612756,Rampalya,Bangalore,KARNATAKA,Waste Management,ಮನೆ ಮನೆಗೆ ತೆರಳಿ ಕಸ ಸಂಗ್ರಹಿಸುವ ವ್ಯವಸ್ಥೆ ಬೇಕು ಎಂದು ನಿವಾಸಿಗಳು ಕೋರುತ್ತಿದ್ದಾರೆ.,Kannada,High,2026-07-16T11:12,Synthetic Demo Data
REQ000104,612756,Rampalya,Bangalore,KARNATAKA,Waste Management,ಮನೆ ಮನೆಗೆ ತೆರಳಿ ಕಸ ಸಂಗ್ರಹಿಸುವ ವ್ಯವಸ್ಥೆ ಬೇಕು ಎಂದು ನಿವಾಸಿಗಳು ಕೋರುತ್ತಿದ್ದಾರೆ.,Kannada,Medium,2026-09-06T15:06,Synthetic Demo Data
REQ000105,612756,Rampalya,Bangalore,KARNATAKA,Banking,ಗ್ರಾಮದಲ್ಲಿ ಬ್ಯಾಂಕ್ ಸೇವೆಗಳು ಮತ್ತು ಸಾಲ ಸೌಲಭ್ಯಗಳು ಸುಲಭವಾಗಿ ಸಿಗುತ್ತಿಲ್ಲ.,Kannada,High,2026-07-02T10:17,Synthetic Demo Data
REQ000106,612756,Rampalya,Bangalore,KARNATAKA,Water,ಗ್ರಾಮಕ್ಕೆ ಶುದ್ಧ ಕುಡಿಯುವ ನೀರಿನ ಆರ್‌ಒ ಘಟಕದ ಅಗತ್ಯವಿದೆ.,Kannada,Medium,2026-07-17T21:06,Synthetic Demo Data
REQ000107,612756,Rampalya,Bangalore,KARNATAKA,Banking,The village needs better access to banking facilities and loan services.,English,Medium,2026-08-13T11:03,Synthetic Demo Data
REQ000108,612756,Rampalya,Bangalore,KARNATAKA,Waste Management,Garbage is not being collected regularly in residential lanes.,English,Low,2026-08-21T21:04,Synthetic Demo Data
REQ000109,612756,Rampalya,Bangalore,KARNATAKA,Education,Students have difficulty accessing nearby secondary education without bus.,English,High,2026-09-11T15:05,Synthetic Demo Data
REQ000110,612757,Huskur,Bangalore,KARNATAKA,Banking,ಗ್ರಾಮದಲ್ಲಿ ಬ್ಯಾಂಕ್ ಸೇವೆಗಳು ಮತ್ತು ಸಾಲ ಸೌಲಭ್ಯಗಳು ಸುಲಭವಾಗಿ ಸಿಗುತ್ತಿಲ್ಲ.,Kannada,Medium,2026-07-29T18:28,Synthetic Demo Data
REQ000111,612757,Huskur,Bangalore,KARNATAKA,Banking,"ಬ್ಯಾಂಕಿಂಗ್ ಸೇವೆಗೆ 10 ಕಿ.ಮೀ ದೂರ ಹೋಗಬೇಕಾಗಿದ್ದು, ಸ್ಥಳೀಯ ಕಿಯೋಸ್ಕ್ ಅಗತ್ಯವಿದೆ.",Kannada,Low,2026-08-09T07:39,Synthetic Demo Data
REQ000112,612757,Huskur,Bangalore,KARNATAKA,Banking,ಎಟಿಎಂ ಅಥವಾ ಗ್ರಾಮ ಬ್ಯಾಂಕಿಂಗ್ ಸೇವೆ ಒದಗಿಸಲು ಸಾರ್ವಜನಿಕರ ಮನವಿ.,Kannada,Medium,2026-08-03T08:10,Synthetic Demo Data
REQ000113,612757,Huskur,Bangalore,KARNATAKA,Waste Management,Garbage is not being collected regularly in residential lanes.,English,High,2026-08-27T21:18,Synthetic Demo Data
REQ000114,612757,Huskur,Bangalore,KARNATAKA,Water,ಗ್ರಾಮಕ್ಕೆ ಶುದ್ಧ ಕುಡಿಯುವ ನೀರಿನ ಆರ್‌ಒ ಘಟಕದ ಅಗತ್ಯವಿದೆ.,Kannada,Medium,2026-08-28T08:43,Synthetic Demo Data
REQ000115,612757,Huskur,Bangalore,KARNATAKA,Waste Management,ಮನೆ ಮನೆಗೆ ತೆರಳಿ ಕಸ ಸಂಗ್ರಹಿಸುವ ವ್ಯವಸ್ಥೆ ಬೇಕು ಎಂದು ನಿವಾಸಿಗಳು ಕೋರುತ್ತಿದ್ದಾರೆ.,Kannada,Medium,2026-07-26T19:07,Synthetic Demo Data
REQ000116,612757,Huskur,Bangalore,KARNATAKA,Education,Residents are requesting better facilities and computers in the local school.,English,Low,2026-07-10T07:10,Synthetic Demo Data
REQ000117,612757,Huskur,Bangalore,KARNATAKA,Electricity,The village needs improved electricity infrastructure and street lighting.,English,Low,2026-08-26T09:29,Synthetic Demo Data
REQ000118,612757,Huskur,Bangalore,KARNATAKA,Public Transport,Residents report limited public transport access to metro/train stations.,English,Medium,2026-09-02T20:05,Synthetic Demo Data
REQ000119,612757,Huskur,Bangalore,KARNATAKA,Digital Connectivity,The village needs better mobile network coverage in interior areas.,English,High,2026-08-02T06:05,Synthetic Demo Data
REQ000120,612757,Huskur,Bangalore,KARNATAKA,Waste Management,Residents are requesting a better door-to-door waste collection system.,English,Medium,2026-07-03T14:36,Synthetic Demo Data
REQ000121,612757,Huskur,Bangalore,KARNATAKA,Water,The village needs improved access to safe drinking water RO plant.,English,Medium,2026-08-26T14:11,Synthetic Demo Data
REQ000122,612757,Huskur,Bangalore,KARNATAKA,Banking,ಗ್ರಾಮದಲ್ಲಿ ಬ್ಯಾಂಕ್ ಸೇವೆಗಳು ಮತ್ತು ಸಾಲ ಸೌಲಭ್ಯಗಳು ಸುಲಭವಾಗಿ ಸಿಗುತ್ತಿಲ್ಲ.,Kannada,Low,2026-08-30T17:26,Synthetic Demo Data
REQ000123,612757,Huskur,Bangalore,KARNATAKA,Waste Management,Garbage is not being collected regularly in residential lanes.,English,High,2026-09-02T15:42,Synthetic Demo Data
REQ000124,612757,Huskur,Bangalore,KARNATAKA,Banking,Residents have limited access to nearby banking services and have to travel 10 km.,English,High,2026-07-12T16:16,Synthetic Demo Data
REQ000125,612757,Huskur,Bangalore,KARNATAKA,Waste Management,गांव में कचरा समय पर नहीं उठाया जा रहा है।,Hindi,Low,2026-07-01T20:26,Synthetic Demo Data
REQ000126,612757,Huskur,Bangalore,KARNATAKA,Water,ಮೇಲ್ಭಾಗದ ಬಡಾವಣೆಗಳಿಗೆ ನೀರಿನ ಸರಬರಾಜು ಒತ್ತಡ ಸಾಲುತ್ತಿಲ್ಲ.,Kannada,Medium,2026-08-26T07:13,Synthetic Demo Data
REQ000127,612757,Huskur,Bangalore,KARNATAKA,Waste Management,ವಸತಿ ಪ್ರದೇಶಗಳ ಬಳಿ ಕಸ ಶೇಖರಣೆಯಾಗುತ್ತಿದೆ.,Kannada,Medium,2026-09-01T09:01,Synthetic Demo Data
REQ000128,612758,Agrahara Palya,Bangalore,KARNATAKA,Banking,People are requesting easier access to ATM or banking kiosk services.,English,Medium,2026-08-09T06:35,Synthetic Demo Data
REQ000129,612758,Agrahara Palya,Bangalore,KARNATAKA,Healthcare,ನಮ್ಮ ಗ್ರಾಮಕ್ಕೆ ಪ್ರಾಥಮಿಕ ಆರೋಗ್ಯ ಕೇಂದ್ರದ ಸುಲಭ ಪ್ರವೇಶ ಬೇಕಾಗಿದೆ.,Kannada,Medium,2026-07-16T10:31,Synthetic Demo Data
REQ000130,612758,Agrahara Palya,Bangalore,KARNATAKA,Banking,"ಬ್ಯಾಂಕಿಂಗ್ ಸೇವೆಗೆ 10 ಕಿ.ಮೀ ದೂರ ಹೋಗಬೇಕಾಗಿದ್ದು, ಸ್ಥಳೀಯ ಕಿಯೋಸ್ಕ್ ಅಗತ್ಯವಿದೆ.",Kannada,High,2026-08-31T21:15,Synthetic Demo Data
REQ000131,612758,Agrahara Palya,Bangalore,KARNATAKA,Healthcare,ನಮ್ಮ ಗ್ರಾಮಕ್ಕೆ ಪ್ರಾಥಮಿಕ ಆರೋಗ್ಯ ಕೇಂದ್ರದ ಸುಲಭ ಪ್ರವೇಶ ಬೇಕಾಗಿದೆ.,Kannada,Low,2026-09-04T10:55,Synthetic Demo Data
REQ000132,612758,Agrahara Palya,Bangalore,KARNATAKA,Drainage,Poor drainage is causing stagnant water and mosquito breeding in the village.,English,High,2026-09-03T14:52,Synthetic Demo Data
REQ000133,612758,Agrahara Palya,Bangalore,KARNATAKA,Water,Water supply pressure is insufficient for residents on higher lanes.,English,Medium,2026-09-01T10:28,Synthetic Demo Data
REQ000134,612758,Agrahara Palya,Bangalore,KARNATAKA,Healthcare,ಸ್ಥಳೀಯ ಆರೋಗ್ಯ ಸೇವೆಗಳು ಮತ್ತು ಔಷಧಿಗಳ ಲಭ್ಯತೆಯನ್ನು ಸುಧಾರಿಸಲು ವಿನಂತಿ.,Kannada,Medium,2026-08-18T20:59,Synthetic Demo Data
REQ000135,612758,Agrahara Palya,Bangalore,KARNATAKA,Road,ಮಳೆಗಾಲದಲ್ಲಿ ರಸ್ತೆಯಲ್ಲಿ ನೀರು ನಿಂತು ವಾಹನ ಚಾಲನೆ ಕಷ್ಟವಾಗುತ್ತದೆ.,Kannada,High,2026-08-19T13:54,Synthetic Demo Data
REQ000136,612758,Agrahara Palya,Bangalore,KARNATAKA,Electricity,ಗ್ರಾಮದ ಪ್ರಮುಖ ರಸ್ತೆಗಳಲ್ಲಿ ಬೀದಿದೀಪಗಳ ಸೌಲಭ್ಯ ಕಲ್ಪಿಸಬೇಕಾಗಿದೆ.,Kannada,Medium,2026-08-18T18:42,Synthetic Demo Data
REQ000137,612758,Agrahara Palya,Bangalore,KARNATAKA,Electricity,People are requesting more reliable power supply without frequent cuts.,English,Medium,2026-07-05T10:32,Synthetic Demo Data
REQ000138,612758,Agrahara Palya,Bangalore,KARNATAKA,Banking,ಎಟಿಎಂ ಅಥವಾ ಗ್ರಾಮ ಬ್ಯಾಂಕಿಂಗ್ ಸೇವೆ ಒದಗಿಸಲು ಸಾರ್ವಜನಿಕರ ಮನವಿ.,Kannada,Low,2026-08-26T09:33,Synthetic Demo Data
REQ000139,612759,Hosahalli Palya,Bangalore,KARNATAKA,Banking,ಎಟಿಎಂ ಅಥವಾ ಗ್ರಾಮ ಬ್ಯಾಂಕಿಂಗ್ ಸೇವೆ ಒದಗಿಸಲು ಸಾರ್ವಜನಿಕರ ಮನವಿ.,Kannada,Medium,2026-07-20T08:30,Synthetic Demo Data
REQ000140,612759,Hosahalli Palya,Bangalore,KARNATAKA,Electricity,ಗ್ರಾಮದ ಪ್ರಮುಖ ರಸ್ತೆಗಳಲ್ಲಿ ಬೀದಿದೀಪಗಳ ಸೌಲಭ್ಯ ಕಲ್ಪಿಸಬೇಕಾಗಿದೆ.,Kannada,Medium,2026-07-11T16:54,Synthetic Demo Data
REQ000141,612759,Hosahalli Palya,Bangalore,KARNATAKA,Digital Connectivity,ಹೈಸ್ಪೀಡ್ ಇಂಟರ್ನೆಟ್ ಮತ್ತು ಸಿಎಸ್ಸಿ ಸೇವೆಗಳು ಲಭ್ಯವಿಲ್ಲ.,Kannada,Medium,2026-09-01T07:39,Synthetic Demo Data
REQ000142,612759,Hosahalli Palya,Bangalore,KARNATAKA,Water,The village needs improved access to safe drinking water RO plant.,English,Low,2026-07-12T19:06,Synthetic Demo Data
REQ000143,612759,Hosahalli Palya,Bangalore,KARNATAKA,Electricity,People are requesting more reliable power supply without frequent cuts.,English,Medium,2026-08-08T06:02,Synthetic Demo Data
REQ000144,612759,Hosahalli Palya,Bangalore,KARNATAKA,Road,ತಾಲೂಕು ಕೇಂದ್ರಕ್ಕೆ ಸಂಪರ್ಕ ಕಲ್ಪಿಸುವ ರಸ್ತೆ ಸುಧಾರಣೆಗೆ ಗ್ರಾಮಸ್ಥರ ಮನವಿ.,Kannada,Medium,2026-07-19T13:33,Synthetic Demo Data
REQ000145,612759,Hosahalli Palya,Bangalore,KARNATAKA,Healthcare,The village needs easier access to primary healthcare center.,English,High,2026-07-11T18:39,Synthetic Demo Data
REQ000146,612759,Hosahalli Palya,Bangalore,KARNATAKA,Digital Connectivity,ಗ್ರಾಮದ ಒಳಭಾಗದಲ್ಲಿ ಮೊಬೈಲ್ ನೆಟ್‌ವರ್ಕ್ ಸಿಗುತ್ತಿಲ್ಲ.,Kannada,High,2026-08-29T14:29,Synthetic Demo Data
REQ000147,612759,Hosahalli Palya,Bangalore,KARNATAKA,Waste Management,ವಸತಿ ಪ್ರದೇಶಗಳ ಬಳಿ ಕಸ ಶೇಖರಣೆಯಾಗುತ್ತಿದೆ.,Kannada,Low,2026-09-08T11:04,Synthetic Demo Data
REQ000148,612759,Hosahalli Palya,Bangalore,KARNATAKA,Healthcare,ಸ್ಥಳೀಯ ಆರೋಗ್ಯ ಸೇವೆಗಳು ಮತ್ತು ಔಷಧಿಗಳ ಲಭ್ಯತೆಯನ್ನು ಸುಧಾರಿಸಲು ವಿನಂತಿ.,Kannada,High,2026-08-24T14:29,Synthetic Demo Data
REQ000149,612759,Hosahalli Palya,Bangalore,KARNATAKA,Banking,ಗ್ರಾಮದಲ್ಲಿ ಬ್ಯಾಂಕ್ ಸೇವೆಗಳು ಮತ್ತು ಸಾಲ ಸೌಲಭ್ಯಗಳು ಸುಲಭವಾಗಿ ಸಿಗುತ್ತಿಲ್ಲ.,Kannada,Low,2026-07-14T13:24,Synthetic Demo Data
REQ000150,612759,Hosahalli Palya,Bangalore,KARNATAKA,Education,The village needs improved educational facilities and playground repair.,English,High,2026-08-20T14:00,Synthetic Demo Data
REQ000151,612760,Govindapura,Bangalore,KARNATAKA,Education,The village needs improved educational facilities and playground repair.,English,Low,2026-09-16T21:53,Synthetic Demo Data
REQ000152,612760,Govindapura,Bangalore,KARNATAKA,Banking,ಎಟಿಎಂ ಅಥವಾ ಗ್ರಾಮ ಬ್ಯಾಂಕಿಂಗ್ ಸೇವೆ ಒದಗಿಸಲು ಸಾರ್ವಜನಿಕರ ಮನವಿ.,Kannada,Medium,2026-08-15T13:40,Synthetic Demo Data
REQ000153,612760,Govindapura,Bangalore,KARNATAKA,Waste Management,ಮನೆ ಮನೆಗೆ ತೆರಳಿ ಕಸ ಸಂಗ್ರಹಿಸುವ ವ್ಯವಸ್ಥೆ ಬೇಕು ಎಂದು ನಿವಾಸಿಗಳು ಕೋರುತ್ತಿದ್ದಾರೆ.,Kannada,Medium,2026-07-18T09:57,Synthetic Demo Data
REQ000154,612760,Govindapura,Bangalore,KARNATAKA,Digital Connectivity,ಹೈಸ್ಪೀಡ್ ಇಂಟರ್ನೆಟ್ ಮತ್ತು ಸಿಎಸ್ಸಿ ಸೇವೆಗಳು ಲಭ್ಯವಿಲ್ಲ.,Kannada,High,2026-08-16T10:05,Synthetic Demo Data
REQ000155,612760,Govindapura,Bangalore,KARNATAKA,Banking,ಗ್ರಾಮದಲ್ಲಿ ಬ್ಯಾಂಕ್ ಸೇವೆಗಳು ಮತ್ತು ಸಾಲ ಸೌಲಭ್ಯಗಳು ಸುಲಭವಾಗಿ ಸಿಗುತ್ತಿಲ್ಲ.,Kannada,High,2026-07-17T17:33,Synthetic Demo Data
REQ000156,612760,Govindapura,Bangalore,KARNATAKA,Education,ಬಸ್ ಕೊರತೆಯಿಂದ ವಿದ್ಯಾರ್ಥಿಗಳಿಗೆ ಪ್ರೌಢಶಾಲೆಗೆ ಹೋಗಲು ತೊಂದರೆಯಾಗಿದೆ.,Kannada,High,2026-08-31T15:47,Synthetic Demo Data
REQ000157,612760,Govindapura,Bangalore,KARNATAKA,Banking,The village needs better access to banking facilities and loan services.,English,Low,2026-07-19T13:55,Synthetic Demo Data
REQ000158,612760,Govindapura,Bangalore,KARNATAKA,Public Transport,Residents report limited public transport access to metro/train stations.,English,Low,2026-09-10T17:05,Synthetic Demo Data
REQ000159,612760,Govindapura,Bangalore,KARNATAKA,Electricity,ಗ್ರಾಮದ ಪ್ರಮುಖ ರಸ್ತೆಗಳಲ್ಲಿ ಬೀದಿದೀಪಗಳ ಸೌಲಭ್ಯ ಕಲ್ಪಿಸಬೇಕಾಗಿದೆ.,Kannada,High,2026-08-17T14:37,Synthetic Demo Data
REQ000160,612760,Govindapura,Bangalore,KARNATAKA,Road,Residents are requesting improvement of road connectivity to the taluk center.,English,High,2026-07-30T21:01,Synthetic Demo Data
REQ000161,612760,Govindapura,Bangalore,KARNATAKA,Digital Connectivity,Residents have limited access to high-speed internet and CSC services.,English,Low,2026-07-29T08:40,Synthetic Demo Data
REQ000162,612761,Honnasandra,Bangalore,KARNATAKA,Electricity,Residents report voltage fluctuations affecting agriculture pump sets.,English,Medium,2026-07-15T10:02,Synthetic Demo Data
REQ000163,612761,Honnasandra,Bangalore,KARNATAKA,Banking,ಗ್ರಾಮದಲ್ಲಿ ಬ್ಯಾಂಕ್ ಸೇವೆಗಳು ಮತ್ತು ಸಾಲ ಸೌಲಭ್ಯಗಳು ಸುಲಭವಾಗಿ ಸಿಗುತ್ತಿಲ್ಲ.,Kannada,High,2026-07-31T10:24,Synthetic Demo Data
REQ000164,612761,Honnasandra,Bangalore,KARNATAKA,Healthcare,Residents are requesting improved local healthcare access and medicine availability.,English,Medium,2026-09-08T19:37,Synthetic Demo Data
REQ000165,612761,Honnasandra,Bangalore,KARNATAKA,Public Transport,ಮೆಟ್ರೋ ನಿಲ್ದಾಣಕ್ಕೆ ನೇರ ಬಸ್ ಸಂಪರ್ಕ ಕಲ್ಪಿಸಲು ಗ್ರಾಮಸ್ಥರ ಕೋರಿಕೆ.,Kannada,Medium,2026-09-01T19:17,Synthetic Demo Data
REQ000166,612761,Honnasandra,Bangalore,KARNATAKA,Water,ಗ್ರಾಮಕ್ಕೆ ಶುದ್ಧ ಕುಡಿಯುವ ನೀರಿನ ಆರ್‌ಒ ಘಟಕದ ಅಗತ್ಯವಿದೆ.,Kannada,Medium,2026-07-31T17:06,Synthetic Demo Data
REQ000167,612761,Honnasandra,Bangalore,KARNATAKA,Banking,"ಬ್ಯಾಂಕಿಂಗ್ ಸೇವೆಗೆ 10 ಕಿ.ಮೀ ದೂರ ಹೋಗಬೇಕಾಗಿದ್ದು, ಸ್ಥಳೀಯ ಕಿಯೋಸ್ಕ್ ಅಗತ್ಯವಿದೆ.",Kannada,Medium,2026-08-20T14:12,Synthetic Demo Data
REQ000168,612761,Honnasandra,Bangalore,KARNATAKA,Banking,The village needs better access to banking facilities and loan services.,English,High,2026-07-28T06:03,Synthetic Demo Data
REQ000169,612761,Honnasandra,Bangalore,KARNATAKA,Electricity,ಪದೇ ಪದೇ ವಿದ್ಯುತ್ ಕಡಿತವಾಗದಂತೆ ನಿರಂತರ ವಿದ್ಯುತ್ ನೀಡಲು ವಿನಂತಿ.,Kannada,Medium,2026-07-27T08:53,Synthetic Demo Data
REQ000170,612761,Honnasandra,Bangalore,KARNATAKA,Electricity,ಪದೇ ಪದೇ ವಿದ್ಯುತ್ ಕಡಿತವಾಗದಂತೆ ನಿರಂತರ ವಿದ್ಯುತ್ ನೀಡಲು ವಿನಂತಿ.,Kannada,Low,2026-07-30T16:49,Synthetic Demo Data
REQ000171,612761,Honnasandra,Bangalore,KARNATAKA,Waste Management,Garbage is not being collected regularly in residential lanes.,English,High,2026-07-19T10:34,Synthetic Demo Data
REQ000172,612761,Honnasandra,Bangalore,KARNATAKA,Waste Management,ಮನೆ ಮನೆಗೆ ತೆರಳಿ ಕಸ ಸಂಗ್ರಹಿಸುವ ವ್ಯವಸ್ಥೆ ಬೇಕು ಎಂದು ನಿವಾಸಿಗಳು ಕೋರುತ್ತಿದ್ದಾರೆ.,Kannada,Low,2026-07-17T06:22,Synthetic Demo Data
REQ000173,612761,Honnasandra,Bangalore,KARNATAKA,Electricity,ವೋಲ್ಟೇಜ್ ಏರಿಳಿತದಿಂದ ಪಂಪ್‌ಸೆಟ್‌ಗಳಿಗೆ ತೊಂದರೆಯಾಗುತ್ತಿದೆ.,Kannada,High,2026-08-03T07:08,Synthetic Demo Data
REQ000174,612761,Honnasandra,Bangalore,KARNATAKA,Public Transport,ವಿಶ್ವಾಸಾರ್ಹ ಸಾರಿಗೆ ಬಸ್ ಸೇವೆಗಳನ್ನು ಹೆಚ್ಚಿಸಲು ವಿನಂತಿ.,Kannada,High,2026-08-27T17:32,Synthetic Demo Data
REQ000175,612761,Honnasandra,Bangalore,KARNATAKA,Education,ಬಸ್ ಕೊರತೆಯಿಂದ ವಿದ್ಯಾರ್ಥಿಗಳಿಗೆ ಪ್ರೌಢಶಾಲೆಗೆ ಹೋಗಲು ತೊಂದರೆಯಾಗಿದೆ.,Kannada,Low,2026-07-06T15:29,Synthetic Demo Data
REQ000176,612761,Honnasandra,Bangalore,KARNATAKA,Digital Connectivity,ಹೈಸ್ಪೀಡ್ ಇಂಟರ್ನೆಟ್ ಮತ್ತು ಸಿಎಸ್ಸಿ ಸೇವೆಗಳು ಲಭ್ಯವಿಲ್ಲ.,Kannada,Low,2026-08-24T09:31,Synthetic Demo Data
REQ000177,612761,Honnasandra,Bangalore,KARNATAKA,Public Transport,ಬೆಳಿಗ್ಗೆ ಮತ್ತು ಸಂಜೆ ವೇಳೆಯಲ್ಲಿ ಹೆಚ್ಚಿನ ಬಸ್ ಸಂಚಾರ ಬೇಕಾಗಿದೆ.,Kannada,High,2026-07-19T08:08,Synthetic Demo Data
REQ000178,612761,Honnasandra,Bangalore,KARNATAKA,Waste Management,Residents are requesting a better door-to-door waste collection system.,English,Medium,2026-08-18T15:29,Synthetic Demo Data
REQ000179,612762,Huchana Palya,Bangalore,KARNATAKA,Healthcare,ಸ್ಥಳೀಯ ಆರೋಗ್ಯ ಸೇವೆಗಳು ಮತ್ತು ಔಷಧಿಗಳ ಲಭ್ಯತೆಯನ್ನು ಸುಧಾರಿಸಲು ವಿನಂತಿ.,Kannada,High,2026-09-09T12:27,Synthetic Demo Data
REQ000180,612762,Huchana Palya,Bangalore,KARNATAKA,Healthcare,ಸಂಜೆ 5 ರ ನಂತರ ಸಮೀಪದ ಆರೋಗ್ಯ ಕೇಂದ್ರಕ್ಕೆ ಹೋಗಲು ಕಷ್ಟವಾಗುತ್ತಿದೆ.,Kannada,Low,2026-08-21T19:46,Synthetic Demo Data
REQ000181,612762,Huchana Palya,Bangalore,KARNATAKA,Drainage,ವಸತಿ ಪ್ರದೇಶದ ಬಳಿ ಕಾಂಕ್ರೀಟ್ ಮುಚ್ಚಿದ ಚರಂಡಿ ನಿರ್ಮಿಸಲು ವಿನಂತಿ.,Kannada,High,2026-07-20T21:04,Synthetic Demo Data
REQ000182,612762,Huchana Palya,Bangalore,KARNATAKA,Drainage,ಚರಂಡಿ ಕೊರತೆಯಿಂದ ನೀರು ನಿಂತು ಸೊಳ್ಳೆಗಳ ಕಾಟ ಹೆಚ್ಚಾಗಿದೆ.,Kannada,High,2026-08-17T10:35,Synthetic Demo Data
REQ000183,612762,Huchana Palya,Bangalore,KARNATAKA,Water,पीने के साफ पानी की व्यवस्था की जाए।,Hindi,High,2026-07-16T19:22,Synthetic Demo Data
REQ000184,612762,Huchana Palya,Bangalore,KARNATAKA,Banking,The village needs better access to banking facilities and loan services.,English,Low,2026-07-07T15:38,Synthetic Demo Data
REQ000185,612762,Huchana Palya,Bangalore,KARNATAKA,Road,ಮಳೆಗಾಲದಲ್ಲಿ ರಸ್ತೆಯಲ್ಲಿ ನೀರು ನಿಂತು ವಾಹನ ಚಾಲನೆ ಕಷ್ಟವಾಗುತ್ತದೆ.,Kannada,High,2026-08-31T13:54,Synthetic Demo Data
REQ000186,612762,Huchana Palya,Bangalore,KARNATAKA,Drainage,Poor drainage is causing stagnant water and mosquito breeding in the village.,English,High,2026-08-05T13:51,Synthetic Demo Data
REQ000187,612762,Huchana Palya,Bangalore,KARNATAKA,Healthcare,Residents are requesting improved local healthcare access and medicine availability.,English,Medium,2026-09-10T06:38,Synthetic Demo Data
REQ000188,612762,Huchana Palya,Bangalore,KARNATAKA,Banking,The village needs better access to banking facilities and loan services.,English,High,2026-08-04T15:58,Synthetic Demo Data
REQ000189,612762,Huchana Palya,Bangalore,KARNATAKA,Road,ಗ್ರಾಮದ ಮುಖ್ಯ ರಸ್ತೆ ಹಾಳಾಗಿದ್ದು ಸಂಚಾರಕ್ಕೆ ತೊಂದರೆಯಾಗಿದೆ.,Kannada,Medium,2026-08-21T08:09,Synthetic Demo Data
REQ000190,612763,Pillahalli,Bangalore,KARNATAKA,Public Transport,बस सेवा बढ़ाने का अनुरोध किया गया है।,Hindi,Medium,2026-07-28T18:26,Synthetic Demo Data
REQ000191,612763,Pillahalli,Bangalore,KARNATAKA,Healthcare,ಸಂಜೆ 5 ರ ನಂತರ ಸಮೀಪದ ಆರೋಗ್ಯ ಕೇಂದ್ರಕ್ಕೆ ಹೋಗಲು ಕಷ್ಟವಾಗುತ್ತಿದೆ.,Kannada,Medium,2026-09-11T08:56,Synthetic Demo Data
REQ000192,612763,Pillahalli,Bangalore,KARNATAKA,Water,ಮೇಲ್ಭಾಗದ ಬಡಾವಣೆಗಳಿಗೆ ನೀರಿನ ಸರಬರಾಜು ಒತ್ತಡ ಸಾಲುತ್ತಿಲ್ಲ.,Kannada,High,2026-07-11T14:28,Synthetic Demo Data
REQ000193,612763,Pillahalli,Bangalore,KARNATAKA,Digital Connectivity,ಹೈಸ್ಪೀಡ್ ಇಂಟರ್ನೆಟ್ ಮತ್ತು ಸಿಎಸ್ಸಿ ಸೇವೆಗಳು ಲಭ್ಯವಿಲ್ಲ.,Kannada,Medium,2026-07-28T09:22,Synthetic Demo Data
REQ000194,612763,Pillahalli,Bangalore,KARNATAKA,Healthcare,ಸ್ಥಳೀಯ ಆರೋಗ್ಯ ಸೇವೆಗಳು ಮತ್ತು ಔಷಧಿಗಳ ಲಭ್ಯತೆಯನ್ನು ಸುಧಾರಿಸಲು ವಿನಂತಿ.,Kannada,Medium,2026-09-06T15:02,Synthetic Demo Data
REQ000195,612763,Pillahalli,Bangalore,KARNATAKA,Waste Management,गांव में कचरा समय पर नहीं उठाया जा रहा है।,Hindi,High,2026-08-08T12:49,Synthetic Demo Data
REQ000196,612763,Pillahalli,Bangalore,KARNATAKA,Drainage,ಚರಂಡಿ ಕೊರತೆಯಿಂದ ನೀರು ನಿಂತು ಸೊಳ್ಳೆಗಳ ಕಾಟ ಹೆಚ್ಚಾಗಿದೆ.,Kannada,High,2026-09-02T19:11,Synthetic Demo Data
REQ000197,612763,Pillahalli,Bangalore,KARNATAKA,Drainage,ಭಾರೀ ಮಳೆಯಾದಾಗ ಚರಂಡಿ ಉಕ್ಕಿ ಶಾಲೆ ಬಳಿ ನೀರು ನಿಲ್ಲುತ್ತದೆ.,Kannada,Medium,2026-08-15T08:25,Synthetic Demo Data
REQ000198,612763,Pillahalli,Bangalore,KARNATAKA,Banking,ಎಟಿಎಂ ಅಥವಾ ಗ್ರಾಮ ಬ್ಯಾಂಕಿಂಗ್ ಸೇವೆ ಒದಗಿಸಲು ಸಾರ್ವಜನಿಕರ ಮನವಿ.,Kannada,Medium,2026-07-10T16:36,Synthetic Demo Data
REQ000199,612763,Pillahalli,Bangalore,KARNATAKA,Healthcare,ಸ್ಥಳೀಯ ಆರೋಗ್ಯ ಸೇವೆಗಳು ಮತ್ತು ಔಷಧಿಗಳ ಲಭ್ಯತೆಯನ್ನು ಸುಧಾರಿಸಲು ವಿನಂತಿ.,Kannada,Medium,2026-07-15T18:01,Synthetic Demo Data
REQ000200,612763,Pillahalli,Bangalore,KARNATAKA,Banking,"ಬ್ಯಾಂಕಿಂಗ್ ಸೇವೆಗೆ 10 ಕಿ.ಮೀ ದೂರ ಹೋಗಬೇಕಾಗಿದ್ದು, ಸ್ಥಳೀಯ ಕಿಯೋಸ್ಕ್ ಅಗತ್ಯವಿದೆ.",Kannada,Medium,2026-08-16T08:27,Synthetic Demo Data
REQ000201,612763,Pillahalli,Bangalore,KARNATAKA,Banking,"ಬ್ಯಾಂಕಿಂಗ್ ಸೇವೆಗೆ 10 ಕಿ.ಮೀ ದೂರ ಹೋಗಬೇಕಾಗಿದ್ದು, ಸ್ಥಳೀಯ ಕಿಯೋಸ್ಕ್ ಅಗತ್ಯವಿದೆ.",Kannada,Medium,2026-07-11T18:55,Synthetic Demo Data
REQ000202,612763,Pillahalli,Bangalore,KARNATAKA,Waste Management,ವಸತಿ ಪ್ರದೇಶಗಳ ಬಳಿ ಕಸ ಶೇಖರಣೆಯಾಗುತ್ತಿದೆ.,Kannada,Medium,2026-07-10T09:33,Synthetic Demo Data
REQ000203,612763,Pillahalli,Bangalore,KARNATAKA,Healthcare,Residents have limited access to a nearby health facility after 5 PM.,English,Medium,2026-07-19T13:06,Synthetic Demo Data
REQ000204,612763,Pillahalli,Bangalore,KARNATAKA,Waste Management,ಮನೆ ಮನೆಗೆ ತೆರಳಿ ಕಸ ಸಂಗ್ರಹಿಸುವ ವ್ಯವಸ್ಥೆ ಬೇಕು ಎಂದು ನಿವಾಸಿಗಳು ಕೋರುತ್ತಿದ್ದಾರೆ.,Kannada,High,2026-07-10T11:49,Synthetic Demo Data
REQ000205,612763,Pillahalli,Bangalore,KARNATAKA,Digital Connectivity,ಗ್ರಾಮದ ಒಳಭಾಗದಲ್ಲಿ ಮೊಬೈಲ್ ನೆಟ್‌ವರ್ಕ್ ಸಿಗುತ್ತಿಲ್ಲ.,Kannada,Medium,2026-08-27T16:55,Synthetic Demo Data
REQ000206,612763,Pillahalli,Bangalore,KARNATAKA,Banking,ಗ್ರಾಮದಲ್ಲಿ ಬ್ಯಾಂಕ್ ಸೇವೆಗಳು ಮತ್ತು ಸಾಲ ಸೌಲಭ್ಯಗಳು ಸುಲಭವಾಗಿ ಸಿಗುತ್ತಿಲ್ಲ.,Kannada,High,2026-08-26T15:50,Synthetic Demo Data
REQ000207,612764,Nagarur,Bangalore,KARNATAKA,Waste Management,ಮನೆ ಮನೆಗೆ ತೆರಳಿ ಕಸ ಸಂಗ್ರಹಿಸುವ ವ್ಯವಸ್ಥೆ ಬೇಕು ಎಂದು ನಿವಾಸಿಗಳು ಕೋರುತ್ತಿದ್ದಾರೆ.,Kannada,High,2026-08-29T20:02,Synthetic Demo Data
REQ000208,612764,Nagarur,Bangalore,KARNATAKA,Water,Residents report difficulty getting reliable drinking water in summer.,English,Medium,2026-07-12T18:29,Synthetic Demo Data
REQ000209,612764,Nagarur,Bangalore,KARNATAKA,Education,स्कूल में बेहतर सुविधाओं और शिक्षकों की मांग है।,Hindi,Low,2026-08-27T12:20,Synthetic Demo Data
REQ000210,612764,Nagarur,Bangalore,KARNATAKA,Education,ಬಸ್ ಕೊರತೆಯಿಂದ ವಿದ್ಯಾರ್ಥಿಗಳಿಗೆ ಪ್ರೌಢಶಾಲೆಗೆ ಹೋಗಲು ತೊಂದರೆಯಾಗಿದೆ.,Kannada,Medium,2026-08-13T08:32,Synthetic Demo Data
REQ000211,612764,Nagarur,Bangalore,KARNATAKA,Digital Connectivity,ಗ್ರಾಮದ ಒಳಭಾಗದಲ್ಲಿ ಮೊಬೈಲ್ ನೆಟ್‌ವರ್ಕ್ ಸಿಗುತ್ತಿಲ್ಲ.,Kannada,Medium,2026-08-26T11:23,Synthetic Demo Data
REQ000212,612764,Nagarur,Bangalore,KARNATAKA,Road,ತಾಲೂಕು ಕೇಂದ್ರಕ್ಕೆ ಸಂಪರ್ಕ ಕಲ್ಪಿಸುವ ರಸ್ತೆ ಸುಧಾರಣೆಗೆ ಗ್ರಾಮಸ್ಥರ ಮನವಿ.,Kannada,Medium,2026-09-15T07:50,Synthetic Demo Data
REQ000213,612764,Nagarur,Bangalore,KARNATAKA,Digital Connectivity,ಹೈಸ್ಪೀಡ್ ಇಂಟರ್ನೆಟ್ ಮತ್ತು ಸಿಎಸ್ಸಿ ಸೇವೆಗಳು ಲಭ್ಯವಿಲ್ಲ.,Kannada,High,2026-08-19T15:16,Synthetic Demo Data
REQ000214,612764,Nagarur,Bangalore,KARNATAKA,Public Transport,People are requesting more reliable BMTC/KSRTC public transport services.,English,Low,2026-08-12T08:37,Synthetic Demo Data
REQ000215,612764,Nagarur,Bangalore,KARNATAKA,Digital Connectivity,Residents have limited access to high-speed internet and CSC services.,English,Low,2026-08-20T10:38,Synthetic Demo Data
REQ000216,612764,Nagarur,Bangalore,KARNATAKA,Public Transport,ವಿಶ್ವಾಸಾರ್ಹ ಸಾರಿಗೆ ಬಸ್ ಸೇವೆಗಳನ್ನು ಹೆಚ್ಚಿಸಲು ವಿನಂತಿ.,Kannada,Medium,2026-08-12T10:42,Synthetic Demo Data
REQ000217,612764,Nagarur,Bangalore,KARNATAKA,Public Transport,People are requesting more reliable BMTC/KSRTC public transport services.,English,Low,2026-07-12T19:32,Synthetic Demo Data
REQ000218,612764,Nagarur,Bangalore,KARNATAKA,Road,ಗ್ರಾಮದ ಮುಖ್ಯ ರಸ್ತೆ ಹಾಳಾಗಿದ್ದು ಸಂಚಾರಕ್ಕೆ ತೊಂದರೆಯಾಗಿದೆ.,Kannada,Low,2026-08-13T21:12,Synthetic Demo Data
REQ000219,612764,Nagarur,Bangalore,KARNATAKA,Waste Management,ಕಸವನ್ನು ನಿಯಮಿತವಾಗಿ ವಿಲೇವಾರಿ ಮಾಡಲಾಗುತ್ತಿಲ್ಲ.,Kannada,High,2026-07-13T07:42,Synthetic Demo Data
REQ000220,612764,Nagarur,Bangalore,KARNATAKA,Road,The main approach road near the village is damaged and difficult to use.,English,Medium,2026-07-20T11:11,Synthetic Demo Data
REQ000221,612764,Nagarur,Bangalore,KARNATAKA,Banking,People are requesting easier access to ATM or banking kiosk services.,English,Medium,2026-07-06T19:23,Synthetic Demo Data
REQ000222,612764,Nagarur,Bangalore,KARNATAKA,Digital Connectivity,ಹೈಸ್ಪೀಡ್ ಇಂಟರ್ನೆಟ್ ಮತ್ತು ಸಿಎಸ್ಸಿ ಸೇವೆಗಳು ಲಭ್ಯವಿಲ್ಲ.,Kannada,Medium,2026-08-27T13:34,Synthetic Demo Data
REQ000223,612764,Nagarur,Bangalore,KARNATAKA,Waste Management,गांव में कचरा समय पर नहीं उठाया जा रहा है।,Hindi,Low,2026-07-25T17:43,Synthetic Demo Data
REQ000224,612764,Nagarur,Bangalore,KARNATAKA,Banking,गांव में एटीएम या बैंकिंग सुविधा उपलब्ध कराई जाए।,Hindi,Medium,2026-08-18T19:10,Synthetic Demo Data
REQ000225,612764,Nagarur,Bangalore,KARNATAKA,Electricity,People are requesting more reliable power supply without frequent cuts.,English,Low,2026-07-07T21:55,Synthetic Demo Data
REQ000226,612764,Nagarur,Bangalore,KARNATAKA,Road,The road becomes waterlogged and difficult to travel on during the rainy season.,English,Low,2026-07-16T15:05,Synthetic Demo Data
REQ000227,612764,Nagarur,Bangalore,KARNATAKA,Electricity,ಗ್ರಾಮದ ಪ್ರಮುಖ ರಸ್ತೆಗಳಲ್ಲಿ ಬೀದಿದೀಪಗಳ ಸೌಲಭ್ಯ ಕಲ್ಪಿಸಬೇಕಾಗಿದೆ.,Kannada,High,2026-08-25T08:58,Synthetic Demo Data
REQ000228,612764,Nagarur,Bangalore,KARNATAKA,Waste Management,ವಸತಿ ಪ್ರದೇಶಗಳ ಬಳಿ ಕಸ ಶೇಖರಣೆಯಾಗುತ್ತಿದೆ.,Kannada,Low,2026-08-23T07:25,Synthetic Demo Data
REQ000229,612764,Nagarur,Bangalore,KARNATAKA,Healthcare,ನಮ್ಮ ಗ್ರಾಮಕ್ಕೆ ಪ್ರಾಥಮಿಕ ಆರೋಗ್ಯ ಕೇಂದ್ರದ ಸುಲಭ ಪ್ರವೇಶ ಬೇಕಾಗಿದೆ.,Kannada,Medium,2026-07-04T16:59,Synthetic Demo Data
REQ000230,612765,Kodipalya,Bangalore,KARNATAKA,Drainage,Poor drainage is causing stagnant water and mosquito breeding in the village.,English,Medium,2026-07-18T07:18,Synthetic Demo Data
REQ000231,612765,Kodipalya,Bangalore,KARNATAKA,Banking,ಎಟಿಎಂ ಅಥವಾ ಗ್ರಾಮ ಬ್ಯಾಂಕಿಂಗ್ ಸೇವೆ ಒದಗಿಸಲು ಸಾರ್ವಜನಿಕರ ಮನವಿ.,Kannada,Medium,2026-08-30T20:39,Synthetic Demo Data
REQ000232,612765,Kodipalya,Bangalore,KARNATAKA,Water,ಗ್ರಾಮಕ್ಕೆ ಶುದ್ಧ ಕುಡಿಯುವ ನೀರಿನ ಆರ್‌ಒ ಘಟಕದ ಅಗತ್ಯವಿದೆ.,Kannada,High,2026-07-20T19:07,Synthetic Demo Data
REQ000233,612765,Kodipalya,Bangalore,KARNATAKA,Public Transport,ಬೆಳಿಗ್ಗೆ ಮತ್ತು ಸಂಜೆ ವೇಳೆಯಲ್ಲಿ ಹೆಚ್ಚಿನ ಬಸ್ ಸಂಚಾರ ಬೇಕಾಗಿದೆ.,Kannada,High,2026-08-23T20:04,Synthetic Demo Data
REQ000234,612765,Kodipalya,Bangalore,KARNATAKA,Drainage,Residents are requesting proper concrete covered drainage near residential areas.,English,Medium,2026-09-04T13:45,Synthetic Demo Data
REQ000235,612765,Kodipalya,Bangalore,KARNATAKA,Waste Management,ಮನೆ ಮನೆಗೆ ತೆರಳಿ ಕಸ ಸಂಗ್ರಹಿಸುವ ವ್ಯವಸ್ಥೆ ಬೇಕು ಎಂದು ನಿವಾಸಿಗಳು ಕೋರುತ್ತಿದ್ದಾರೆ.,Kannada,Medium,2026-09-12T19:11,Synthetic Demo Data
REQ000236,612765,Kodipalya,Bangalore,KARNATAKA,Digital Connectivity,ಹೈಸ್ಪೀಡ್ ಇಂಟರ್ನೆಟ್ ಮತ್ತು ಸಿಎಸ್ಸಿ ಸೇವೆಗಳು ಲಭ್ಯವಿಲ್ಲ.,Kannada,High,2026-09-06T06:24,Synthetic Demo Data
REQ000237,612765,Kodipalya,Bangalore,KARNATAKA,Banking,ಗ್ರಾಮದಲ್ಲಿ ಬ್ಯಾಂಕ್ ಸೇವೆಗಳು ಮತ್ತು ಸಾಲ ಸೌಲಭ್ಯಗಳು ಸುಲಭವಾಗಿ ಸಿಗುತ್ತಿಲ್ಲ.,Kannada,Low,2026-08-02T06:22,Synthetic Demo Data
REQ000238,612765,Kodipalya,Bangalore,KARNATAKA,Electricity,ಗ್ರಾಮದ ಪ್ರಮುಖ ರಸ್ತೆಗಳಲ್ಲಿ ಬೀದಿದೀಪಗಳ ಸೌಲಭ್ಯ ಕಲ್ಪಿಸಬೇಕಾಗಿದೆ.,Kannada,Medium,2026-07-14T16:08,Synthetic Demo Data
REQ000239,612765,Kodipalya,Bangalore,KARNATAKA,Water,ಮೇಲ್ಭಾಗದ ಬಡಾವಣೆಗಳಿಗೆ ನೀರಿನ ಸರಬರಾಜು ಒತ್ತಡ ಸಾಲುತ್ತಿಲ್ಲ.,Kannada,High,2026-08-29T21:40,Synthetic Demo Data
REQ000240,612765,Kodipalya,Bangalore,KARNATAKA,Waste Management,ಮನೆ ಮನೆಗೆ ತೆರಳಿ ಕಸ ಸಂಗ್ರಹಿಸುವ ವ್ಯವಸ್ಥೆ ಬೇಕು ಎಂದು ನಿವಾಸಿಗಳು ಕೋರುತ್ತಿದ್ದಾರೆ.,Kannada,Medium,2026-08-28T07:18,Synthetic Demo Data
REQ000241,612766,Seshagiri Rao Palya,Bangalore,KARNATAKA,Drainage,Drainage overflows during heavy rain and causes waterlogging near the school.,English,High,2026-08-09T18:52,Synthetic Demo Data
REQ000242,612766,Seshagiri Rao Palya,Bangalore,KARNATAKA,Healthcare,ಸ್ಥಳೀಯ ಆರೋಗ್ಯ ಸೇವೆಗಳು ಮತ್ತು ಔಷಧಿಗಳ ಲಭ್ಯತೆಯನ್ನು ಸುಧಾರಿಸಲು ವಿನಂತಿ.,Kannada,High,2026-08-15T07:55,Synthetic Demo Data
REQ000243,612766,Seshagiri Rao Palya,Bangalore,KARNATAKA,Education,ಸ್ಥಳೀಯ ಸರ್ಕಾರಿ ಶಾಲೆಯಲ್ಲಿ ಕಂಪ್ಯೂಟರ್ ಹಾಗೂ ಶೌಚಾಲಯ ಸೌಲಭ್ಯ ಕಲ್ಪಿಸಲು ಮನವಿ.,Kannada,Medium,2026-08-21T20:57,Synthetic Demo Data
REQ000244,612766,Seshagiri Rao Palya,Bangalore,KARNATAKA,Banking,ಎಟಿಎಂ ಅಥವಾ ಗ್ರಾಮ ಬ್ಯಾಂಕಿಂಗ್ ಸೇವೆ ಒದಗಿಸಲು ಸಾರ್ವಜನಿಕರ ಮನವಿ.,Kannada,Medium,2026-09-02T17:59,Synthetic Demo Data
REQ000245,612766,Seshagiri Rao Palya,Bangalore,KARNATAKA,Public Transport,ಬೆಳಿಗ್ಗೆ ಮತ್ತು ಸಂಜೆ ವೇಳೆಯಲ್ಲಿ ಹೆಚ್ಚಿನ ಬಸ್ ಸಂಚಾರ ಬೇಕಾಗಿದೆ.,Kannada,Medium,2026-07-11T19:38,Synthetic Demo Data
REQ000246,612766,Seshagiri Rao Palya,Bangalore,KARNATAKA,Banking,ಗ್ರಾಮದಲ್ಲಿ ಬ್ಯಾಂಕ್ ಸೇವೆಗಳು ಮತ್ತು ಸಾಲ ಸೌಲಭ್ಯಗಳು ಸುಲಭವಾಗಿ ಸಿಗುತ್ತಿಲ್ಲ.,Kannada,High,2026-07-11T16:42,Synthetic Demo Data
REQ000247,612766,Seshagiri Rao Palya,Bangalore,KARNATAKA,Waste Management,ಮನೆ ಮನೆಗೆ ತೆರಳಿ ಕಸ ಸಂಗ್ರಹಿಸುವ ವ್ಯವಸ್ಥೆ ಬೇಕು ಎಂದು ನಿವಾಸಿಗಳು ಕೋರುತ್ತಿದ್ದಾರೆ.,Kannada,Medium,2026-08-26T17:28,Synthetic Demo Data
REQ000248,612766,Seshagiri Rao Palya,Bangalore,KARNATAKA,Water,The village needs improved access to safe drinking water RO plant.,English,Medium,2026-08-25T14:40,Synthetic Demo Data
REQ000249,612766,Seshagiri Rao Palya,Bangalore,KARNATAKA,Banking,People are requesting easier access to ATM or banking kiosk services.,English,Medium,2026-08-21T17:32,Synthetic Demo Data
REQ000250,612766,Seshagiri Rao Palya,Bangalore,KARNATAKA,Public Transport,The village needs better bus frequency during morning and evening hours.,English,High,2026-09-16T20:02,Synthetic Demo Data
REQ000251,612767,Mariyanapalya,Bangalore,KARNATAKA,Drainage,ವಸತಿ ಪ್ರದೇಶದ ಬಳಿ ಕಾಂಕ್ರೀಟ್ ಮುಚ್ಚಿದ ಚರಂಡಿ ನಿರ್ಮಿಸಲು ವಿನಂತಿ.,Kannada,Medium,2026-08-19T07:38,Synthetic Demo Data
REQ000252,612767,Mariyanapalya,Bangalore,KARNATAKA,Waste Management,ವಸತಿ ಪ್ರದೇಶಗಳ ಬಳಿ ಕಸ ಶೇಖರಣೆಯಾಗುತ್ತಿದೆ.,Kannada,Medium,2026-07-10T10:33,Synthetic Demo Data
REQ000253,612767,Mariyanapalya,Bangalore,KARNATAKA,Road,ತಾಲೂಕು ಕೇಂದ್ರಕ್ಕೆ ಸಂಪರ್ಕ ಕಲ್ಪಿಸುವ ರಸ್ತೆ ಸುಧಾರಣೆಗೆ ಗ್ರಾಮಸ್ಥರ ಮನವಿ.,Kannada,High,2026-07-15T06:47,Synthetic Demo Data
REQ000254,612767,Mariyanapalya,Bangalore,KARNATAKA,Waste Management,ಮನೆ ಮನೆಗೆ ತೆರಳಿ ಕಸ ಸಂಗ್ರಹಿಸುವ ವ್ಯವಸ್ಥೆ ಬೇಕು ಎಂದು ನಿವಾಸಿಗಳು ಕೋರುತ್ತಿದ್ದಾರೆ.,Kannada,High,2026-08-03T20:13,Synthetic Demo Data
REQ000255,612767,Mariyanapalya,Bangalore,KARNATAKA,Banking,ಗ್ರಾಮದಲ್ಲಿ ಬ್ಯಾಂಕ್ ಸೇವೆಗಳು ಮತ್ತು ಸಾಲ ಸೌಲಭ್ಯಗಳು ಸುಲಭವಾಗಿ ಸಿಗುತ್ತಿಲ್ಲ.,Kannada,High,2026-07-18T08:28,Synthetic Demo Data
REQ000256,612767,Mariyanapalya,Bangalore,KARNATAKA,Waste Management,Garbage is not being collected regularly in residential lanes.,English,Low,2026-08-10T17:45,Synthetic Demo Data
REQ000257,612767,Mariyanapalya,Bangalore,KARNATAKA,Water,ಗ್ರಾಮಕ್ಕೆ ಶುದ್ಧ ಕುಡಿಯುವ ನೀರಿನ ಆರ್‌ಒ ಘಟಕದ ಅಗತ್ಯವಿದೆ.,Kannada,Low,2026-07-23T17:32,Synthetic Demo Data
REQ000258,612767,Mariyanapalya,Bangalore,KARNATAKA,Waste Management,गांव में कचरा समय पर नहीं उठाया जा रहा है।,Hindi,High,2026-09-02T06:23,Synthetic Demo Data
REQ000259,612767,Mariyanapalya,Bangalore,KARNATAKA,Education,ಗ್ರಾಮದ ಶಾಲಾ ಆವರಣ ಹಾಗೂ ಆಟದ ಮೈದಾನ ದುರಸ್ತಿ ಮಾಡಬೇಕಾಗಿದೆ.,Kannada,High,2026-07-12T08:19,Synthetic Demo Data
REQ000260,612767,Mariyanapalya,Bangalore,KARNATAKA,Healthcare,Residents have limited access to a nearby health facility after 5 PM.,English,Medium,2026-08-22T08:08,Synthetic Demo Data
REQ000261,612767,Mariyanapalya,Bangalore,KARNATAKA,Banking,The village needs better access to banking facilities and loan services.,English,Medium,2026-09-05T17:08,Synthetic Demo Data
REQ000262,612768,Mathahalli,Bangalore,KARNATAKA,Banking,Residents have limited access to nearby banking services and have to travel 10 km.,English,Medium,2026-07-17T19:32,Synthetic Demo Data
REQ000263,612768,Mathahalli,Bangalore,KARNATAKA,Banking,ಎಟಿಎಂ ಅಥವಾ ಗ್ರಾಮ ಬ್ಯಾಂಕಿಂಗ್ ಸೇವೆ ಒದಗಿಸಲು ಸಾರ್ವಜನಿಕರ ಮನವಿ.,Kannada,Medium,2026-08-08T11:10,Synthetic Demo Data
REQ000264,612768,Mathahalli,Bangalore,KARNATAKA,Waste Management,Waste is accumulating near residential areas and temple road.,English,Low,2026-09-05T15:54,Synthetic Demo Data
REQ000265,612768,Mathahalli,Bangalore,KARNATAKA,Drainage,ವಸತಿ ಪ್ರದೇಶದ ಬಳಿ ಕಾಂಕ್ರೀಟ್ ಮುಚ್ಚಿದ ಚರಂಡಿ ನಿರ್ಮಿಸಲು ವಿನಂತಿ.,Kannada,High,2026-08-08T08:32,Synthetic Demo Data
REQ000266,612768,Mathahalli,Bangalore,KARNATAKA,Digital Connectivity,The village needs better mobile network coverage in interior areas.,English,High,2026-09-16T16:53,Synthetic Demo Data
REQ000267,612768,Mathahalli,Bangalore,KARNATAKA,Banking,ಎಟಿಎಂ ಅಥವಾ ಗ್ರಾಮ ಬ್ಯಾಂಕಿಂಗ್ ಸೇವೆ ಒದಗಿಸಲು ಸಾರ್ವಜನಿಕರ ಮನವಿ.,Kannada,High,2026-09-12T14:41,Synthetic Demo Data
REQ000268,612768,Mathahalli,Bangalore,KARNATAKA,Waste Management,Residents are requesting a better door-to-door waste collection system.,English,Medium,2026-09-02T15:41,Synthetic Demo Data
REQ000269,612768,Mathahalli,Bangalore,KARNATAKA,Banking,"ಬ್ಯಾಂಕಿಂಗ್ ಸೇವೆಗೆ 10 ಕಿ.ಮೀ ದೂರ ಹೋಗಬೇಕಾಗಿದ್ದು, ಸ್ಥಳೀಯ ಕಿಯೋಸ್ಕ್ ಅಗತ್ಯವಿದೆ.",Kannada,Medium,2026-08-28T08:44,Synthetic Demo Data
REQ000270,612768,Mathahalli,Bangalore,KARNATAKA,Water,ಗ್ರಾಮಕ್ಕೆ ಶುದ್ಧ ಕುಡಿಯುವ ನೀರಿನ ಆರ್‌ಒ ಘಟಕದ ಅಗತ್ಯವಿದೆ.,Kannada,Medium,2026-08-13T10:20,Synthetic Demo Data
REQ000271,612768,Mathahalli,Bangalore,KARNATAKA,Banking,ಗ್ರಾಮದಲ್ಲಿ ಬ್ಯಾಂಕ್ ಸೇವೆಗಳು ಮತ್ತು ಸಾಲ ಸೌಲಭ್ಯಗಳು ಸುಲಭವಾಗಿ ಸಿಗುತ್ತಿಲ್ಲ.,Kannada,Low,2026-07-17T17:32,Synthetic Demo Data
REQ000272,612768,Mathahalli,Bangalore,KARNATAKA,Education,ಸ್ಥಳೀಯ ಸರ್ಕಾರಿ ಶಾಲೆಯಲ್ಲಿ ಕಂಪ್ಯೂಟರ್ ಹಾಗೂ ಶೌಚಾಲಯ ಸೌಲಭ್ಯ ಕಲ್ಪಿಸಲು ಮನವಿ.,Kannada,High,2026-08-27T13:09,Synthetic Demo Data
REQ000273,612768,Mathahalli,Bangalore,KARNATAKA,Drainage,ಚರಂಡಿ ಕೊರತೆಯಿಂದ ನೀರು ನಿಂತು ಸೊಳ್ಳೆಗಳ ಕಾಟ ಹೆಚ್ಚಾಗಿದೆ.,Kannada,Low,2026-08-23T13:55,Synthetic Demo Data
REQ000274,612768,Mathahalli,Bangalore,KARNATAKA,Banking,Residents have limited access to nearby banking services and have to travel 10 km.,English,Medium,2026-07-25T11:31,Synthetic Demo Data
REQ000275,612768,Mathahalli,Bangalore,KARNATAKA,Banking,ಗ್ರಾಮದಲ್ಲಿ ಬ್ಯಾಂಕ್ ಸೇವೆಗಳು ಮತ್ತು ಸಾಲ ಸೌಲಭ್ಯಗಳು ಸುಲಭವಾಗಿ ಸಿಗುತ್ತಿಲ್ಲ.,Kannada,Medium,2026-07-12T18:32,Synthetic Demo Data
REQ000276,612768,Mathahalli,Bangalore,KARNATAKA,Healthcare,ಸ್ಥಳೀಯ ಆರೋಗ್ಯ ಸೇವೆಗಳು ಮತ್ತು ಔಷಧಿಗಳ ಲಭ್ಯತೆಯನ್ನು ಸುಧಾರಿಸಲು ವಿನಂತಿ.,Kannada,Medium,2026-07-07T15:31,Synthetic Demo Data
REQ000277,612769,Narasipura,Bangalore,KARNATAKA,Education,The village needs improved educational facilities and playground repair.,English,Medium,2026-09-07T06:54,Synthetic Demo Data
REQ000278,612769,Narasipura,Bangalore,KARNATAKA,Drainage,ಚರಂಡಿ ಕೊರತೆಯಿಂದ ನೀರು ನಿಂತು ಸೊಳ್ಳೆಗಳ ಕಾಟ ಹೆಚ್ಚಾಗಿದೆ.,Kannada,Medium,2026-08-21T17:02,Synthetic Demo Data
REQ000279,612769,Narasipura,Bangalore,KARNATAKA,Healthcare,The village needs easier access to primary healthcare center.,English,Medium,2026-08-06T08:24,Synthetic Demo Data
REQ000280,612769,Narasipura,Bangalore,KARNATAKA,Healthcare,Residents have limited access to a nearby health facility after 5 PM.,English,Low,2026-09-17T09:08,Synthetic Demo Data
REQ000281,612769,Narasipura,Bangalore,KARNATAKA,Banking,ಗ್ರಾಮದಲ್ಲಿ ಬ್ಯಾಂಕ್ ಸೇವೆಗಳು ಮತ್ತು ಸಾಲ ಸೌಲಭ್ಯಗಳು ಸುಲಭವಾಗಿ ಸಿಗುತ್ತಿಲ್ಲ.,Kannada,Medium,2026-08-16T10:12,Synthetic Demo Data
REQ000282,612769,Narasipura,Bangalore,KARNATAKA,Education,ಬಸ್ ಕೊರತೆಯಿಂದ ವಿದ್ಯಾರ್ಥಿಗಳಿಗೆ ಪ್ರೌಢಶಾಲೆಗೆ ಹೋಗಲು ತೊಂದರೆಯಾಗಿದೆ.,Kannada,High,2026-07-18T16:51,Synthetic Demo Data
REQ000283,612769,Narasipura,Bangalore,KARNATAKA,Healthcare,ಸ್ಥಳೀಯ ಆರೋಗ್ಯ ಸೇವೆಗಳು ಮತ್ತು ಔಷಧಿಗಳ ಲಭ್ಯತೆಯನ್ನು ಸುಧಾರಿಸಲು ವಿನಂತಿ.,Kannada,Low,2026-07-18T16:59,Synthetic Demo Data
REQ000284,612769,Narasipura,Bangalore,KARNATAKA,Education,ಗ್ರಾಮದ ಶಾಲಾ ಆವರಣ ಹಾಗೂ ಆಟದ ಮೈದಾನ ದುರಸ್ತಿ ಮಾಡಬೇಕಾಗಿದೆ.,Kannada,Medium,2026-08-08T16:32,Synthetic Demo Data
REQ000285,612769,Narasipura,Bangalore,KARNATAKA,Banking,"ಬ್ಯಾಂಕಿಂಗ್ ಸೇವೆಗೆ 10 ಕಿ.ಮೀ ದೂರ ಹೋಗಬೇಕಾಗಿದ್ದು, ಸ್ಥಳೀಯ ಕಿಯೋಸ್ಕ್ ಅಗತ್ಯವಿದೆ.",Kannada,Medium,2026-08-30T06:23,Synthetic Demo Data
REQ000286,612769,Narasipura,Bangalore,KARNATAKA,Road,ತಾಲೂಕು ಕೇಂದ್ರಕ್ಕೆ ಸಂಪರ್ಕ ಕಲ್ಪಿಸುವ ರಸ್ತೆ ಸುಧಾರಣೆಗೆ ಗ್ರಾಮಸ್ಥರ ಮನವಿ.,Kannada,Medium,2026-07-04T21:16,Synthetic Demo Data
REQ000287,612769,Narasipura,Bangalore,KARNATAKA,Banking,Residents have limited access to nearby banking services and have to travel 10 km.,English,Medium,2026-07-07T21:10,Synthetic Demo Data
REQ000288,612769,Narasipura,Bangalore,KARNATAKA,Healthcare,Residents have limited access to a nearby health facility after 5 PM.,English,High,2026-08-01T07:36,Synthetic Demo Data
REQ000289,612769,Narasipura,Bangalore,KARNATAKA,Banking,ಎಟಿಎಂ ಅಥವಾ ಗ್ರಾಮ ಬ್ಯಾಂಕಿಂಗ್ ಸೇವೆ ಒದಗಿಸಲು ಸಾರ್ವಜನಿಕರ ಮನವಿ.,Kannada,Medium,2026-08-23T10:26,Synthetic Demo Data
REQ000290,612770,Torenagasandra,Bangalore,KARNATAKA,Public Transport,ವಿಶ್ವಾಸಾರ್ಹ ಸಾರಿಗೆ ಬಸ್ ಸೇವೆಗಳನ್ನು ಹೆಚ್ಚಿಸಲು ವಿನಂತಿ.,Kannada,Low,2026-07-08T10:33,Synthetic Demo Data
REQ000291,612770,Torenagasandra,Bangalore,KARNATAKA,Waste Management,ಮನೆ ಮನೆಗೆ ತೆರಳಿ ಕಸ ಸಂಗ್ರಹಿಸುವ ವ್ಯವಸ್ಥೆ ಬೇಕು ಎಂದು ನಿವಾಸಿಗಳು ಕೋರುತ್ತಿದ್ದಾರೆ.,Kannada,Medium,2026-08-18T16:11,Synthetic Demo Data
REQ000292,612770,Torenagasandra,Bangalore,KARNATAKA,Healthcare,ಸ್ಥಳೀಯ ಆರೋಗ್ಯ ಸೇವೆಗಳು ಮತ್ತು ಔಷಧಿಗಳ ಲಭ್ಯತೆಯನ್ನು ಸುಧಾರಿಸಲು ವಿನಂತಿ.,Kannada,Medium,2026-08-03T21:12,Synthetic Demo Data
REQ000293,612770,Torenagasandra,Bangalore,KARNATAKA,Banking,ಗ್ರಾಮದಲ್ಲಿ ಬ್ಯಾಂಕ್ ಸೇವೆಗಳು ಮತ್ತು ಸಾಲ ಸೌಲಭ್ಯಗಳು ಸುಲಭವಾಗಿ ಸಿಗುತ್ತಿಲ್ಲ.,Kannada,High,2026-08-08T15:45,Synthetic Demo Data
REQ000294,612770,Torenagasandra,Bangalore,KARNATAKA,Waste Management,Waste is accumulating near residential areas and temple road.,English,Medium,2026-09-10T14:18,Synthetic Demo Data
REQ000295,612770,Torenagasandra,Bangalore,KARNATAKA,Drainage,Poor drainage is causing stagnant water and mosquito breeding in the village.,English,Low,2026-08-20T17:49,Synthetic Demo Data
REQ000296,612770,Torenagasandra,Bangalore,KARNATAKA,Electricity,ವೋಲ್ಟೇಜ್ ಏರಿಳಿತದಿಂದ ಪಂಪ್‌ಸೆಟ್‌ಗಳಿಗೆ ತೊಂದರೆಯಾಗುತ್ತಿದೆ.,Kannada,Low,2026-07-11T17:59,Synthetic Demo Data
REQ000297,612770,Torenagasandra,Bangalore,KARNATAKA,Healthcare,ಸಂಜೆ 5 ರ ನಂತರ ಸಮೀಪದ ಆರೋಗ್ಯ ಕೇಂದ್ರಕ್ಕೆ ಹೋಗಲು ಕಷ್ಟವಾಗುತ್ತಿದೆ.,Kannada,High,2026-09-07T14:59,Synthetic Demo Data
REQ000298,612770,Torenagasandra,Bangalore,KARNATAKA,Education,ಬಸ್ ಕೊರತೆಯಿಂದ ವಿದ್ಯಾರ್ಥಿಗಳಿಗೆ ಪ್ರೌಢಶಾಲೆಗೆ ಹೋಗಲು ತೊಂದರೆಯಾಗಿದೆ.,Kannada,Medium,2026-09-14T13:15,Synthetic Demo Data
REQ000299,612770,Torenagasandra,Bangalore,KARNATAKA,Water,Residents report difficulty getting reliable drinking water in summer.,English,Medium,2026-07-07T09:26,Synthetic Demo Data
REQ000300,612770,Torenagasandra,Bangalore,KARNATAKA,Road,ಮಳೆಗಾಲದಲ್ಲಿ ರಸ್ತೆಯಲ್ಲಿ ನೀರು ನಿಂತು ವಾಹನ ಚಾಲನೆ ಕಷ್ಟವಾಗುತ್ತದೆ.,Kannada,Medium,2026-07-01T11:26,Synthetic Demo Data
REQ000301,612770,Torenagasandra,Bangalore,KARNATAKA,Digital Connectivity,Residents have limited access to high-speed internet and CSC services.,English,Medium,2026-07-26T15:20,Synthetic Demo Data
REQ000302,612770,Torenagasandra,Bangalore,KARNATAKA,Waste Management,ಕಸವನ್ನು ನಿಯಮಿತವಾಗಿ ವಿಲೇವಾರಿ ಮಾಡಲಾಗುತ್ತಿಲ್ಲ.,Kannada,Medium,2026-07-30T07:58,Synthetic Demo Data
REQ000303,612770,Torenagasandra,Bangalore,KARNATAKA,Banking,ಎಟಿಎಂ ಅಥವಾ ಗ್ರಾಮ ಬ್ಯಾಂಕಿಂಗ್ ಸೇವೆ ಒದಗಿಸಲು ಸಾರ್ವಜನಿಕರ ಮನವಿ.,Kannada,Low,2026-07-05T18:50,Synthetic Demo Data
REQ000304,612770,Torenagasandra,Bangalore,KARNATAKA,Healthcare,Residents have limited access to a nearby health facility after 5 PM.,English,Low,2026-07-02T15:36,Synthetic Demo Data
REQ000305,612771,Muniyanapalya,Bangalore,KARNATAKA,Education,Residents are requesting better facilities and computers in the local school.,English,High,2026-09-08T21:56,Synthetic Demo Data
REQ000306,612771,Muniyanapalya,Bangalore,KARNATAKA,Banking,The village needs better access to banking facilities and loan services.,English,High,2026-07-15T16:10,Synthetic Demo Data
REQ000307,612771,Muniyanapalya,Bangalore,KARNATAKA,Public Transport,People are requesting more reliable BMTC/KSRTC public transport services.,English,High,2026-08-13T15:36,Synthetic Demo Data
REQ000308,612771,Muniyanapalya,Bangalore,KARNATAKA,Digital Connectivity,ಗ್ರಾಮದ ಒಳಭಾಗದಲ್ಲಿ ಮೊಬೈಲ್ ನೆಟ್‌ವರ್ಕ್ ಸಿಗುತ್ತಿಲ್ಲ.,Kannada,Low,2026-08-21T19:32,Synthetic Demo Data
REQ000309,612771,Muniyanapalya,Bangalore,KARNATAKA,Road,ಗ್ರಾಮದ ಮುಖ್ಯ ರಸ್ತೆ ಹಾಳಾಗಿದ್ದು ಸಂಚಾರಕ್ಕೆ ತೊಂದರೆಯಾಗಿದೆ.,Kannada,High,2026-07-18T21:20,Synthetic Demo Data
REQ000310,612771,Muniyanapalya,Bangalore,KARNATAKA,Banking,ಗ್ರಾಮದಲ್ಲಿ ಬ್ಯಾಂಕ್ ಸೇವೆಗಳು ಮತ್ತು ಸಾಲ ಸೌಲಭ್ಯಗಳು ಸುಲಭವಾಗಿ ಸಿಗುತ್ತಿಲ್ಲ.,Kannada,High,2026-08-04T16:19,Synthetic Demo Data
REQ000311,612771,Muniyanapalya,Bangalore,KARNATAKA,Education,Residents are requesting better facilities and computers in the local school.,English,Medium,2026-07-31T07:42,Synthetic Demo Data
REQ000312,612771,Muniyanapalya,Bangalore,KARNATAKA,Drainage,ಚರಂಡಿ ಕೊರತೆಯಿಂದ ನೀರು ನಿಂತು ಸೊಳ್ಳೆಗಳ ಕಾಟ ಹೆಚ್ಚಾಗಿದೆ.,Kannada,Medium,2026-08-09T09:40,Synthetic Demo Data
REQ000313,612771,Muniyanapalya,Bangalore,KARNATAKA,Banking,"ಬ್ಯಾಂಕಿಂಗ್ ಸೇವೆಗೆ 10 ಕಿ.ಮೀ ದೂರ ಹೋಗಬೇಕಾಗಿದ್ದು, ಸ್ಥಳೀಯ ಕಿಯೋಸ್ಕ್ ಅಗತ್ಯವಿದೆ.",Kannada,High,2026-07-18T21:09,Synthetic Demo Data
REQ000314,612771,Muniyanapalya,Bangalore,KARNATAKA,Healthcare,प्राथमिक स्वास्थ्य केंद्र में बेहतर सुविधाओं की आवश्यकता है।,Hindi,Medium,2026-09-09T21:48,Synthetic Demo Data
REQ000315,612772,Vaderahalli,Bangalore,KARNATAKA,Healthcare,The village needs easier access to primary healthcare center.,English,Medium,2026-09-15T08:33,Synthetic Demo Data
REQ000316,612772,Vaderahalli,Bangalore,KARNATAKA,Healthcare,The village needs easier access to primary healthcare center.,English,Low,2026-07-15T07:53,Synthetic Demo Data
REQ000317,612772,Vaderahalli,Bangalore,KARNATAKA,Healthcare,ಸ್ಥಳೀಯ ಆರೋಗ್ಯ ಸೇವೆಗಳು ಮತ್ತು ಔಷಧಿಗಳ ಲಭ್ಯತೆಯನ್ನು ಸುಧಾರಿಸಲು ವಿನಂತಿ.,Kannada,Medium,2026-07-22T16:54,Synthetic Demo Data
REQ000318,612772,Vaderahalli,Bangalore,KARNATAKA,Healthcare,ನಮ್ಮ ಗ್ರಾಮಕ್ಕೆ ಪ್ರಾಥಮಿಕ ಆರೋಗ್ಯ ಕೇಂದ್ರದ ಸುಲಭ ಪ್ರವೇಶ ಬೇಕಾಗಿದೆ.,Kannada,Medium,2026-09-01T08:57,Synthetic Demo Data
REQ000319,612772,Vaderahalli,Bangalore,KARNATAKA,Healthcare,Residents have limited access to a nearby health facility after 5 PM.,English,High,2026-08-23T20:36,Synthetic Demo Data
REQ000320,612772,Vaderahalli,Bangalore,KARNATAKA,Water,ಗ್ರಾಮಕ್ಕೆ ಶುದ್ಧ ಕುಡಿಯುವ ನೀರಿನ ಆರ್‌ಒ ಘಟಕದ ಅಗತ್ಯವಿದೆ.,Kannada,Medium,2026-08-20T14:52,Synthetic Demo Data
REQ000321,612772,Vaderahalli,Bangalore,KARNATAKA,Water,ಬೇಸಿಗೆಯಲ್ಲಿ ಶುದ್ಧ ಕುಡಿಯುವ ನೀರಿನ ಕೊರತೆ ಎದುರಾಗುತ್ತಿದೆ.,Kannada,High,2026-08-14T08:34,Synthetic Demo Data
REQ000322,612772,Vaderahalli,Bangalore,KARNATAKA,Banking,People are requesting easier access to ATM or banking kiosk services.,English,Low,2026-08-30T07:18,Synthetic Demo Data
REQ000323,612772,Vaderahalli,Bangalore,KARNATAKA,Healthcare,Residents are requesting improved local healthcare access and medicine availability.,English,Low,2026-08-23T17:57,Synthetic Demo Data
REQ000324,612772,Vaderahalli,Bangalore,KARNATAKA,Healthcare,Residents have limited access to a nearby health facility after 5 PM.,English,Medium,2026-09-08T10:41,Synthetic Demo Data
REQ000325,612772,Vaderahalli,Bangalore,KARNATAKA,Banking,"ಬ್ಯಾಂಕಿಂಗ್ ಸೇವೆಗೆ 10 ಕಿ.ಮೀ ದೂರ ಹೋಗಬೇಕಾಗಿದ್ದು, ಸ್ಥಳೀಯ ಕಿಯೋಸ್ಕ್ ಅಗತ್ಯವಿದೆ.",Kannada,Medium,2026-07-17T13:53,Synthetic Demo Data
REQ000326,612772,Vaderahalli,Bangalore,KARNATAKA,Water,ಗ್ರಾಮಕ್ಕೆ ಶುದ್ಧ ಕುಡಿಯುವ ನೀರಿನ ಆರ್‌ಒ ಘಟಕದ ಅಗತ್ಯವಿದೆ.,Kannada,Medium,2026-09-08T19:34,Synthetic Demo Data
REQ000327,612772,Vaderahalli,Bangalore,KARNATAKA,Road,ತಾಲೂಕು ಕೇಂದ್ರಕ್ಕೆ ಸಂಪರ್ಕ ಕಲ್ಪಿಸುವ ರಸ್ತೆ ಸುಧಾರಣೆಗೆ ಗ್ರಾಮಸ್ಥರ ಮನವಿ.,Kannada,High,2026-08-05T12:59,Synthetic Demo Data
REQ000328,612772,Vaderahalli,Bangalore,KARNATAKA,Banking,People are requesting easier access to ATM or banking kiosk services.,English,Low,2026-08-23T06:15,Synthetic Demo Data
REQ000329,612772,Vaderahalli,Bangalore,KARNATAKA,Waste Management,ಕಸವನ್ನು ನಿಯಮಿತವಾಗಿ ವಿಲೇವಾರಿ ಮಾಡಲಾಗುತ್ತಿಲ್ಲ.,Kannada,Medium,2026-07-07T13:47,Synthetic Demo Data
REQ000330,612773,Alur,Bangalore,KARNATAKA,Water,ಮೇಲ್ಭಾಗದ ಬಡಾವಣೆಗಳಿಗೆ ನೀರಿನ ಸರಬರಾಜು ಒತ್ತಡ ಸಾಲುತ್ತಿಲ್ಲ.,Kannada,High,2026-07-08T10:32,Synthetic Demo Data
REQ000331,612773,Alur,Bangalore,KARNATAKA,Banking,"ಬ್ಯಾಂಕಿಂಗ್ ಸೇವೆಗೆ 10 ಕಿ.ಮೀ ದೂರ ಹೋಗಬೇಕಾಗಿದ್ದು, ಸ್ಥಳೀಯ ಕಿಯೋಸ್ಕ್ ಅಗತ್ಯವಿದೆ.",Kannada,Medium,2026-09-12T16:15,Synthetic Demo Data
REQ000332,612773,Alur,Bangalore,KARNATAKA,Waste Management,ಮನೆ ಮನೆಗೆ ತೆರಳಿ ಕಸ ಸಂಗ್ರಹಿಸುವ ವ್ಯವಸ್ಥೆ ಬೇಕು ಎಂದು ನಿವಾಸಿಗಳು ಕೋರುತ್ತಿದ್ದಾರೆ.,Kannada,Medium,2026-08-22T15:17,Synthetic Demo Data
REQ000333,612773,Alur,Bangalore,KARNATAKA,Water,Water supply pressure is insufficient for residents on higher lanes.,English,Low,2026-08-24T21:03,Synthetic Demo Data
REQ000334,612773,Alur,Bangalore,KARNATAKA,Banking,Residents have limited access to nearby banking services and have to travel 10 km.,English,Medium,2026-09-06T16:44,Synthetic Demo Data
REQ000335,612773,Alur,Bangalore,KARNATAKA,Healthcare,ಸಂಜೆ 5 ರ ನಂತರ ಸಮೀಪದ ಆರೋಗ್ಯ ಕೇಂದ್ರಕ್ಕೆ ಹೋಗಲು ಕಷ್ಟವಾಗುತ್ತಿದೆ.,Kannada,High,2026-09-07T21:15,Synthetic Demo Data
REQ000336,612773,Alur,Bangalore,KARNATAKA,Banking,"ಬ್ಯಾಂಕಿಂಗ್ ಸೇವೆಗೆ 10 ಕಿ.ಮೀ ದೂರ ಹೋಗಬೇಕಾಗಿದ್ದು, ಸ್ಥಳೀಯ ಕಿಯೋಸ್ಕ್ ಅಗತ್ಯವಿದೆ.",Kannada,High,2026-08-29T07:35,Synthetic Demo Data
REQ000337,612773,Alur,Bangalore,KARNATAKA,Healthcare,ಸ್ಥಳೀಯ ಆರೋಗ್ಯ ಸೇವೆಗಳು ಮತ್ತು ಔಷಧಿಗಳ ಲಭ್ಯತೆಯನ್ನು ಸುಧಾರಿಸಲು ವಿನಂತಿ.,Kannada,High,2026-08-01T14:13,Synthetic Demo Data
REQ000338,612773,Alur,Bangalore,KARNATAKA,Road,ತಾಲೂಕು ಕೇಂದ್ರಕ್ಕೆ ಸಂಪರ್ಕ ಕಲ್ಪಿಸುವ ರಸ್ತೆ ಸುಧಾರಣೆಗೆ ಗ್ರಾಮಸ್ಥರ ಮನವಿ.,Kannada,Low,2026-07-12T12:03,Synthetic Demo Data
REQ000339,612773,Alur,Bangalore,KARNATAKA,Waste Management,Residents are requesting a better door-to-door waste collection system.,English,High,2026-07-10T12:51,Synthetic Demo Data
REQ000340,612773,Alur,Bangalore,KARNATAKA,Electricity,The village needs improved electricity infrastructure and street lighting.,English,High,2026-07-27T16:19,Synthetic Demo Data
REQ000341,612773,Alur,Bangalore,KARNATAKA,Banking,ಎಟಿಎಂ ಅಥವಾ ಗ್ರಾಮ ಬ್ಯಾಂಕಿಂಗ್ ಸೇವೆ ಒದಗಿಸಲು ಸಾರ್ವಜನಿಕರ ಮನವಿ.,Kannada,Low,2026-07-16T21:58,Synthetic Demo Data
REQ000342,612773,Alur,Bangalore,KARNATAKA,Waste Management,Garbage is not being collected regularly in residential lanes.,English,Medium,2026-07-31T16:49,Synthetic Demo Data
REQ000343,612773,Alur,Bangalore,KARNATAKA,Waste Management,ಮನೆ ಮನೆಗೆ ತೆರಳಿ ಕಸ ಸಂಗ್ರಹಿಸುವ ವ್ಯವಸ್ಥೆ ಬೇಕು ಎಂದು ನಿವಾಸಿಗಳು ಕೋರುತ್ತಿದ್ದಾರೆ.,Kannada,Medium,2026-08-03T17:32,Synthetic Demo Data
REQ000344,612773,Alur,Bangalore,KARNATAKA,Banking,"ಬ್ಯಾಂಕಿಂಗ್ ಸೇವೆಗೆ 10 ಕಿ.ಮೀ ದೂರ ಹೋಗಬೇಕಾಗಿದ್ದು, ಸ್ಥಳೀಯ ಕಿಯೋಸ್ಕ್ ಅಗತ್ಯವಿದೆ.",Kannada,Medium,2026-08-10T12:23,Synthetic Demo Data
REQ000345,612773,Alur,Bangalore,KARNATAKA,Road,ಗ್ರಾಮದ ಮುಖ್ಯ ರಸ್ತೆ ಹಾಳಾಗಿದ್ದು ಸಂಚಾರಕ್ಕೆ ತೊಂದರೆಯಾಗಿದೆ.,Kannada,Medium,2026-07-03T14:35,Synthetic Demo Data
REQ000346,612773,Alur,Bangalore,KARNATAKA,Banking,The village needs better access to banking facilities and loan services.,English,High,2026-07-26T16:14,Synthetic Demo Data
REQ000347,612773,Alur,Bangalore,KARNATAKA,Healthcare,Residents have limited access to a nearby health facility after 5 PM.,English,Medium,2026-08-13T14:48,Synthetic Demo Data
REQ000348,612773,Alur,Bangalore,KARNATAKA,Electricity,बिजली की बार-बार कटौती से लोग परेशान हैं।,Hindi,Medium,2026-08-28T11:46,Synthetic Demo Data
REQ000349,612773,Alur,Bangalore,KARNATAKA,Electricity,ಗ್ರಾಮದ ಪ್ರಮುಖ ರಸ್ತೆಗಳಲ್ಲಿ ಬೀದಿದೀಪಗಳ ಸೌಲಭ್ಯ ಕಲ್ಪಿಸಬೇಕಾಗಿದೆ.,Kannada,Medium,2026-07-24T07:33,Synthetic Demo Data
REQ000350,612773,Alur,Bangalore,KARNATAKA,Water,Water supply pressure is insufficient for residents on higher lanes.,English,High,2026-07-01T19:08,Synthetic Demo Data
REQ000351,612773,Alur,Bangalore,KARNATAKA,Banking,"ಬ್ಯಾಂಕಿಂಗ್ ಸೇವೆಗೆ 10 ಕಿ.ಮೀ ದೂರ ಹೋಗಬೇಕಾಗಿದ್ದು, ಸ್ಥಳೀಯ ಕಿಯೋಸ್ಕ್ ಅಗತ್ಯವಿದೆ.",Kannada,High,2026-07-28T20:23,Synthetic Demo Data
REQ000352,612773,Alur,Bangalore,KARNATAKA,Water,Water supply pressure is insufficient for residents on higher lanes.,English,Low,2026-09-01T06:00,Synthetic Demo Data
REQ000353,612774,Kuduragere,Bangalore,KARNATAKA,Education,ಬಸ್ ಕೊರತೆಯಿಂದ ವಿದ್ಯಾರ್ಥಿಗಳಿಗೆ ಪ್ರೌಢಶಾಲೆಗೆ ಹೋಗಲು ತೊಂದರೆಯಾಗಿದೆ.,Kannada,Medium,2026-08-05T15:01,Synthetic Demo Data
REQ000354,612774,Kuduragere,Bangalore,KARNATAKA,Education,Residents are requesting better facilities and computers in the local school.,English,Low,2026-07-23T09:58,Synthetic Demo Data
REQ000355,612774,Kuduragere,Bangalore,KARNATAKA,Drainage,ಭಾರೀ ಮಳೆಯಾದಾಗ ಚರಂಡಿ ಉಕ್ಕಿ ಶಾಲೆ ಬಳಿ ನೀರು ನಿಲ್ಲುತ್ತದೆ.,Kannada,Medium,2026-08-02T17:17,Synthetic Demo Data
REQ000356,612774,Kuduragere,Bangalore,KARNATAKA,Electricity,ವೋಲ್ಟೇಜ್ ಏರಿಳಿತದಿಂದ ಪಂಪ್‌ಸೆಟ್‌ಗಳಿಗೆ ತೊಂದರೆಯಾಗುತ್ತಿದೆ.,Kannada,Medium,2026-08-01T13:19,Synthetic Demo Data
REQ000357,612774,Kuduragere,Bangalore,KARNATAKA,Public Transport,People are requesting more reliable BMTC/KSRTC public transport services.,English,Low,2026-07-05T08:25,Synthetic Demo Data
REQ000358,612774,Kuduragere,Bangalore,KARNATAKA,Road,The main approach road near the village is damaged and difficult to use.,English,Medium,2026-07-22T08:31,Synthetic Demo Data
REQ000359,612774,Kuduragere,Bangalore,KARNATAKA,Banking,The village needs better access to banking facilities and loan services.,English,Medium,2026-07-13T07:14,Synthetic Demo Data
REQ000360,612774,Kuduragere,Bangalore,KARNATAKA,Waste Management,Residents are requesting a better door-to-door waste collection system.,English,Medium,2026-07-06T08:43,Synthetic Demo Data
REQ000361,612774,Kuduragere,Bangalore,KARNATAKA,Banking,Residents have limited access to nearby banking services and have to travel 10 km.,English,Medium,2026-07-23T16:01,Synthetic Demo Data
REQ000362,612774,Kuduragere,Bangalore,KARNATAKA,Banking,Residents have limited access to nearby banking services and have to travel 10 km.,English,Low,2026-07-10T15:10,Synthetic Demo Data
REQ000363,612774,Kuduragere,Bangalore,KARNATAKA,Education,Residents are requesting better facilities and computers in the local school.,English,Medium,2026-09-08T16:24,Synthetic Demo Data
REQ000364,612774,Kuduragere,Bangalore,KARNATAKA,Electricity,ಗ್ರಾಮದ ಪ್ರಮುಖ ರಸ್ತೆಗಳಲ್ಲಿ ಬೀದಿದೀಪಗಳ ಸೌಲಭ್ಯ ಕಲ್ಪಿಸಬೇಕಾಗಿದೆ.,Kannada,Medium,2026-09-03T17:03,Synthetic Demo Data
REQ000365,612774,Kuduragere,Bangalore,KARNATAKA,Drainage,ಭಾರೀ ಮಳೆಯಾದಾಗ ಚರಂಡಿ ಉಕ್ಕಿ ಶಾಲೆ ಬಳಿ ನೀರು ನಿಲ್ಲುತ್ತದೆ.,Kannada,High,2026-09-17T18:49,Synthetic Demo Data
REQ000366,612774,Kuduragere,Bangalore,KARNATAKA,Waste Management,Waste is accumulating near residential areas and temple road.,English,Medium,2026-08-15T18:27,Synthetic Demo Data
REQ000367,612774,Kuduragere,Bangalore,KARNATAKA,Waste Management,Waste is accumulating near residential areas and temple road.,English,High,2026-08-07T13:45,Synthetic Demo Data
REQ000368,612774,Kuduragere,Bangalore,KARNATAKA,Water,ಗ್ರಾಮಕ್ಕೆ ಶುದ್ಧ ಕುಡಿಯುವ ನೀರಿನ ಆರ್‌ಒ ಘಟಕದ ಅಗತ್ಯವಿದೆ.,Kannada,Medium,2026-07-20T18:20,Synthetic Demo Data
REQ000369,612774,Kuduragere,Bangalore,KARNATAKA,Road,ತಾಲೂಕು ಕೇಂದ್ರಕ್ಕೆ ಸಂಪರ್ಕ ಕಲ್ಪಿಸುವ ರಸ್ತೆ ಸುಧಾರಣೆಗೆ ಗ್ರಾಮಸ್ಥರ ಮನವಿ.,Kannada,Medium,2026-08-04T09:08,Synthetic Demo Data
REQ000370,612774,Kuduragere,Bangalore,KARNATAKA,Drainage,ವಸತಿ ಪ್ರದೇಶದ ಬಳಿ ಕಾಂಕ್ರೀಟ್ ಮುಚ್ಚಿದ ಚರಂಡಿ ನಿರ್ಮಿಸಲು ವಿನಂತಿ.,Kannada,Medium,2026-08-22T09:01,Synthetic Demo Data
REQ000371,612774,Kuduragere,Bangalore,KARNATAKA,Drainage,Residents are requesting proper concrete covered drainage near residential areas.,English,Medium,2026-08-11T18:00,Synthetic Demo Data
REQ000372,612774,Kuduragere,Bangalore,KARNATAKA,Waste Management,ಕಸವನ್ನು ನಿಯಮಿತವಾಗಿ ವಿಲೇವಾರಿ ಮಾಡಲಾಗುತ್ತಿಲ್ಲ.,Kannada,Medium,2026-09-10T13:36,Synthetic Demo Data
REQ000373,612774,Kuduragere,Bangalore,KARNATAKA,Education,Students have difficulty accessing nearby secondary education without bus.,English,High,2026-08-08T14:31,Synthetic Demo Data
REQ000374,612774,Kuduragere,Bangalore,KARNATAKA,Drainage,ಚರಂಡಿ ಕೊರತೆಯಿಂದ ನೀರು ನಿಂತು ಸೊಳ್ಳೆಗಳ ಕಾಟ ಹೆಚ್ಚಾಗಿದೆ.,Kannada,Medium,2026-08-31T08:23,Synthetic Demo Data
REQ000375,612774,Kuduragere,Bangalore,KARNATAKA,Waste Management,ಮನೆ ಮನೆಗೆ ತೆರಳಿ ಕಸ ಸಂಗ್ರಹಿಸುವ ವ್ಯವಸ್ಥೆ ಬೇಕು ಎಂದು ನಿವಾಸಿಗಳು ಕೋರುತ್ತಿದ್ದಾರೆ.,Kannada,Medium,2026-09-17T12:29,Synthetic Demo Data
REQ000376,612774,Kuduragere,Bangalore,KARNATAKA,Drainage,ಚರಂಡಿ ಕೊರತೆಯಿಂದ ನೀರು ನಿಂತು ಸೊಳ್ಳೆಗಳ ಕಾಟ ಹೆಚ್ಚಾಗಿದೆ.,Kannada,High,2026-08-18T16:28,Synthetic Demo Data
REQ000377,612774,Kuduragere,Bangalore,KARNATAKA,Waste Management,Residents are requesting a better door-to-door waste collection system.,English,Low,2026-07-18T15:20,Synthetic Demo Data
REQ000378,612774,Kuduragere,Bangalore,KARNATAKA,Digital Connectivity,Residents have limited access to high-speed internet and CSC services.,English,High,2026-08-20T16:18,Synthetic Demo Data
REQ000379,612775,Thammenahalli,Bangalore,KARNATAKA,Public Transport,People are requesting more reliable BMTC/KSRTC public transport services.,English,Medium,2026-08-11T18:17,Synthetic Demo Data
REQ000380,612775,Thammenahalli,Bangalore,KARNATAKA,Electricity,ಪದೇ ಪದೇ ವಿದ್ಯುತ್ ಕಡಿತವಾಗದಂತೆ ನಿರಂತರ ವಿದ್ಯುತ್ ನೀಡಲು ವಿನಂತಿ.,Kannada,Low,2026-07-26T11:43,Synthetic Demo Data
REQ000381,612775,Thammenahalli,Bangalore,KARNATAKA,Electricity,ಗ್ರಾಮದ ಪ್ರಮುಖ ರಸ್ತೆಗಳಲ್ಲಿ ಬೀದಿದೀಪಗಳ ಸೌಲಭ್ಯ ಕಲ್ಪಿಸಬೇಕಾಗಿದೆ.,Kannada,Medium,2026-07-27T20:51,Synthetic Demo Data
REQ000382,612775,Thammenahalli,Bangalore,KARNATAKA,Waste Management,Waste is accumulating near residential areas and temple road.,English,Medium,2026-07-18T15:15,Synthetic Demo Data
REQ000383,612775,Thammenahalli,Bangalore,KARNATAKA,Waste Management,ವಸತಿ ಪ್ರದೇಶಗಳ ಬಳಿ ಕಸ ಶೇಖರಣೆಯಾಗುತ್ತಿದೆ.,Kannada,Medium,2026-07-10T20:38,Synthetic Demo Data
REQ000384,612775,Thammenahalli,Bangalore,KARNATAKA,Healthcare,ಸ್ಥಳೀಯ ಆರೋಗ್ಯ ಸೇವೆಗಳು ಮತ್ತು ಔಷಧಿಗಳ ಲಭ್ಯತೆಯನ್ನು ಸುಧಾರಿಸಲು ವಿನಂತಿ.,Kannada,Low,2026-08-23T07:50,Synthetic Demo Data
REQ000385,612775,Thammenahalli,Bangalore,KARNATAKA,Banking,Residents have limited access to nearby banking services and have to travel 10 km.,English,Medium,2026-07-11T09:49,Synthetic Demo Data
REQ000386,612775,Thammenahalli,Bangalore,KARNATAKA,Waste Management,Garbage is not being collected regularly in residential lanes.,English,Medium,2026-07-06T18:48,Synthetic Demo Data
REQ000387,612775,Thammenahalli,Bangalore,KARNATAKA,Road,The main approach road near the village is damaged and difficult to use.,English,High,2026-08-03T13:32,Synthetic Demo Data
REQ000388,612775,Thammenahalli,Bangalore,KARNATAKA,Public Transport,People are requesting more reliable BMTC/KSRTC public transport services.,English,Medium,2026-08-27T17:25,Synthetic Demo Data
REQ000389,612775,Thammenahalli,Bangalore,KARNATAKA,Healthcare,Residents are requesting improved local healthcare access and medicine availability.,English,Medium,2026-08-14T06:30,Synthetic Demo Data
REQ000390,612775,Thammenahalli,Bangalore,KARNATAKA,Drainage,ಭಾರೀ ಮಳೆಯಾದಾಗ ಚರಂಡಿ ಉಕ್ಕಿ ಶಾಲೆ ಬಳಿ ನೀರು ನಿಲ್ಲುತ್ತದೆ.,Kannada,High,2026-07-19T17:19,Synthetic Demo Data
REQ000391,612775,Thammenahalli,Bangalore,KARNATAKA,Road,The road becomes waterlogged and difficult to travel on during the rainy season.,English,Medium,2026-08-30T09:28,Synthetic Demo Data
REQ000392,612775,Thammenahalli,Bangalore,KARNATAKA,Public Transport,ಬೆಳಿಗ್ಗೆ ಮತ್ತು ಸಂಜೆ ವೇಳೆಯಲ್ಲಿ ಹೆಚ್ಚಿನ ಬಸ್ ಸಂಚಾರ ಬೇಕಾಗಿದೆ.,Kannada,High,2026-07-15T06:54,Synthetic Demo Data
REQ000393,612775,Thammenahalli,Bangalore,KARNATAKA,Road,ಗ್ರಾಮದ ಮುಖ್ಯ ರಸ್ತೆ ಹಾಳಾಗಿದ್ದು ಸಂಚಾರಕ್ಕೆ ತೊಂದರೆಯಾಗಿದೆ.,Kannada,Low,2026-08-01T11:35,Synthetic Demo Data
REQ000394,612775,Thammenahalli,Bangalore,KARNATAKA,Waste Management,Waste is accumulating near residential areas and temple road.,English,High,2026-08-21T11:11,Synthetic Demo Data
REQ000395,612775,Thammenahalli,Bangalore,KARNATAKA,Digital Connectivity,ಗ್ರಾಮ ಪಂಚಾಯತ್ ವ್ಯಾಪ್ತಿಯಲ್ಲಿ ಬಾಪೂಜಿ ಸೇವಾ ಕೇಂದ್ರ / ಡಿಜಿಟಲ್ ಕೇಂದ್ರ ಬೇಕು.,Kannada,Medium,2026-07-26T20:37,Synthetic Demo Data
REQ000396,612775,Thammenahalli,Bangalore,KARNATAKA,Healthcare,ನಮ್ಮ ಗ್ರಾಮಕ್ಕೆ ಪ್ರಾಥಮಿಕ ಆರೋಗ್ಯ ಕೇಂದ್ರದ ಸುಲಭ ಪ್ರವೇಶ ಬೇಕಾಗಿದೆ.,Kannada,High,2026-07-09T09:51,Synthetic Demo Data
REQ000397,612776,Hanumantha Sagara,Bangalore,KARNATAKA,Electricity,ವೋಲ್ಟೇಜ್ ಏರಿಳಿತದಿಂದ ಪಂಪ್‌ಸೆಟ್‌ಗಳಿಗೆ ತೊಂದರೆಯಾಗುತ್ತಿದೆ.,Kannada,High,2026-07-15T14:42,Synthetic Demo Data
REQ000398,612776,Hanumantha Sagara,Bangalore,KARNATAKA,Electricity,ಗ್ರಾಮದ ಪ್ರಮುಖ ರಸ್ತೆಗಳಲ್ಲಿ ಬೀದಿದೀಪಗಳ ಸೌಲಭ್ಯ ಕಲ್ಪಿಸಬೇಕಾಗಿದೆ.,Kannada,High,2026-08-19T18:37,Synthetic Demo Data
REQ000399,612776,Hanumantha Sagara,Bangalore,KARNATAKA,Drainage,ಚರಂಡಿ ಕೊರತೆಯಿಂದ ನೀರು ನಿಂತು ಸೊಳ್ಳೆಗಳ ಕಾಟ ಹೆಚ್ಚಾಗಿದೆ.,Kannada,Medium,2026-08-08T08:43,Synthetic Demo Data
REQ000400,612776,Hanumantha Sagara,Bangalore,KARNATAKA,Drainage,ಚರಂಡಿ ಕೊರತೆಯಿಂದ ನೀರು ನಿಂತು ಸೊಳ್ಳೆಗಳ ಕಾಟ ಹೆಚ್ಚಾಗಿದೆ.,Kannada,High,2026-08-17T10:32,Synthetic Demo Data
REQ000401,612776,Hanumantha Sagara,Bangalore,KARNATAKA,Road,The road becomes waterlogged and difficult to travel on during the rainy season.,English,Medium,2026-07-24T21:40,Synthetic Demo Data
REQ000402,612776,Hanumantha Sagara,Bangalore,KARNATAKA,Healthcare,The village needs easier access to primary healthcare center.,English,Medium,2026-09-01T15:08,Synthetic Demo Data
REQ000403,612776,Hanumantha Sagara,Bangalore,KARNATAKA,Waste Management,Residents are requesting a better door-to-door waste collection system.,English,High,2026-08-15T06:31,Synthetic Demo Data
REQ000404,612776,Hanumantha Sagara,Bangalore,KARNATAKA,Drainage,Residents are requesting proper concrete covered drainage near residential areas.,English,Medium,2026-09-02T19:43,Synthetic Demo Data
REQ000405,612776,Hanumantha Sagara,Bangalore,KARNATAKA,Healthcare,Residents have limited access to a nearby health facility after 5 PM.,English,Medium,2026-07-11T06:50,Synthetic Demo Data
REQ000406,612776,Hanumantha Sagara,Bangalore,KARNATAKA,Digital Connectivity,ಹೈಸ್ಪೀಡ್ ಇಂಟರ್ನೆಟ್ ಮತ್ತು ಸಿಎಸ್ಸಿ ಸೇವೆಗಳು ಲಭ್ಯವಿಲ್ಲ.,Kannada,High,2026-08-06T11:49,Synthetic Demo Data
REQ000407,612776,Hanumantha Sagara,Bangalore,KARNATAKA,Healthcare,Residents have limited access to a nearby health facility after 5 PM.,English,Medium,2026-07-15T09:17,Synthetic Demo Data
REQ000408,612776,Hanumantha Sagara,Bangalore,KARNATAKA,Public Transport,Residents report limited public transport access to metro/train stations.,English,Medium,2026-07-06T20:34,Synthetic Demo Data
REQ000409,612776,Hanumantha Sagara,Bangalore,KARNATAKA,Waste Management,ಮನೆ ಮನೆಗೆ ತೆರಳಿ ಕಸ ಸಂಗ್ರಹಿಸುವ ವ್ಯವಸ್ಥೆ ಬೇಕು ಎಂದು ನಿವಾಸಿಗಳು ಕೋರುತ್ತಿದ್ದಾರೆ.,Kannada,Low,2026-08-01T15:55,Synthetic Demo Data
REQ000410,612776,Hanumantha Sagara,Bangalore,KARNATAKA,Banking,ಗ್ರಾಮದಲ್ಲಿ ಬ್ಯಾಂಕ್ ಸೇವೆಗಳು ಮತ್ತು ಸಾಲ ಸೌಲಭ್ಯಗಳು ಸುಲಭವಾಗಿ ಸಿಗುತ್ತಿಲ್ಲ.,Kannada,Low,2026-07-12T20:55,Synthetic Demo Data
REQ000411,612777,Heggadadevanapura,Bangalore,KARNATAKA,Banking,People are requesting easier access to ATM or banking kiosk services.,English,High,2026-09-14T17:55,Synthetic Demo Data
REQ000412,612777,Heggadadevanapura,Bangalore,KARNATAKA,Public Transport,The village needs better bus frequency during morning and evening hours.,English,Medium,2026-07-27T12:51,Synthetic Demo Data
REQ000413,612777,Heggadadevanapura,Bangalore,KARNATAKA,Water,ಗ್ರಾಮಕ್ಕೆ ಶುದ್ಧ ಕುಡಿಯುವ ನೀರಿನ ಆರ್‌ಒ ಘಟಕದ ಅಗತ್ಯವಿದೆ.,Kannada,Medium,2026-07-22T16:45,Synthetic Demo Data
REQ000414,612777,Heggadadevanapura,Bangalore,KARNATAKA,Waste Management,Residents are requesting a better door-to-door waste collection system.,English,Low,2026-07-13T10:48,Synthetic Demo Data
REQ000415,612777,Heggadadevanapura,Bangalore,KARNATAKA,Electricity,Residents report voltage fluctuations affecting agriculture pump sets.,English,Low,2026-07-17T10:15,Synthetic Demo Data
REQ000416,612777,Heggadadevanapura,Bangalore,KARNATAKA,Waste Management,ಕಸವನ್ನು ನಿಯಮಿತವಾಗಿ ವಿಲೇವಾರಿ ಮಾಡಲಾಗುತ್ತಿಲ್ಲ.,Kannada,Medium,2026-08-20T21:09,Synthetic Demo Data
REQ000417,612777,Heggadadevanapura,Bangalore,KARNATAKA,Education,ಸ್ಥಳೀಯ ಸರ್ಕಾರಿ ಶಾಲೆಯಲ್ಲಿ ಕಂಪ್ಯೂಟರ್ ಹಾಗೂ ಶೌಚಾಲಯ ಸೌಲಭ್ಯ ಕಲ್ಪಿಸಲು ಮನವಿ.,Kannada,Medium,2026-07-10T08:25,Synthetic Demo Data
REQ000418,612777,Heggadadevanapura,Bangalore,KARNATAKA,Healthcare,ಸಂಜೆ 5 ರ ನಂತರ ಸಮೀಪದ ಆರೋಗ್ಯ ಕೇಂದ್ರಕ್ಕೆ ಹೋಗಲು ಕಷ್ಟವಾಗುತ್ತಿದೆ.,Kannada,Medium,2026-09-01T16:37,Synthetic Demo Data
REQ000419,612777,Heggadadevanapura,Bangalore,KARNATAKA,Water,Water supply pressure is insufficient for residents on higher lanes.,English,High,2026-08-28T17:54,Synthetic Demo Data
REQ000420,612777,Heggadadevanapura,Bangalore,KARNATAKA,Water,ಬೇಸಿಗೆಯಲ್ಲಿ ಶುದ್ಧ ಕುಡಿಯುವ ನೀರಿನ ಕೊರತೆ ಎದುರಾಗುತ್ತಿದೆ.,Kannada,Low,2026-07-28T21:17,Synthetic Demo Data
REQ000421,612777,Heggadadevanapura,Bangalore,KARNATAKA,Road,ಮಳೆಗಾಲದಲ್ಲಿ ರಸ್ತೆಯಲ್ಲಿ ನೀರು ನಿಂತು ವಾಹನ ಚಾಲನೆ ಕಷ್ಟವಾಗುತ್ತದೆ.,Kannada,Medium,2026-09-11T21:50,Synthetic Demo Data
REQ000422,612777,Heggadadevanapura,Bangalore,KARNATAKA,Road,The main approach road near the village is damaged and difficult to use.,English,High,2026-08-28T06:07,Synthetic Demo Data
REQ000423,612777,Heggadadevanapura,Bangalore,KARNATAKA,Banking,ಗ್ರಾಮದಲ್ಲಿ ಬ್ಯಾಂಕ್ ಸೇವೆಗಳು ಮತ್ತು ಸಾಲ ಸೌಲಭ್ಯಗಳು ಸುಲಭವಾಗಿ ಸಿಗುತ್ತಿಲ್ಲ.,Kannada,High,2026-08-24T12:44,Synthetic Demo Data
REQ000424,612777,Heggadadevanapura,Bangalore,KARNATAKA,Banking,The village needs better access to banking facilities and loan services.,English,High,2026-08-05T08:41,Synthetic Demo Data
REQ000425,612777,Heggadadevanapura,Bangalore,KARNATAKA,Road,ಮಳೆಗಾಲದಲ್ಲಿ ರಸ್ತೆಯಲ್ಲಿ ನೀರು ನಿಂತು ವಾಹನ ಚಾಲನೆ ಕಷ್ಟವಾಗುತ್ತದೆ.,Kannada,Low,2026-07-22T07:25,Synthetic Demo Data
REQ000426,612777,Heggadadevanapura,Bangalore,KARNATAKA,Digital Connectivity,People are requesting a local digital service facility (Bapuji Seva Kendra).,English,Medium,2026-07-12T09:00,Synthetic Demo Data
REQ000427,612777,Heggadadevanapura,Bangalore,KARNATAKA,Waste Management,ಮನೆ ಮನೆಗೆ ತೆರಳಿ ಕಸ ಸಂಗ್ರಹಿಸುವ ವ್ಯವಸ್ಥೆ ಬೇಕು ಎಂದು ನಿವಾಸಿಗಳು ಕೋರುತ್ತಿದ್ದಾರೆ.,Kannada,High,2026-08-26T06:00,Synthetic Demo Data
REQ000428,612777,Heggadadevanapura,Bangalore,KARNATAKA,Public Transport,Residents report limited public transport access to metro/train stations.,English,Medium,2026-08-31T08:14,Synthetic Demo Data
REQ000429,612777,Heggadadevanapura,Bangalore,KARNATAKA,Healthcare,The village needs easier access to primary healthcare center.,English,High,2026-08-17T15:08,Synthetic Demo Data
REQ000430,612777,Heggadadevanapura,Bangalore,KARNATAKA,Healthcare,The village needs easier access to primary healthcare center.,English,Medium,2026-07-19T08:33,Synthetic Demo Data
REQ000431,612777,Heggadadevanapura,Bangalore,KARNATAKA,Education,Students have difficulty accessing nearby secondary education without bus.,English,Medium,2026-07-28T10:58,Synthetic Demo Data
REQ000432,612777,Heggadadevanapura,Bangalore,KARNATAKA,Healthcare,The village needs easier access to primary healthcare center.,English,High,2026-07-13T10:48,Synthetic Demo Data
REQ000433,612777,Heggadadevanapura,Bangalore,KARNATAKA,Drainage,Poor drainage is causing stagnant water and mosquito breeding in the village.,English,Low,2026-08-10T10:15,Synthetic Demo Data
REQ000434,612777,Heggadadevanapura,Bangalore,KARNATAKA,Waste Management,ಮನೆ ಮನೆಗೆ ತೆರಳಿ ಕಸ ಸಂಗ್ರಹಿಸುವ ವ್ಯವಸ್ಥೆ ಬೇಕು ಎಂದು ನಿವಾಸಿಗಳು ಕೋರುತ್ತಿದ್ದಾರೆ.,Kannada,Medium,2026-09-16T15:49,Synthetic Demo Data
REQ000435,612777,Heggadadevanapura,Bangalore,KARNATAKA,Banking,"ಬ್ಯಾಂಕಿಂಗ್ ಸೇವೆಗೆ 10 ಕಿ.ಮೀ ದೂರ ಹೋಗಬೇಕಾಗಿದ್ದು, ಸ್ಥಳೀಯ ಕಿಯೋಸ್ಕ್ ಅಗತ್ಯವಿದೆ.",Kannada,Low,2026-07-27T12:47,Synthetic Demo Data
REQ000436,612777,Heggadadevanapura,Bangalore,KARNATAKA,Healthcare,The village needs easier access to primary healthcare center.,English,Medium,2026-07-15T13:31,Synthetic Demo Data
REQ000437,612777,Heggadadevanapura,Bangalore,KARNATAKA,Digital Connectivity,ಗ್ರಾಮ ಪಂಚಾಯತ್ ವ್ಯಾಪ್ತಿಯಲ್ಲಿ ಬಾಪೂಜಿ ಸೇವಾ ಕೇಂದ್ರ / ಡಿಜಿಟಲ್ ಕೇಂದ್ರ ಬೇಕು.,Kannada,Low,2026-08-10T10:24,Synthetic Demo Data
REQ000438,612777,Heggadadevanapura,Bangalore,KARNATAKA,Banking,The village needs better access to banking facilities and loan services.,English,Medium,2026-07-23T21:49,Synthetic Demo Data
REQ000439,612777,Heggadadevanapura,Bangalore,KARNATAKA,Drainage,Drainage overflows during heavy rain and causes waterlogging near the school.,English,High,2026-07-06T07:50,Synthetic Demo Data
REQ000440,612777,Heggadadevanapura,Bangalore,KARNATAKA,Healthcare,ಸ್ಥಳೀಯ ಆರೋಗ್ಯ ಸೇವೆಗಳು ಮತ್ತು ಔಷಧಿಗಳ ಲಭ್ಯತೆಯನ್ನು ಸುಧಾರಿಸಲು ವಿನಂತಿ.,Kannada,Medium,2026-08-23T19:44,Synthetic Demo Data
REQ000441,612777,Heggadadevanapura,Bangalore,KARNATAKA,Healthcare,Residents are requesting improved local healthcare access and medicine availability.,English,Medium,2026-08-05T08:19,Synthetic Demo Data
REQ000442,612777,Heggadadevanapura,Bangalore,KARNATAKA,Drainage,Drainage overflows during heavy rain and causes waterlogging near the school.,English,Medium,2026-08-20T08:19,Synthetic Demo Data
REQ000443,612777,Heggadadevanapura,Bangalore,KARNATAKA,Public Transport,The village needs better bus frequency during morning and evening hours.,English,High,2026-07-12T19:07,Synthetic Demo Data
REQ000444,612777,Heggadadevanapura,Bangalore,KARNATAKA,Healthcare,Residents have limited access to a nearby health facility after 5 PM.,English,Medium,2026-07-23T09:00,Synthetic Demo Data
REQ000445,612777,Heggadadevanapura,Bangalore,KARNATAKA,Public Transport,The village needs better bus frequency during morning and evening hours.,English,Medium,2026-08-14T14:10,Synthetic Demo Data
REQ000446,612777,Heggadadevanapura,Bangalore,KARNATAKA,Road,Residents are requesting improvement of road connectivity to the taluk center.,English,Medium,2026-07-16T06:21,Synthetic Demo Data
REQ000447,612777,Heggadadevanapura,Bangalore,KARNATAKA,Electricity,ಪದೇ ಪದೇ ವಿದ್ಯುತ್ ಕಡಿತವಾಗದಂತೆ ನಿರಂತರ ವಿದ್ಯುತ್ ನೀಡಲು ವಿನಂತಿ.,Kannada,High,2026-09-12T08:31,Synthetic Demo Data
REQ000448,612777,Heggadadevanapura,Bangalore,KARNATAKA,Healthcare,ಸಂಜೆ 5 ರ ನಂತರ ಸಮೀಪದ ಆರೋಗ್ಯ ಕೇಂದ್ರಕ್ಕೆ ಹೋಗಲು ಕಷ್ಟವಾಗುತ್ತಿದೆ.,Kannada,Low,2026-07-22T17:10,Synthetic Demo Data
REQ000449,612777,Heggadadevanapura,Bangalore,KARNATAKA,Waste Management,ಮನೆ ಮನೆಗೆ ತೆರಳಿ ಕಸ ಸಂಗ್ರಹಿಸುವ ವ್ಯವಸ್ಥೆ ಬೇಕು ಎಂದು ನಿವಾಸಿಗಳು ಕೋರುತ್ತಿದ್ದಾರೆ.,Kannada,Medium,2026-07-15T13:47,Synthetic Demo Data
REQ000450,612777,Heggadadevanapura,Bangalore,KARNATAKA,Healthcare,ನಮ್ಮ ಗ್ರಾಮಕ್ಕೆ ಪ್ರಾಥಮಿಕ ಆರೋಗ್ಯ ಕೇಂದ್ರದ ಸುಲಭ ಪ್ರವೇಶ ಬೇಕಾಗಿದೆ.,Kannada,High,2026-08-30T17:24,Synthetic Demo Data
REQ000451,612777,Heggadadevanapura,Bangalore,KARNATAKA,Banking,ಎಟಿಎಂ ಅಥವಾ ಗ್ರಾಮ ಬ್ಯಾಂಕಿಂಗ್ ಸೇವೆ ಒದಗಿಸಲು ಸಾರ್ವಜನಿಕರ ಮನವಿ.,Kannada,Medium,2026-08-23T13:20,Synthetic Demo Data
REQ000452,612777,Heggadadevanapura,Bangalore,KARNATAKA,Waste Management,Waste is accumulating near residential areas and temple road.,English,High,2026-07-10T17:07,Synthetic Demo Data
REQ000453,612778,Makali,Bangalore,KARNATAKA,Education,Students have difficulty accessing nearby secondary education without bus.,English,High,2026-09-05T07:25,Synthetic Demo Data
REQ000454,612778,Makali,Bangalore,KARNATAKA,Water,ಗ್ರಾಮಕ್ಕೆ ಶುದ್ಧ ಕುಡಿಯುವ ನೀರಿನ ಆರ್‌ಒ ಘಟಕದ ಅಗತ್ಯವಿದೆ.,Kannada,Medium,2026-08-09T16:05,Synthetic Demo Data
REQ000455,612778,Makali,Bangalore,KARNATAKA,Education,ಬಸ್ ಕೊರತೆಯಿಂದ ವಿದ್ಯಾರ್ಥಿಗಳಿಗೆ ಪ್ರೌಢಶಾಲೆಗೆ ಹೋಗಲು ತೊಂದರೆಯಾಗಿದೆ.,Kannada,High,2026-08-08T13:29,Synthetic Demo Data
REQ000456,612778,Makali,Bangalore,KARNATAKA,Road,सड़क की हालत खराब है और मरम्मत की जरूरत है।,Hindi,Medium,2026-09-08T13:09,Synthetic Demo Data
REQ000457,612778,Makali,Bangalore,KARNATAKA,Water,ಬೇಸಿಗೆಯಲ್ಲಿ ಶುದ್ಧ ಕುಡಿಯುವ ನೀರಿನ ಕೊರತೆ ಎದುರಾಗುತ್ತಿದೆ.,Kannada,Medium,2026-07-02T16:00,Synthetic Demo Data
REQ000458,612778,Makali,Bangalore,KARNATAKA,Electricity,ಗ್ರಾಮದ ಪ್ರಮುಖ ರಸ್ತೆಗಳಲ್ಲಿ ಬೀದಿದೀಪಗಳ ಸೌಲಭ್ಯ ಕಲ್ಪಿಸಬೇಕಾಗಿದೆ.,Kannada,Medium,2026-07-14T12:33,Synthetic Demo Data
REQ000459,612778,Makali,Bangalore,KARNATAKA,Banking,ಎಟಿಎಂ ಅಥವಾ ಗ್ರಾಮ ಬ್ಯಾಂಕಿಂಗ್ ಸೇವೆ ಒದಗಿಸಲು ಸಾರ್ವಜನಿಕರ ಮನವಿ.,Kannada,Low,2026-07-19T14:05,Synthetic Demo Data
REQ000460,612778,Makali,Bangalore,KARNATAKA,Water,ಮೇಲ್ಭಾಗದ ಬಡಾವಣೆಗಳಿಗೆ ನೀರಿನ ಸರಬರಾಜು ಒತ್ತಡ ಸಾಲುತ್ತಿಲ್ಲ.,Kannada,Medium,2026-08-17T20:47,Synthetic Demo Data
REQ000461,612778,Makali,Bangalore,KARNATAKA,Drainage,ಭಾರೀ ಮಳೆಯಾದಾಗ ಚರಂಡಿ ಉಕ್ಕಿ ಶಾಲೆ ಬಳಿ ನೀರು ನಿಲ್ಲುತ್ತದೆ.,Kannada,Medium,2026-08-20T08:37,Synthetic Demo Data
REQ000462,612778,Makali,Bangalore,KARNATAKA,Education,ಬಸ್ ಕೊರತೆಯಿಂದ ವಿದ್ಯಾರ್ಥಿಗಳಿಗೆ ಪ್ರೌಢಶಾಲೆಗೆ ಹೋಗಲು ತೊಂದರೆಯಾಗಿದೆ.,Kannada,High,2026-08-03T16:59,Synthetic Demo Data
REQ000463,612778,Makali,Bangalore,KARNATAKA,Electricity,The village needs improved electricity infrastructure and street lighting.,English,High,2026-08-27T14:14,Synthetic Demo Data
REQ000464,612778,Makali,Bangalore,KARNATAKA,Water,ಮೇಲ್ಭಾಗದ ಬಡಾವಣೆಗಳಿಗೆ ನೀರಿನ ಸರಬರಾಜು ಒತ್ತಡ ಸಾಲುತ್ತಿಲ್ಲ.,Kannada,High,2026-07-14T11:28,Synthetic Demo Data
REQ000465,612778,Makali,Bangalore,KARNATAKA,Healthcare,ಸ್ಥಳೀಯ ಆರೋಗ್ಯ ಸೇವೆಗಳು ಮತ್ತು ಔಷಧಿಗಳ ಲಭ್ಯತೆಯನ್ನು ಸುಧಾರಿಸಲು ವಿನಂತಿ.,Kannada,Medium,2026-07-27T20:19,Synthetic Demo Data
REQ000466,612778,Makali,Bangalore,KARNATAKA,Healthcare,The village needs easier access to primary healthcare center.,English,High,2026-08-08T07:13,Synthetic Demo Data
REQ000467,612778,Makali,Bangalore,KARNATAKA,Banking,ಎಟಿಎಂ ಅಥವಾ ಗ್ರಾಮ ಬ್ಯಾಂಕಿಂಗ್ ಸೇವೆ ಒದಗಿಸಲು ಸಾರ್ವಜನಿಕರ ಮನವಿ.,Kannada,Medium,2026-08-15T18:32,Synthetic Demo Data
REQ000468,612778,Makali,Bangalore,KARNATAKA,Water,ಬೇಸಿಗೆಯಲ್ಲಿ ಶುದ್ಧ ಕುಡಿಯುವ ನೀರಿನ ಕೊರತೆ ಎದುರಾಗುತ್ತಿದೆ.,Kannada,High,2026-08-21T20:35,Synthetic Demo Data
REQ000469,612778,Makali,Bangalore,KARNATAKA,Electricity,ವೋಲ್ಟೇಜ್ ಏರಿಳಿತದಿಂದ ಪಂಪ್‌ಸೆಟ್‌ಗಳಿಗೆ ತೊಂದರೆಯಾಗುತ್ತಿದೆ.,Kannada,High,2026-07-18T09:00,Synthetic Demo Data
REQ000470,612778,Makali,Bangalore,KARNATAKA,Water,Residents report difficulty getting reliable drinking water in summer.,English,High,2026-08-21T17:43,Synthetic Demo Data
REQ000471,612778,Makali,Bangalore,KARNATAKA,Digital Connectivity,The village needs better mobile network coverage in interior areas.,English,Medium,2026-07-10T06:04,Synthetic Demo Data
REQ000472,612778,Makali,Bangalore,KARNATAKA,Waste Management,Garbage is not being collected regularly in residential lanes.,English,High,2026-08-12T09:02,Synthetic Demo Data
REQ000473,612778,Makali,Bangalore,KARNATAKA,Banking,"ಬ್ಯಾಂಕಿಂಗ್ ಸೇವೆಗೆ 10 ಕಿ.ಮೀ ದೂರ ಹೋಗಬೇಕಾಗಿದ್ದು, ಸ್ಥಳೀಯ ಕಿಯೋಸ್ಕ್ ಅಗತ್ಯವಿದೆ.",Kannada,Medium,2026-08-20T21:01,Synthetic Demo Data
REQ000474,612778,Makali,Bangalore,KARNATAKA,Road,ತಾಲೂಕು ಕೇಂದ್ರಕ್ಕೆ ಸಂಪರ್ಕ ಕಲ್ಪಿಸುವ ರಸ್ತೆ ಸುಧಾರಣೆಗೆ ಗ್ರಾಮಸ್ಥರ ಮನವಿ.,Kannada,High,2026-07-24T14:17,Synthetic Demo Data
REQ000475,612778,Makali,Bangalore,KARNATAKA,Healthcare,ಸ್ಥಳೀಯ ಆರೋಗ್ಯ ಸೇವೆಗಳು ಮತ್ತು ಔಷಧಿಗಳ ಲಭ್ಯತೆಯನ್ನು ಸುಧಾರಿಸಲು ವಿನಂತಿ.,Kannada,Medium,2026-08-01T15:31,Synthetic Demo Data
REQ000476,612778,Makali,Bangalore,KARNATAKA,Road,The main approach road near the village is damaged and difficult to use.,English,High,2026-08-19T10:26,Synthetic Demo Data
REQ000477,612778,Makali,Bangalore,KARNATAKA,Waste Management,Residents are requesting a better door-to-door waste collection system.,English,High,2026-09-08T06:24,Synthetic Demo Data
REQ000478,612778,Makali,Bangalore,KARNATAKA,Electricity,ಗ್ರಾಮದ ಪ್ರಮುಖ ರಸ್ತೆಗಳಲ್ಲಿ ಬೀದಿದೀಪಗಳ ಸೌಲಭ್ಯ ಕಲ್ಪಿಸಬೇಕಾಗಿದೆ.,Kannada,Medium,2026-08-14T16:24,Synthetic Demo Data
REQ000479,612778,Makali,Bangalore,KARNATAKA,Waste Management,ಮನೆ ಮನೆಗೆ ತೆರಳಿ ಕಸ ಸಂಗ್ರಹಿಸುವ ವ್ಯವಸ್ಥೆ ಬೇಕು ಎಂದು ನಿವಾಸಿಗಳು ಕೋರುತ್ತಿದ್ದಾರೆ.,Kannada,High,2026-08-05T07:51,Synthetic Demo Data
REQ000480,612778,Makali,Bangalore,KARNATAKA,Banking,"ಬ್ಯಾಂಕಿಂಗ್ ಸೇವೆಗೆ 10 ಕಿ.ಮೀ ದೂರ ಹೋಗಬೇಕಾಗಿದ್ದು, ಸ್ಥಳೀಯ ಕಿಯೋಸ್ಕ್ ಅಗತ್ಯವಿದೆ.",Kannada,Low,2026-07-21T09:15,Synthetic Demo Data
REQ000481,612778,Makali,Bangalore,KARNATAKA,Public Transport,ವಿಶ್ವಾಸಾರ್ಹ ಸಾರಿಗೆ ಬಸ್ ಸೇವೆಗಳನ್ನು ಹೆಚ್ಚಿಸಲು ವಿನಂತಿ.,Kannada,High,2026-07-29T18:22,Synthetic Demo Data
REQ000482,612779,Adakamaranahalli,Bangalore,KARNATAKA,Banking,गांव में एटीएम या बैंकिंग सुविधा उपलब्ध कराई जाए।,Hindi,High,2026-09-14T16:51,Synthetic Demo Data
REQ000483,612779,Adakamaranahalli,Bangalore,KARNATAKA,Public Transport,ವಿಶ್ವಾಸಾರ್ಹ ಸಾರಿಗೆ ಬಸ್ ಸೇವೆಗಳನ್ನು ಹೆಚ್ಚಿಸಲು ವಿನಂತಿ.,Kannada,High,2026-08-15T10:36,Synthetic Demo Data
REQ000484,612779,Adakamaranahalli,Bangalore,KARNATAKA,Banking,The village needs better access to banking facilities and loan services.,English,Medium,2026-07-23T21:02,Synthetic Demo Data
REQ000485,612779,Adakamaranahalli,Bangalore,KARNATAKA,Drainage,ಭಾರೀ ಮಳೆಯಾದಾಗ ಚರಂಡಿ ಉಕ್ಕಿ ಶಾಲೆ ಬಳಿ ನೀರು ನಿಲ್ಲುತ್ತದೆ.,Kannada,High,2026-08-31T06:21,Synthetic Demo Data
REQ000486,612779,Adakamaranahalli,Bangalore,KARNATAKA,Banking,ಎಟಿಎಂ ಅಥವಾ ಗ್ರಾಮ ಬ್ಯಾಂಕಿಂಗ್ ಸೇವೆ ಒದಗಿಸಲು ಸಾರ್ವಜನಿಕರ ಮನವಿ.,Kannada,High,2026-07-23T16:03,Synthetic Demo Data
REQ000487,612779,Adakamaranahalli,Bangalore,KARNATAKA,Water,Residents report difficulty getting reliable drinking water in summer.,English,Medium,2026-09-06T17:04,Synthetic Demo Data
REQ000488,612779,Adakamaranahalli,Bangalore,KARNATAKA,Road,Residents are requesting improvement of road connectivity to the taluk center.,English,Medium,2026-08-13T15:20,Synthetic Demo Data
REQ000489,612779,Adakamaranahalli,Bangalore,KARNATAKA,Drainage,ಚರಂಡಿ ಕೊರತೆಯಿಂದ ನೀರು ನಿಂತು ಸೊಳ್ಳೆಗಳ ಕಾಟ ಹೆಚ್ಚಾಗಿದೆ.,Kannada,Medium,2026-09-01T16:11,Synthetic Demo Data
REQ000490,612779,Adakamaranahalli,Bangalore,KARNATAKA,Public Transport,People are requesting more reliable BMTC/KSRTC public transport services.,English,Medium,2026-07-29T11:24,Synthetic Demo Data
REQ000491,612779,Adakamaranahalli,Bangalore,KARNATAKA,Waste Management,Garbage is not being collected regularly in residential lanes.,English,High,2026-07-01T18:54,Synthetic Demo Data
REQ000492,612779,Adakamaranahalli,Bangalore,KARNATAKA,Banking,गांव में एटीएम या बैंकिंग सुविधा उपलब्ध कराई जाए।,Hindi,High,2026-08-10T13:40,Synthetic Demo Data
REQ000493,612779,Adakamaranahalli,Bangalore,KARNATAKA,Education,Students have difficulty accessing nearby secondary education without bus.,English,High,2026-07-10T13:22,Synthetic Demo Data
REQ000494,612779,Adakamaranahalli,Bangalore,KARNATAKA,Banking,ಎಟಿಎಂ ಅಥವಾ ಗ್ರಾಮ ಬ್ಯಾಂಕಿಂಗ್ ಸೇವೆ ಒದಗಿಸಲು ಸಾರ್ವಜನಿಕರ ಮನವಿ.,Kannada,Low,2026-08-12T20:00,Synthetic Demo Data
REQ000495,612779,Adakamaranahalli,Bangalore,KARNATAKA,Waste Management,ಕಸವನ್ನು ನಿಯಮಿತವಾಗಿ ವಿಲೇವಾರಿ ಮಾಡಲಾಗುತ್ತಿಲ್ಲ.,Kannada,Medium,2026-07-14T06:03,Synthetic Demo Data
REQ000496,612779,Adakamaranahalli,Bangalore,KARNATAKA,Healthcare,The village needs easier access to primary healthcare center.,English,Low,2026-09-02T18:22,Synthetic Demo Data
REQ000497,612779,Adakamaranahalli,Bangalore,KARNATAKA,Healthcare,ಸಂಜೆ 5 ರ ನಂತರ ಸಮೀಪದ ಆರೋಗ್ಯ ಕೇಂದ್ರಕ್ಕೆ ಹೋಗಲು ಕಷ್ಟವಾಗುತ್ತಿದೆ.,Kannada,Medium,2026-09-12T13:10,Synthetic Demo Data
REQ000498,612779,Adakamaranahalli,Bangalore,KARNATAKA,Healthcare,The village needs easier access to primary healthcare center.,English,High,2026-08-10T14:06,Synthetic Demo Data
REQ000499,612779,Adakamaranahalli,Bangalore,KARNATAKA,Drainage,ಚರಂಡಿ ಕೊರತೆಯಿಂದ ನೀರು ನಿಂತು ಸೊಳ್ಳೆಗಳ ಕಾಟ ಹೆಚ್ಚಾಗಿದೆ.,Kannada,High,2026-07-10T08:21,Synthetic Demo Data
REQ000500,612779,Adakamaranahalli,Bangalore,KARNATAKA,Education,Residents are requesting better facilities and computers in the local school.,English,Medium,2026-08-25T11:38,Synthetic Demo Data
REQ000501,612779,Adakamaranahalli,Bangalore,KARNATAKA,Banking,ಎಟಿಎಂ ಅಥವಾ ಗ್ರಾಮ ಬ್ಯಾಂಕಿಂಗ್ ಸೇವೆ ಒದಗಿಸಲು ಸಾರ್ವಜನಿಕರ ಮನವಿ.,Kannada,High,2026-07-25T19:44,Synthetic Demo Data
REQ000502,612779,Adakamaranahalli,Bangalore,KARNATAKA,Education,The village needs improved educational facilities and playground repair.,English,High,2026-08-06T15:15,Synthetic Demo Data
REQ000503,612779,Adakamaranahalli,Bangalore,KARNATAKA,Drainage,ವಸತಿ ಪ್ರದೇಶದ ಬಳಿ ಕಾಂಕ್ರೀಟ್ ಮುಚ್ಚಿದ ಚರಂಡಿ ನಿರ್ಮಿಸಲು ವಿನಂತಿ.,Kannada,Low,2026-07-20T07:23,Synthetic Demo Data
REQ000504,612779,Adakamaranahalli,Bangalore,KARNATAKA,Water,ಮೇಲ್ಭಾಗದ ಬಡಾವಣೆಗಳಿಗೆ ನೀರಿನ ಸರಬರಾಜು ಒತ್ತಡ ಸಾಲುತ್ತಿಲ್ಲ.,Kannada,Medium,2026-08-31T12:06,Synthetic Demo Data
REQ000505,612779,Adakamaranahalli,Bangalore,KARNATAKA,Water,ಗ್ರಾಮಕ್ಕೆ ಶುದ್ಧ ಕುಡಿಯುವ ನೀರಿನ ಆರ್‌ಒ ಘಟಕದ ಅಗತ್ಯವಿದೆ.,Kannada,Low,2026-08-30T09:19,Synthetic Demo Data
REQ000506,612779,Adakamaranahalli,Bangalore,KARNATAKA,Electricity,ಗ್ರಾಮದ ಪ್ರಮುಖ ರಸ್ತೆಗಳಲ್ಲಿ ಬೀದಿದೀಪಗಳ ಸೌಲಭ್ಯ ಕಲ್ಪಿಸಬೇಕಾಗಿದೆ.,Kannada,High,2026-09-08T18:11,Synthetic Demo Data
REQ000507,612779,Adakamaranahalli,Bangalore,KARNATAKA,Road,ಗ್ರಾಮದ ಮುಖ್ಯ ರಸ್ತೆ ಹಾಳಾಗಿದ್ದು ಸಂಚಾರಕ್ಕೆ ತೊಂದರೆಯಾಗಿದೆ.,Kannada,Medium,2026-08-03T20:29,Synthetic Demo Data
REQ000508,612779,Adakamaranahalli,Bangalore,KARNATAKA,Waste Management,Residents are requesting a better door-to-door waste collection system.,English,High,2026-07-13T08:42,Synthetic Demo Data
REQ000509,612779,Adakamaranahalli,Bangalore,KARNATAKA,Road,ಮಳೆಗಾಲದಲ್ಲಿ ರಸ್ತೆಯಲ್ಲಿ ನೀರು ನಿಂತು ವಾಹನ ಚಾಲನೆ ಕಷ್ಟವಾಗುತ್ತದೆ.,Kannada,High,2026-07-08T18:52,Synthetic Demo Data
REQ000510,612779,Adakamaranahalli,Bangalore,KARNATAKA,Healthcare,प्राथमिक स्वास्थ्य केंद्र में बेहतर सुविधाओं की आवश्यकता है।,Hindi,Low,2026-08-30T13:30,Synthetic Demo Data
REQ000511,612779,Adakamaranahalli,Bangalore,KARNATAKA,Waste Management,ಮನೆ ಮನೆಗೆ ತೆರಳಿ ಕಸ ಸಂಗ್ರಹಿಸುವ ವ್ಯವಸ್ಥೆ ಬೇಕು ಎಂದು ನಿವಾಸಿಗಳು ಕೋರುತ್ತಿದ್ದಾರೆ.,Kannada,High,2026-09-12T10:07,Synthetic Demo Data
REQ000512,612779,Adakamaranahalli,Bangalore,KARNATAKA,Banking,ಎಟಿಎಂ ಅಥವಾ ಗ್ರಾಮ ಬ್ಯಾಂಕಿಂಗ್ ಸೇವೆ ಒದಗಿಸಲು ಸಾರ್ವಜನಿಕರ ಮನವಿ.,Kannada,Low,2026-07-25T10:02,Synthetic Demo Data
REQ000513,612779,Adakamaranahalli,Bangalore,KARNATAKA,Healthcare,प्राथमिक स्वास्थ्य केंद्र में बेहतर सुविधाओं की आवश्यकता है।,Hindi,High,2026-07-19T14:20,Synthetic Demo Data
REQ000514,612779,Adakamaranahalli,Bangalore,KARNATAKA,Banking,People are requesting easier access to ATM or banking kiosk services.,English,High,2026-09-10T18:35,Synthetic Demo Data
REQ000515,612779,Adakamaranahalli,Bangalore,KARNATAKA,Road,ತಾಲೂಕು ಕೇಂದ್ರಕ್ಕೆ ಸಂಪರ್ಕ ಕಲ್ಪಿಸುವ ರಸ್ತೆ ಸುಧಾರಣೆಗೆ ಗ್ರಾಮಸ್ಥರ ಮನವಿ.,Kannada,Low,2026-07-02T19:07,Synthetic Demo Data
REQ000516,612779,Adakamaranahalli,Bangalore,KARNATAKA,Healthcare,ಸ್ಥಳೀಯ ಆರೋಗ್ಯ ಸೇವೆಗಳು ಮತ್ತು ಔಷಧಿಗಳ ಲಭ್ಯತೆಯನ್ನು ಸುಧಾರಿಸಲು ವಿನಂತಿ.,Kannada,Medium,2026-07-13T09:36,Synthetic Demo Data
REQ000517,612779,Adakamaranahalli,Bangalore,KARNATAKA,Electricity,The village needs improved electricity infrastructure and street lighting.,English,Low,2026-08-22T14:24,Synthetic Demo Data
REQ000518,612779,Adakamaranahalli,Bangalore,KARNATAKA,Digital Connectivity,Residents have limited access to high-speed internet and CSC services.,English,High,2026-08-05T18:09,Synthetic Demo Data
REQ000519,612780,Dasanapura,Bangalore,KARNATAKA,Digital Connectivity,Residents have limited access to high-speed internet and CSC services.,English,High,2026-08-12T13:03,Synthetic Demo Data
REQ000520,612780,Dasanapura,Bangalore,KARNATAKA,Electricity,Residents report voltage fluctuations affecting agriculture pump sets.,English,High,2026-08-08T15:17,Synthetic Demo Data
REQ000521,612780,Dasanapura,Bangalore,KARNATAKA,Banking,Residents have limited access to nearby banking services and have to travel 10 km.,English,High,2026-07-30T10:19,Synthetic Demo Data
REQ000522,612780,Dasanapura,Bangalore,KARNATAKA,Banking,ಗ್ರಾಮದಲ್ಲಿ ಬ್ಯಾಂಕ್ ಸೇವೆಗಳು ಮತ್ತು ಸಾಲ ಸೌಲಭ್ಯಗಳು ಸುಲಭವಾಗಿ ಸಿಗುತ್ತಿಲ್ಲ.,Kannada,High,2026-08-23T08:12,Synthetic Demo Data
REQ000523,612780,Dasanapura,Bangalore,KARNATAKA,Healthcare,Residents have limited access to a nearby health facility after 5 PM.,English,Medium,2026-09-05T17:52,Synthetic Demo Data
REQ000524,612780,Dasanapura,Bangalore,KARNATAKA,Water,Residents report difficulty getting reliable drinking water in summer.,English,High,2026-09-03T18:08,Synthetic Demo Data
REQ000525,612780,Dasanapura,Bangalore,KARNATAKA,Electricity,ಗ್ರಾಮದ ಪ್ರಮುಖ ರಸ್ತೆಗಳಲ್ಲಿ ಬೀದಿದೀಪಗಳ ಸೌಲಭ್ಯ ಕಲ್ಪಿಸಬೇಕಾಗಿದೆ.,Kannada,High,2026-07-25T12:53,Synthetic Demo Data
REQ000526,612780,Dasanapura,Bangalore,KARNATAKA,Water,ಬೇಸಿಗೆಯಲ್ಲಿ ಶುದ್ಧ ಕುಡಿಯುವ ನೀರಿನ ಕೊರತೆ ಎದುರಾಗುತ್ತಿದೆ.,Kannada,Low,2026-07-26T14:23,Synthetic Demo Data
REQ000527,612780,Dasanapura,Bangalore,KARNATAKA,Banking,"ಬ್ಯಾಂಕಿಂಗ್ ಸೇವೆಗೆ 10 ಕಿ.ಮೀ ದೂರ ಹೋಗಬೇಕಾಗಿದ್ದು, ಸ್ಥಳೀಯ ಕಿಯೋಸ್ಕ್ ಅಗತ್ಯವಿದೆ.",Kannada,Low,2026-07-04T13:23,Synthetic Demo Data
REQ000528,612780,Dasanapura,Bangalore,KARNATAKA,Healthcare,ಸಂಜೆ 5 ರ ನಂತರ ಸಮೀಪದ ಆರೋಗ್ಯ ಕೇಂದ್ರಕ್ಕೆ ಹೋಗಲು ಕಷ್ಟವಾಗುತ್ತಿದೆ.,Kannada,Medium,2026-08-14T17:10,Synthetic Demo Data
REQ000529,612780,Dasanapura,Bangalore,KARNATAKA,Banking,"ಬ್ಯಾಂಕಿಂಗ್ ಸೇವೆಗೆ 10 ಕಿ.ಮೀ ದೂರ ಹೋಗಬೇಕಾಗಿದ್ದು, ಸ್ಥಳೀಯ ಕಿಯೋಸ್ಕ್ ಅಗತ್ಯವಿದೆ.",Kannada,High,2026-07-04T18:03,Synthetic Demo Data
REQ000530,612780,Dasanapura,Bangalore,KARNATAKA,Waste Management,Garbage is not being collected regularly in residential lanes.,English,Low,2026-07-29T12:17,Synthetic Demo Data
REQ000531,612780,Dasanapura,Bangalore,KARNATAKA,Digital Connectivity,ಗ್ರಾಮದ ಒಳಭಾಗದಲ್ಲಿ ಮೊಬೈಲ್ ನೆಟ್‌ವರ್ಕ್ ಸಿಗುತ್ತಿಲ್ಲ.,Kannada,High,2026-07-17T11:38,Synthetic Demo Data
REQ000532,612780,Dasanapura,Bangalore,KARNATAKA,Electricity,ಗ್ರಾಮದ ಪ್ರಮುಖ ರಸ್ತೆಗಳಲ್ಲಿ ಬೀದಿದೀಪಗಳ ಸೌಲಭ್ಯ ಕಲ್ಪಿಸಬೇಕಾಗಿದೆ.,Kannada,Low,2026-08-09T14:27,Synthetic Demo Data
REQ000533,612780,Dasanapura,Bangalore,KARNATAKA,Banking,The village needs better access to banking facilities and loan services.,English,High,2026-08-29T15:43,Synthetic Demo Data
REQ000534,612780,Dasanapura,Bangalore,KARNATAKA,Education,The village needs improved educational facilities and playground repair.,English,High,2026-09-04T17:35,Synthetic Demo Data
REQ000535,612780,Dasanapura,Bangalore,KARNATAKA,Digital Connectivity,Residents have limited access to high-speed internet and CSC services.,English,Medium,2026-08-31T08:21,Synthetic Demo Data
REQ000536,612780,Dasanapura,Bangalore,KARNATAKA,Banking,The village needs better access to banking facilities and loan services.,English,High,2026-08-08T12:09,Synthetic Demo Data
REQ000537,612780,Dasanapura,Bangalore,KARNATAKA,Education,ಬಸ್ ಕೊರತೆಯಿಂದ ವಿದ್ಯಾರ್ಥಿಗಳಿಗೆ ಪ್ರೌಢಶಾಲೆಗೆ ಹೋಗಲು ತೊಂದರೆಯಾಗಿದೆ.,Kannada,Low,2026-09-15T18:42,Synthetic Demo Data
REQ000538,612780,Dasanapura,Bangalore,KARNATAKA,Waste Management,ಕಸವನ್ನು ನಿಯಮಿತವಾಗಿ ವಿಲೇವಾರಿ ಮಾಡಲಾಗುತ್ತಿಲ್ಲ.,Kannada,Medium,2026-08-07T14:58,Synthetic Demo Data
REQ000539,612780,Dasanapura,Bangalore,KARNATAKA,Road,ಗ್ರಾಮದ ಮುಖ್ಯ ರಸ್ತೆ ಹಾಳಾಗಿದ್ದು ಸಂಚಾರಕ್ಕೆ ತೊಂದರೆಯಾಗಿದೆ.,Kannada,Medium,2026-09-12T12:21,Synthetic Demo Data
REQ000540,612780,Dasanapura,Bangalore,KARNATAKA,Public Transport,ವಿಶ್ವಾಸಾರ್ಹ ಸಾರಿಗೆ ಬಸ್ ಸೇವೆಗಳನ್ನು ಹೆಚ್ಚಿಸಲು ವಿನಂತಿ.,Kannada,Medium,2026-08-30T17:32,Synthetic Demo Data
REQ000541,612780,Dasanapura,Bangalore,KARNATAKA,Waste Management,ಮನೆ ಮನೆಗೆ ತೆರಳಿ ಕಸ ಸಂಗ್ರಹಿಸುವ ವ್ಯವಸ್ಥೆ ಬೇಕು ಎಂದು ನಿವಾಸಿಗಳು ಕೋರುತ್ತಿದ್ದಾರೆ.,Kannada,Low,2026-07-24T15:06,Synthetic Demo Data
REQ000542,612780,Dasanapura,Bangalore,KARNATAKA,Healthcare,Residents are requesting improved local healthcare access and medicine availability.,English,Low,2026-07-24T16:41,Synthetic Demo Data
REQ000543,612780,Dasanapura,Bangalore,KARNATAKA,Drainage,ವಸತಿ ಪ್ರದೇಶದ ಬಳಿ ಕಾಂಕ್ರೀಟ್ ಮುಚ್ಚಿದ ಚರಂಡಿ ನಿರ್ಮಿಸಲು ವಿನಂತಿ.,Kannada,Low,2026-08-23T16:23,Synthetic Demo Data
REQ000544,612780,Dasanapura,Bangalore,KARNATAKA,Waste Management,ಕಸವನ್ನು ನಿಯಮಿತವಾಗಿ ವಿಲೇವಾರಿ ಮಾಡಲಾಗುತ್ತಿಲ್ಲ.,Kannada,Medium,2026-09-13T08:30,Synthetic Demo Data
REQ000545,612780,Dasanapura,Bangalore,KARNATAKA,Banking,"ಬ್ಯಾಂಕಿಂಗ್ ಸೇವೆಗೆ 10 ಕಿ.ಮೀ ದೂರ ಹೋಗಬೇಕಾಗಿದ್ದು, ಸ್ಥಳೀಯ ಕಿಯೋಸ್ಕ್ ಅಗತ್ಯವಿದೆ.",Kannada,Medium,2026-08-08T19:03,Synthetic Demo Data
REQ000546,612780,Dasanapura,Bangalore,KARNATAKA,Banking,ಎಟಿಎಂ ಅಥವಾ ಗ್ರಾಮ ಬ್ಯಾಂಕಿಂಗ್ ಸೇವೆ ಒದಗಿಸಲು ಸಾರ್ವಜನಿಕರ ಮನವಿ.,Kannada,High,2026-09-11T20:09,Synthetic Demo Data
REQ000547,612780,Dasanapura,Bangalore,KARNATAKA,Waste Management,Garbage is not being collected regularly in residential lanes.,English,Medium,2026-07-23T16:40,Synthetic Demo Data
REQ000548,612780,Dasanapura,Bangalore,KARNATAKA,Water,ಬೇಸಿಗೆಯಲ್ಲಿ ಶುದ್ಧ ಕುಡಿಯುವ ನೀರಿನ ಕೊರತೆ ಎದುರಾಗುತ್ತಿದೆ.,Kannada,Medium,2026-07-22T11:31,Synthetic Demo Data
REQ000549,612780,Dasanapura,Bangalore,KARNATAKA,Electricity,People are requesting more reliable power supply without frequent cuts.,English,Medium,2026-08-24T18:27,Synthetic Demo Data
REQ000550,612780,Dasanapura,Bangalore,KARNATAKA,Banking,ಎಟಿಎಂ ಅಥವಾ ಗ್ರಾಮ ಬ್ಯಾಂಕಿಂಗ್ ಸೇವೆ ಒದಗಿಸಲು ಸಾರ್ವಜನಿಕರ ಮನವಿ.,Kannada,Medium,2026-08-17T06:57,Synthetic Demo Data
REQ000551,612780,Dasanapura,Bangalore,KARNATAKA,Waste Management,Garbage is not being collected regularly in residential lanes.,English,High,2026-07-01T13:14,Synthetic Demo Data
REQ000552,612780,Dasanapura,Bangalore,KARNATAKA,Public Transport,ಬೆಳಿಗ್ಗೆ ಮತ್ತು ಸಂಜೆ ವೇಳೆಯಲ್ಲಿ ಹೆಚ್ಚಿನ ಬಸ್ ಸಂಚಾರ ಬೇಕಾಗಿದೆ.,Kannada,High,2026-09-03T15:10,Synthetic Demo Data
REQ000553,612780,Dasanapura,Bangalore,KARNATAKA,Water,ಗ್ರಾಮಕ್ಕೆ ಶುದ್ಧ ಕುಡಿಯುವ ನೀರಿನ ಆರ್‌ಒ ಘಟಕದ ಅಗತ್ಯವಿದೆ.,Kannada,Medium,2026-09-05T16:27,Synthetic Demo Data
REQ000554,612780,Dasanapura,Bangalore,KARNATAKA,Banking,गांव में एटीएम या बैंकिंग सुविधा उपलब्ध कराई जाए।,Hindi,Low,2026-09-01T17:48,Synthetic Demo Data
REQ000555,612780,Dasanapura,Bangalore,KARNATAKA,Waste Management,Waste is accumulating near residential areas and temple road.,English,High,2026-07-29T10:13,Synthetic Demo Data
REQ000556,612780,Dasanapura,Bangalore,KARNATAKA,Electricity,People are requesting more reliable power supply without frequent cuts.,English,High,2026-07-05T18:56,Synthetic Demo Data
REQ000557,612780,Dasanapura,Bangalore,KARNATAKA,Digital Connectivity,The village needs better mobile network coverage in interior areas.,English,High,2026-07-07T09:41,Synthetic Demo Data
REQ000558,612780,Dasanapura,Bangalore,KARNATAKA,Banking,ಎಟಿಎಂ ಅಥವಾ ಗ್ರಾಮ ಬ್ಯಾಂಕಿಂಗ್ ಸೇವೆ ಒದಗಿಸಲು ಸಾರ್ವಜನಿಕರ ಮನವಿ.,Kannada,Medium,2026-08-18T09:35,Synthetic Demo Data
REQ000559,612781,Gejjagadahalli,Bangalore,KARNATAKA,Waste Management,Garbage is not being collected regularly in residential lanes.,English,Medium,2026-07-02T15:26,Synthetic Demo Data
REQ000560,612781,Gejjagadahalli,Bangalore,KARNATAKA,Digital Connectivity,Residents have limited access to high-speed internet and CSC services.,English,Medium,2026-07-18T19:53,Synthetic Demo Data
REQ000561,612781,Gejjagadahalli,Bangalore,KARNATAKA,Banking,"ಬ್ಯಾಂಕಿಂಗ್ ಸೇವೆಗೆ 10 ಕಿ.ಮೀ ದೂರ ಹೋಗಬೇಕಾಗಿದ್ದು, ಸ್ಥಳೀಯ ಕಿಯೋಸ್ಕ್ ಅಗತ್ಯವಿದೆ.",Kannada,High,2026-07-15T09:31,Synthetic Demo Data
REQ000562,612781,Gejjagadahalli,Bangalore,KARNATAKA,Waste Management,ವಸತಿ ಪ್ರದೇಶಗಳ ಬಳಿ ಕಸ ಶೇಖರಣೆಯಾಗುತ್ತಿದೆ.,Kannada,Low,2026-07-26T17:45,Synthetic Demo Data
REQ000563,612781,Gejjagadahalli,Bangalore,KARNATAKA,Healthcare,ಸ್ಥಳೀಯ ಆರೋಗ್ಯ ಸೇವೆಗಳು ಮತ್ತು ಔಷಧಿಗಳ ಲಭ್ಯತೆಯನ್ನು ಸುಧಾರಿಸಲು ವಿನಂತಿ.,Kannada,Medium,2026-07-27T21:21,Synthetic Demo Data
REQ000564,612781,Gejjagadahalli,Bangalore,KARNATAKA,Waste Management,ಕಸವನ್ನು ನಿಯಮಿತವಾಗಿ ವಿಲೇವಾರಿ ಮಾಡಲಾಗುತ್ತಿಲ್ಲ.,Kannada,Low,2026-09-12T21:09,Synthetic Demo Data
REQ000565,612781,Gejjagadahalli,Bangalore,KARNATAKA,Banking,People are requesting easier access to ATM or banking kiosk services.,English,Medium,2026-07-13T14:41,Synthetic Demo Data
REQ000566,612781,Gejjagadahalli,Bangalore,KARNATAKA,Waste Management,गांव में कचरा समय पर नहीं उठाया जा रहा है।,Hindi,High,2026-07-07T09:52,Synthetic Demo Data
REQ000567,612781,Gejjagadahalli,Bangalore,KARNATAKA,Waste Management,ವಸತಿ ಪ್ರದೇಶಗಳ ಬಳಿ ಕಸ ಶೇಖರಣೆಯಾಗುತ್ತಿದೆ.,Kannada,Medium,2026-08-10T19:47,Synthetic Demo Data
REQ000568,612781,Gejjagadahalli,Bangalore,KARNATAKA,Drainage,Drainage overflows during heavy rain and causes waterlogging near the school.,English,High,2026-07-18T11:21,Synthetic Demo Data
REQ000569,612781,Gejjagadahalli,Bangalore,KARNATAKA,Road,ಮಳೆಗಾಲದಲ್ಲಿ ರಸ್ತೆಯಲ್ಲಿ ನೀರು ನಿಂತು ವಾಹನ ಚಾಲನೆ ಕಷ್ಟವಾಗುತ್ತದೆ.,Kannada,High,2026-07-12T17:52,Synthetic Demo Data
REQ000570,612781,Gejjagadahalli,Bangalore,KARNATAKA,Road,ತಾಲೂಕು ಕೇಂದ್ರಕ್ಕೆ ಸಂಪರ್ಕ ಕಲ್ಪಿಸುವ ರಸ್ತೆ ಸುಧಾರಣೆಗೆ ಗ್ರಾಮಸ್ಥರ ಮನವಿ.,Kannada,Low,2026-08-04T18:44,Synthetic Demo Data
REQ000571,612781,Gejjagadahalli,Bangalore,KARNATAKA,Banking,Residents have limited access to nearby banking services and have to travel 10 km.,English,Low,2026-07-22T09:08,Synthetic Demo Data
REQ000572,612781,Gejjagadahalli,Bangalore,KARNATAKA,Public Transport,ಬೆಳಿಗ್ಗೆ ಮತ್ತು ಸಂಜೆ ವೇಳೆಯಲ್ಲಿ ಹೆಚ್ಚಿನ ಬಸ್ ಸಂಚಾರ ಬೇಕಾಗಿದೆ.,Kannada,High,2026-09-14T21:51,Synthetic Demo Data
REQ000573,612781,Gejjagadahalli,Bangalore,KARNATAKA,Education,ಗ್ರಾಮದ ಶಾಲಾ ಆವರಣ ಹಾಗೂ ಆಟದ ಮೈದಾನ ದುರಸ್ತಿ ಮಾಡಬೇಕಾಗಿದೆ.,Kannada,Medium,2026-08-15T06:55,Synthetic Demo Data
REQ000574,612781,Gejjagadahalli,Bangalore,KARNATAKA,Digital Connectivity,People are requesting a local digital service facility (Bapuji Seva Kendra).,English,Medium,2026-09-01T09:56,Synthetic Demo Data
REQ000575,612781,Gejjagadahalli,Bangalore,KARNATAKA,Healthcare,ಸಂಜೆ 5 ರ ನಂತರ ಸಮೀಪದ ಆರೋಗ್ಯ ಕೇಂದ್ರಕ್ಕೆ ಹೋಗಲು ಕಷ್ಟವಾಗುತ್ತಿದೆ.,Kannada,Medium,2026-07-02T13:42,Synthetic Demo Data
REQ000576,612782,Hullegowdanahalli,Bangalore,KARNATAKA,Banking,"ಬ್ಯಾಂಕಿಂಗ್ ಸೇವೆಗೆ 10 ಕಿ.ಮೀ ದೂರ ಹೋಗಬೇಕಾಗಿದ್ದು, ಸ್ಥಳೀಯ ಕಿಯೋಸ್ಕ್ ಅಗತ್ಯವಿದೆ.",Kannada,Medium,2026-07-13T19:42,Synthetic Demo Data
REQ000577,612782,Hullegowdanahalli,Bangalore,KARNATAKA,Public Transport,ವಿಶ್ವಾಸಾರ್ಹ ಸಾರಿಗೆ ಬಸ್ ಸೇವೆಗಳನ್ನು ಹೆಚ್ಚಿಸಲು ವಿನಂತಿ.,Kannada,Medium,2026-08-19T10:53,Synthetic Demo Data
REQ000578,612782,Hullegowdanahalli,Bangalore,KARNATAKA,Electricity,The village needs improved electricity infrastructure and street lighting.,English,High,2026-07-21T21:54,Synthetic Demo Data
REQ000579,612782,Hullegowdanahalli,Bangalore,KARNATAKA,Healthcare,ಸಂಜೆ 5 ರ ನಂತರ ಸಮೀಪದ ಆರೋಗ್ಯ ಕೇಂದ್ರಕ್ಕೆ ಹೋಗಲು ಕಷ್ಟವಾಗುತ್ತಿದೆ.,Kannada,High,2026-08-12T14:03,Synthetic Demo Data
REQ000580,612782,Hullegowdanahalli,Bangalore,KARNATAKA,Healthcare,Residents have limited access to a nearby health facility after 5 PM.,English,Medium,2026-07-31T08:29,Synthetic Demo Data
REQ000581,612782,Hullegowdanahalli,Bangalore,KARNATAKA,Healthcare,The village needs easier access to primary healthcare center.,English,Low,2026-08-27T16:07,Synthetic Demo Data
REQ000582,612782,Hullegowdanahalli,Bangalore,KARNATAKA,Banking,People are requesting easier access to ATM or banking kiosk services.,English,High,2026-08-22T07:35,Synthetic Demo Data
REQ000583,612782,Hullegowdanahalli,Bangalore,KARNATAKA,Healthcare,Residents are requesting improved local healthcare access and medicine availability.,English,Low,2026-08-08T12:41,Synthetic Demo Data
REQ000584,612782,Hullegowdanahalli,Bangalore,KARNATAKA,Digital Connectivity,इंटरनेट और डिजिटल सेवा केंद्र की जरूरत है।,Hindi,Low,2026-07-29T20:21,Synthetic Demo Data
REQ000585,612782,Hullegowdanahalli,Bangalore,KARNATAKA,Education,Residents are requesting better facilities and computers in the local school.,English,Medium,2026-08-16T20:07,Synthetic Demo Data
REQ000586,612782,Hullegowdanahalli,Bangalore,KARNATAKA,Drainage,Drainage overflows during heavy rain and causes waterlogging near the school.,English,High,2026-08-07T17:44,Synthetic Demo Data
REQ000587,612782,Hullegowdanahalli,Bangalore,KARNATAKA,Drainage,Poor drainage is causing stagnant water and mosquito breeding in the village.,English,High,2026-08-22T09:16,Synthetic Demo Data
REQ000588,612782,Hullegowdanahalli,Bangalore,KARNATAKA,Education,ಸ್ಥಳೀಯ ಸರ್ಕಾರಿ ಶಾಲೆಯಲ್ಲಿ ಕಂಪ್ಯೂಟರ್ ಹಾಗೂ ಶೌಚಾಲಯ ಸೌಲಭ್ಯ ಕಲ್ಪಿಸಲು ಮನವಿ.,Kannada,High,2026-07-25T16:06,Synthetic Demo Data
REQ000589,612782,Hullegowdanahalli,Bangalore,KARNATAKA,Public Transport,ವಿಶ್ವಾಸಾರ್ಹ ಸಾರಿಗೆ ಬಸ್ ಸೇವೆಗಳನ್ನು ಹೆಚ್ಚಿಸಲು ವಿನಂತಿ.,Kannada,Low,2026-09-14T09:49,Synthetic Demo Data
REQ000590,612782,Hullegowdanahalli,Bangalore,KARNATAKA,Banking,"ಬ್ಯಾಂಕಿಂಗ್ ಸೇವೆಗೆ 10 ಕಿ.ಮೀ ದೂರ ಹೋಗಬೇಕಾಗಿದ್ದು, ಸ್ಥಳೀಯ ಕಿಯೋಸ್ಕ್ ಅಗತ್ಯವಿದೆ.",Kannada,Low,2026-07-18T21:00,Synthetic Demo Data
REQ000591,612782,Hullegowdanahalli,Bangalore,KARNATAKA,Healthcare,ಸಂಜೆ 5 ರ ನಂತರ ಸಮೀಪದ ಆರೋಗ್ಯ ಕೇಂದ್ರಕ್ಕೆ ಹೋಗಲು ಕಷ್ಟವಾಗುತ್ತಿದೆ.,Kannada,Low,2026-08-31T11:44,Synthetic Demo Data
REQ000592,612782,Hullegowdanahalli,Bangalore,KARNATAKA,Education,Students have difficulty accessing nearby secondary education without bus.,English,High,2026-09-15T16:32,Synthetic Demo Data
REQ000593,612782,Hullegowdanahalli,Bangalore,KARNATAKA,Banking,"ಬ್ಯಾಂಕಿಂಗ್ ಸೇವೆಗೆ 10 ಕಿ.ಮೀ ದೂರ ಹೋಗಬೇಕಾಗಿದ್ದು, ಸ್ಥಳೀಯ ಕಿಯೋಸ್ಕ್ ಅಗತ್ಯವಿದೆ.",Kannada,Low,2026-08-01T14:25,Synthetic Demo Data
REQ000594,612782,Hullegowdanahalli,Bangalore,KARNATAKA,Banking,गांव में एटीएम या बैंकिंग सुविधा उपलब्ध कराई जाए।,Hindi,Low,2026-07-18T19:38,Synthetic Demo Data
REQ000595,612783,Byregowdanahalli,Bangalore,KARNATAKA,Public Transport,Residents report limited public transport access to metro/train stations.,English,Low,2026-09-09T16:45,Synthetic Demo Data
REQ000596,612783,Byregowdanahalli,Bangalore,KARNATAKA,Public Transport,The village needs better bus frequency during morning and evening hours.,English,High,2026-08-07T17:58,Synthetic Demo Data
REQ000597,612783,Byregowdanahalli,Bangalore,KARNATAKA,Digital Connectivity,इंटरनेट और डिजिटल सेवा केंद्र की जरूरत है।,Hindi,Low,2026-07-23T16:45,Synthetic Demo Data
REQ000598,612783,Byregowdanahalli,Bangalore,KARNATAKA,Drainage,ಚರಂಡಿ ಕೊರತೆಯಿಂದ ನೀರು ನಿಂತು ಸೊಳ್ಳೆಗಳ ಕಾಟ ಹೆಚ್ಚಾಗಿದೆ.,Kannada,Medium,2026-08-23T15:56,Synthetic Demo Data
REQ000599,612783,Byregowdanahalli,Bangalore,KARNATAKA,Banking,Residents have limited access to nearby banking services and have to travel 10 km.,English,High,2026-08-18T10:03,Synthetic Demo Data
REQ000600,612783,Byregowdanahalli,Bangalore,KARNATAKA,Digital Connectivity,ಗ್ರಾಮ ಪಂಚಾಯತ್ ವ್ಯಾಪ್ತಿಯಲ್ಲಿ ಬಾಪೂಜಿ ಸೇವಾ ಕೇಂದ್ರ / ಡಿಜಿಟಲ್ ಕೇಂದ್ರ ಬೇಕು.,Kannada,Low,2026-08-02T10:53,Synthetic Demo Data
REQ000601,612783,Byregowdanahalli,Bangalore,KARNATAKA,Water,Residents report difficulty getting reliable drinking water in summer.,English,Medium,2026-07-05T17:52,Synthetic Demo Data
REQ000602,612783,Byregowdanahalli,Bangalore,KARNATAKA,Healthcare,Residents are requesting improved local healthcare access and medicine availability.,English,Medium,2026-07-29T18:15,Synthetic Demo Data
REQ000603,612783,Byregowdanahalli,Bangalore,KARNATAKA,Healthcare,Residents are requesting improved local healthcare access and medicine availability.,English,High,2026-07-07T18:24,Synthetic Demo Data
REQ000604,612783,Byregowdanahalli,Bangalore,KARNATAKA,Healthcare,Residents are requesting improved local healthcare access and medicine availability.,English,High,2026-09-09T07:00,Synthetic Demo Data
REQ000605,612783,Byregowdanahalli,Bangalore,KARNATAKA,Public Transport,ಮೆಟ್ರೋ ನಿಲ್ದಾಣಕ್ಕೆ ನೇರ ಬಸ್ ಸಂಪರ್ಕ ಕಲ್ಪಿಸಲು ಗ್ರಾಮಸ್ಥರ ಕೋರಿಕೆ.,Kannada,Low,2026-08-17T12:49,Synthetic Demo Data
REQ000606,612783,Byregowdanahalli,Bangalore,KARNATAKA,Public Transport,ಮೆಟ್ರೋ ನಿಲ್ದಾಣಕ್ಕೆ ನೇರ ಬಸ್ ಸಂಪರ್ಕ ಕಲ್ಪಿಸಲು ಗ್ರಾಮಸ್ಥರ ಕೋರಿಕೆ.,Kannada,High,2026-07-10T11:11,Synthetic Demo Data
REQ000607,612783,Byregowdanahalli,Bangalore,KARNATAKA,Public Transport,ಬೆಳಿಗ್ಗೆ ಮತ್ತು ಸಂಜೆ ವೇಳೆಯಲ್ಲಿ ಹೆಚ್ಚಿನ ಬಸ್ ಸಂಚಾರ ಬೇಕಾಗಿದೆ.,Kannada,Medium,2026-09-10T14:08,Synthetic Demo Data
REQ000608,612783,Byregowdanahalli,Bangalore,KARNATAKA,Waste Management,Garbage is not being collected regularly in residential lanes.,English,High,2026-07-20T07:09,Synthetic Demo Data
REQ000609,612784,Venkatapura,Bangalore,KARNATAKA,Banking,Residents have limited access to nearby banking services and have to travel 10 km.,English,Medium,2026-08-08T21:50,Synthetic Demo Data
REQ000610,612784,Venkatapura,Bangalore,KARNATAKA,Education,ಗ್ರಾಮದ ಶಾಲಾ ಆವರಣ ಹಾಗೂ ಆಟದ ಮೈದಾನ ದುರಸ್ತಿ ಮಾಡಬೇಕಾಗಿದೆ.,Kannada,High,2026-07-29T11:33,Synthetic Demo Data
REQ000611,612784,Venkatapura,Bangalore,KARNATAKA,Drainage,ಚರಂಡಿ ಕೊರತೆಯಿಂದ ನೀರು ನಿಂತು ಸೊಳ್ಳೆಗಳ ಕಾಟ ಹೆಚ್ಚಾಗಿದೆ.,Kannada,Medium,2026-08-21T08:22,Synthetic Demo Data
REQ000612,612784,Venkatapura,Bangalore,KARNATAKA,Waste Management,ವಸತಿ ಪ್ರದೇಶಗಳ ಬಳಿ ಕಸ ಶೇಖರಣೆಯಾಗುತ್ತಿದೆ.,Kannada,High,2026-08-07T12:48,Synthetic Demo Data
REQ000613,612784,Venkatapura,Bangalore,KARNATAKA,Education,ಗ್ರಾಮದ ಶಾಲಾ ಆವರಣ ಹಾಗೂ ಆಟದ ಮೈದಾನ ದುರಸ್ತಿ ಮಾಡಬೇಕಾಗಿದೆ.,Kannada,Low,2026-07-02T09:42,Synthetic Demo Data
REQ000614,612784,Venkatapura,Bangalore,KARNATAKA,Healthcare,ಸ್ಥಳೀಯ ಆರೋಗ್ಯ ಸೇವೆಗಳು ಮತ್ತು ಔಷಧಿಗಳ ಲಭ್ಯತೆಯನ್ನು ಸುಧಾರಿಸಲು ವಿನಂತಿ.,Kannada,Medium,2026-08-01T07:43,Synthetic Demo Data
REQ000615,612784,Venkatapura,Bangalore,KARNATAKA,Banking,ಎಟಿಎಂ ಅಥವಾ ಗ್ರಾಮ ಬ್ಯಾಂಕಿಂಗ್ ಸೇವೆ ಒದಗಿಸಲು ಸಾರ್ವಜನಿಕರ ಮನವಿ.,Kannada,Medium,2026-09-08T15:01,Synthetic Demo Data
REQ000616,612784,Venkatapura,Bangalore,KARNATAKA,Banking,The village needs better access to banking facilities and loan services.,English,Medium,2026-09-04T20:31,Synthetic Demo Data
REQ000617,612784,Venkatapura,Bangalore,KARNATAKA,Water,Residents report difficulty getting reliable drinking water in summer.,English,High,2026-07-11T09:10,Synthetic Demo Data
REQ000618,612784,Venkatapura,Bangalore,KARNATAKA,Banking,Residents have limited access to nearby banking services and have to travel 10 km.,English,High,2026-07-09T12:42,Synthetic Demo Data
REQ000619,612784,Venkatapura,Bangalore,KARNATAKA,Education,ಗ್ರಾಮದ ಶಾಲಾ ಆವರಣ ಹಾಗೂ ಆಟದ ಮೈದಾನ ದುರಸ್ತಿ ಮಾಡಬೇಕಾಗಿದೆ.,Kannada,Medium,2026-07-14T12:34,Synthetic Demo Data
REQ000620,612785,Lakkenahalli,Bangalore,KARNATAKA,Banking,Residents have limited access to nearby banking services and have to travel 10 km.,English,Medium,2026-07-10T10:01,Synthetic Demo Data
REQ000621,612785,Lakkenahalli,Bangalore,KARNATAKA,Healthcare,ನಮ್ಮ ಗ್ರಾಮಕ್ಕೆ ಪ್ರಾಥಮಿಕ ಆರೋಗ್ಯ ಕೇಂದ್ರದ ಸುಲಭ ಪ್ರವೇಶ ಬೇಕಾಗಿದೆ.,Kannada,High,2026-07-23T14:35,Synthetic Demo Data
REQ000622,612785,Lakkenahalli,Bangalore,KARNATAKA,Drainage,Poor drainage is causing stagnant water and mosquito breeding in the village.,English,Medium,2026-08-27T18:27,Synthetic Demo Data
REQ000623,612785,Lakkenahalli,Bangalore,KARNATAKA,Road,ಗ್ರಾಮದ ಮುಖ್ಯ ರಸ್ತೆ ಹಾಳಾಗಿದ್ದು ಸಂಚಾರಕ್ಕೆ ತೊಂದರೆಯಾಗಿದೆ.,Kannada,Medium,2026-07-09T07:44,Synthetic Demo Data
REQ000624,612785,Lakkenahalli,Bangalore,KARNATAKA,Banking,"ಬ್ಯಾಂಕಿಂಗ್ ಸೇವೆಗೆ 10 ಕಿ.ಮೀ ದೂರ ಹೋಗಬೇಕಾಗಿದ್ದು, ಸ್ಥಳೀಯ ಕಿಯೋಸ್ಕ್ ಅಗತ್ಯವಿದೆ.",Kannada,High,2026-08-08T08:18,Synthetic Demo Data
REQ000625,612785,Lakkenahalli,Bangalore,KARNATAKA,Electricity,ವೋಲ್ಟೇಜ್ ಏರಿಳಿತದಿಂದ ಪಂಪ್‌ಸೆಟ್‌ಗಳಿಗೆ ತೊಂದರೆಯಾಗುತ್ತಿದೆ.,Kannada,Low,2026-07-04T21:10,Synthetic Demo Data
REQ000626,612785,Lakkenahalli,Bangalore,KARNATAKA,Healthcare,ಸಂಜೆ 5 ರ ನಂತರ ಸಮೀಪದ ಆರೋಗ್ಯ ಕೇಂದ್ರಕ್ಕೆ ಹೋಗಲು ಕಷ್ಟವಾಗುತ್ತಿದೆ.,Kannada,Medium,2026-09-08T15:40,Synthetic Demo Data
REQ000627,612785,Lakkenahalli,Bangalore,KARNATAKA,Waste Management,Residents are requesting a better door-to-door waste collection system.,English,Medium,2026-07-02T10:07,Synthetic Demo Data
REQ000628,612785,Lakkenahalli,Bangalore,KARNATAKA,Water,The village needs improved access to safe drinking water RO plant.,English,Medium,2026-07-11T15:13,Synthetic Demo Data
REQ000629,612785,Lakkenahalli,Bangalore,KARNATAKA,Public Transport,Residents report limited public transport access to metro/train stations.,English,High,2026-09-04T10:10,Synthetic Demo Data
REQ000630,612785,Lakkenahalli,Bangalore,KARNATAKA,Waste Management,Waste is accumulating near residential areas and temple road.,English,High,2026-07-24T07:54,Synthetic Demo Data
REQ000631,612785,Lakkenahalli,Bangalore,KARNATAKA,Public Transport,बस सेवा बढ़ाने का अनुरोध किया गया है।,Hindi,Medium,2026-09-09T08:18,Synthetic Demo Data
REQ000632,612785,Lakkenahalli,Bangalore,KARNATAKA,Digital Connectivity,ಗ್ರಾಮ ಪಂಚಾಯತ್ ವ್ಯಾಪ್ತಿಯಲ್ಲಿ ಬಾಪೂಜಿ ಸೇವಾ ಕೇಂದ್ರ / ಡಿಜಿಟಲ್ ಕೇಂದ್ರ ಬೇಕು.,Kannada,Medium,2026-09-01T16:22,Synthetic Demo Data
REQ000633,612785,Lakkenahalli,Bangalore,KARNATAKA,Drainage,Drainage overflows during heavy rain and causes waterlogging near the school.,English,High,2026-07-09T12:20,Synthetic Demo Data
REQ000634,612785,Lakkenahalli,Bangalore,KARNATAKA,Healthcare,ಸ್ಥಳೀಯ ಆರೋಗ್ಯ ಸೇವೆಗಳು ಮತ್ತು ಔಷಧಿಗಳ ಲಭ್ಯತೆಯನ್ನು ಸುಧಾರಿಸಲು ವಿನಂತಿ.,Kannada,High,2026-09-13T10:36,Synthetic Demo Data
REQ000635,612785,Lakkenahalli,Bangalore,KARNATAKA,Education,Residents are requesting better facilities and computers in the local school.,English,High,2026-08-10T13:50,Synthetic Demo Data
REQ000636,612786,Kenganahalli,Bangalore,KARNATAKA,Waste Management,Waste is accumulating near residential areas and temple road.,English,High,2026-08-16T10:43,Synthetic Demo Data
REQ000637,612786,Kenganahalli,Bangalore,KARNATAKA,Public Transport,Residents report limited public transport access to metro/train stations.,English,Medium,2026-08-09T21:35,Synthetic Demo Data
REQ000638,612786,Kenganahalli,Bangalore,KARNATAKA,Drainage,Drainage overflows during heavy rain and causes waterlogging near the school.,English,Low,2026-07-18T12:16,Synthetic Demo Data
REQ000639,612786,Kenganahalli,Bangalore,KARNATAKA,Public Transport,People are requesting more reliable BMTC/KSRTC public transport services.,English,High,2026-07-03T06:52,Synthetic Demo Data
REQ000640,612786,Kenganahalli,Bangalore,KARNATAKA,Education,ಗ್ರಾಮದ ಶಾಲಾ ಆವರಣ ಹಾಗೂ ಆಟದ ಮೈದಾನ ದುರಸ್ತಿ ಮಾಡಬೇಕಾಗಿದೆ.,Kannada,High,2026-07-05T14:34,Synthetic Demo Data
REQ000641,612786,Kenganahalli,Bangalore,KARNATAKA,Banking,"ಬ್ಯಾಂಕಿಂಗ್ ಸೇವೆಗೆ 10 ಕಿ.ಮೀ ದೂರ ಹೋಗಬೇಕಾಗಿದ್ದು, ಸ್ಥಳೀಯ ಕಿಯೋಸ್ಕ್ ಅಗತ್ಯವಿದೆ.",Kannada,Medium,2026-08-16T18:14,Synthetic Demo Data
REQ000642,612786,Kenganahalli,Bangalore,KARNATAKA,Banking,The village needs better access to banking facilities and loan services.,English,High,2026-09-03T08:25,Synthetic Demo Data
REQ000643,612786,Kenganahalli,Bangalore,KARNATAKA,Road,ಗ್ರಾಮದ ಮುಖ್ಯ ರಸ್ತೆ ಹಾಳಾಗಿದ್ದು ಸಂಚಾರಕ್ಕೆ ತೊಂದರೆಯಾಗಿದೆ.,Kannada,Low,2026-09-17T11:48,Synthetic Demo Data
REQ000644,612786,Kenganahalli,Bangalore,KARNATAKA,Healthcare,ನಮ್ಮ ಗ್ರಾಮಕ್ಕೆ ಪ್ರಾಥಮಿಕ ಆರೋಗ್ಯ ಕೇಂದ್ರದ ಸುಲಭ ಪ್ರವೇಶ ಬೇಕಾಗಿದೆ.,Kannada,Medium,2026-09-11T10:47,Synthetic Demo Data
REQ000645,612786,Kenganahalli,Bangalore,KARNATAKA,Public Transport,The village needs better bus frequency during morning and evening hours.,English,High,2026-09-01T13:04,Synthetic Demo Data
REQ000646,612786,Kenganahalli,Bangalore,KARNATAKA,Waste Management,ಮನೆ ಮನೆಗೆ ತೆರಳಿ ಕಸ ಸಂಗ್ರಹಿಸುವ ವ್ಯವಸ್ಥೆ ಬೇಕು ಎಂದು ನಿವಾಸಿಗಳು ಕೋರುತ್ತಿದ್ದಾರೆ.,Kannada,High,2026-08-16T18:30,Synthetic Demo Data
REQ000647,612786,Kenganahalli,Bangalore,KARNATAKA,Banking,People are requesting easier access to ATM or banking kiosk services.,English,Low,2026-08-11T09:45,Synthetic Demo Data
REQ000648,612786,Kenganahalli,Bangalore,KARNATAKA,Banking,The village needs better access to banking facilities and loan services.,English,Low,2026-08-03T11:24,Synthetic Demo Data
REQ000649,612787,Shivanapura,Bangalore,KARNATAKA,Digital Connectivity,ಗ್ರಾಮದ ಒಳಭಾಗದಲ್ಲಿ ಮೊಬೈಲ್ ನೆಟ್‌ವರ್ಕ್ ಸಿಗುತ್ತಿಲ್ಲ.,Kannada,Low,2026-07-10T14:24,Synthetic Demo Data
REQ000650,612787,Shivanapura,Bangalore,KARNATAKA,Banking,ಗ್ರಾಮದಲ್ಲಿ ಬ್ಯಾಂಕ್ ಸೇವೆಗಳು ಮತ್ತು ಸಾಲ ಸೌಲಭ್ಯಗಳು ಸುಲಭವಾಗಿ ಸಿಗುತ್ತಿಲ್ಲ.,Kannada,Medium,2026-08-14T21:50,Synthetic Demo Data
REQ000651,612787,Shivanapura,Bangalore,KARNATAKA,Healthcare,Residents are requesting improved local healthcare access and medicine availability.,English,Low,2026-08-26T11:14,Synthetic Demo Data
REQ000652,612787,Shivanapura,Bangalore,KARNATAKA,Drainage,Drainage overflows during heavy rain and causes waterlogging near the school.,English,High,2026-07-21T17:38,Synthetic Demo Data
REQ000653,612787,Shivanapura,Bangalore,KARNATAKA,Public Transport,ಬೆಳಿಗ್ಗೆ ಮತ್ತು ಸಂಜೆ ವೇಳೆಯಲ್ಲಿ ಹೆಚ್ಚಿನ ಬಸ್ ಸಂಚಾರ ಬೇಕಾಗಿದೆ.,Kannada,Medium,2026-08-12T09:30,Synthetic Demo Data
REQ000654,612787,Shivanapura,Bangalore,KARNATAKA,Digital Connectivity,ಗ್ರಾಮದ ಒಳಭಾಗದಲ್ಲಿ ಮೊಬೈಲ್ ನೆಟ್‌ವರ್ಕ್ ಸಿಗುತ್ತಿಲ್ಲ.,Kannada,High,2026-08-22T06:15,Synthetic Demo Data
REQ000655,612787,Shivanapura,Bangalore,KARNATAKA,Water,Residents report difficulty getting reliable drinking water in summer.,English,High,2026-09-04T07:57,Synthetic Demo Data
REQ000656,612787,Shivanapura,Bangalore,KARNATAKA,Education,ಸ್ಥಳೀಯ ಸರ್ಕಾರಿ ಶಾಲೆಯಲ್ಲಿ ಕಂಪ್ಯೂಟರ್ ಹಾಗೂ ಶೌಚಾಲಯ ಸೌಲಭ್ಯ ಕಲ್ಪಿಸಲು ಮನವಿ.,Kannada,Low,2026-09-05T18:38,Synthetic Demo Data
REQ000657,612787,Shivanapura,Bangalore,KARNATAKA,Banking,Residents have limited access to nearby banking services and have to travel 10 km.,English,Medium,2026-08-06T08:13,Synthetic Demo Data
REQ000658,612787,Shivanapura,Bangalore,KARNATAKA,Healthcare,प्राथमिक स्वास्थ्य केंद्र में बेहतर सुविधाओं की आवश्यकता है।,Hindi,High,2026-08-22T10:50,Synthetic Demo Data
REQ000659,612787,Shivanapura,Bangalore,KARNATAKA,Education,The village needs improved educational facilities and playground repair.,English,Medium,2026-08-03T11:46,Synthetic Demo Data
REQ000660,612787,Shivanapura,Bangalore,KARNATAKA,Digital Connectivity,The village needs better mobile network coverage in interior areas.,English,Medium,2026-07-30T18:24,Synthetic Demo Data
REQ000661,612787,Shivanapura,Bangalore,KARNATAKA,Drainage,ವಸತಿ ಪ್ರದೇಶದ ಬಳಿ ಕಾಂಕ್ರೀಟ್ ಮುಚ್ಚಿದ ಚರಂಡಿ ನಿರ್ಮಿಸಲು ವಿನಂತಿ.,Kannada,Low,2026-09-03T19:52,Synthetic Demo Data
REQ000662,612787,Shivanapura,Bangalore,KARNATAKA,Waste Management,ವಸತಿ ಪ್ರದೇಶಗಳ ಬಳಿ ಕಸ ಶೇಖರಣೆಯಾಗುತ್ತಿದೆ.,Kannada,Low,2026-09-15T07:56,Synthetic Demo Data
REQ000663,612787,Shivanapura,Bangalore,KARNATAKA,Electricity,ಪದೇ ಪದೇ ವಿದ್ಯುತ್ ಕಡಿತವಾಗದಂತೆ ನಿರಂತರ ವಿದ್ಯುತ್ ನೀಡಲು ವಿನಂತಿ.,Kannada,High,2026-07-17T06:57,Synthetic Demo Data
REQ000664,612787,Shivanapura,Bangalore,KARNATAKA,Banking,The village needs better access to banking facilities and loan services.,English,Medium,2026-08-17T07:44,Synthetic Demo Data
REQ000665,612787,Shivanapura,Bangalore,KARNATAKA,Healthcare,ಸಂಜೆ 5 ರ ನಂತರ ಸಮೀಪದ ಆರೋಗ್ಯ ಕೇಂದ್ರಕ್ಕೆ ಹೋಗಲು ಕಷ್ಟವಾಗುತ್ತಿದೆ.,Kannada,Medium,2026-08-18T17:37,Synthetic Demo Data
REQ000666,612787,Shivanapura,Bangalore,KARNATAKA,Electricity,The village needs improved electricity infrastructure and street lighting.,English,Medium,2026-08-24T10:16,Synthetic Demo Data
REQ000667,612787,Shivanapura,Bangalore,KARNATAKA,Healthcare,ನಮ್ಮ ಗ್ರಾಮಕ್ಕೆ ಪ್ರಾಥಮಿಕ ಆರೋಗ್ಯ ಕೇಂದ್ರದ ಸುಲಭ ಪ್ರವೇಶ ಬೇಕಾಗಿದೆ.,Kannada,High,2026-09-08T19:16,Synthetic Demo Data
REQ000668,612788,Gowdahalli,Bangalore,KARNATAKA,Drainage,Drainage overflows during heavy rain and causes waterlogging near the school.,English,Medium,2026-07-16T06:24,Synthetic Demo Data
REQ000669,612788,Gowdahalli,Bangalore,KARNATAKA,Education,Residents are requesting better facilities and computers in the local school.,English,Medium,2026-07-14T10:27,Synthetic Demo Data
REQ000670,612788,Gowdahalli,Bangalore,KARNATAKA,Education,ಗ್ರಾಮದ ಶಾಲಾ ಆವರಣ ಹಾಗೂ ಆಟದ ಮೈದಾನ ದುರಸ್ತಿ ಮಾಡಬೇಕಾಗಿದೆ.,Kannada,Medium,2026-08-16T14:43,Synthetic Demo Data
REQ000671,612788,Gowdahalli,Bangalore,KARNATAKA,Road,ಮಳೆಗಾಲದಲ್ಲಿ ರಸ್ತೆಯಲ್ಲಿ ನೀರು ನಿಂತು ವಾಹನ ಚಾಲನೆ ಕಷ್ಟವಾಗುತ್ತದೆ.,Kannada,Medium,2026-08-31T11:23,Synthetic Demo Data
REQ000672,612788,Gowdahalli,Bangalore,KARNATAKA,Healthcare,ಸಂಜೆ 5 ರ ನಂತರ ಸಮೀಪದ ಆರೋಗ್ಯ ಕೇಂದ್ರಕ್ಕೆ ಹೋಗಲು ಕಷ್ಟವಾಗುತ್ತಿದೆ.,Kannada,Medium,2026-08-20T10:54,Synthetic Demo Data
REQ000673,612788,Gowdahalli,Bangalore,KARNATAKA,Banking,ಎಟಿಎಂ ಅಥವಾ ಗ್ರಾಮ ಬ್ಯಾಂಕಿಂಗ್ ಸೇವೆ ಒದಗಿಸಲು ಸಾರ್ವಜನಿಕರ ಮನವಿ.,Kannada,Medium,2026-07-21T09:13,Synthetic Demo Data
REQ000674,612788,Gowdahalli,Bangalore,KARNATAKA,Healthcare,Residents are requesting improved local healthcare access and medicine availability.,English,Medium,2026-07-07T11:24,Synthetic Demo Data
REQ000675,612788,Gowdahalli,Bangalore,KARNATAKA,Banking,ಎಟಿಎಂ ಅಥವಾ ಗ್ರಾಮ ಬ್ಯಾಂಕಿಂಗ್ ಸೇವೆ ಒದಗಿಸಲು ಸಾರ್ವಜನಿಕರ ಮನವಿ.,Kannada,Low,2026-08-30T19:05,Synthetic Demo Data
REQ000676,612788,Gowdahalli,Bangalore,KARNATAKA,Drainage,ಭಾರೀ ಮಳೆಯಾದಾಗ ಚರಂಡಿ ಉಕ್ಕಿ ಶಾಲೆ ಬಳಿ ನೀರು ನಿಲ್ಲುತ್ತದೆ.,Kannada,Medium,2026-08-19T18:39,Synthetic Demo Data
REQ000677,612788,Gowdahalli,Bangalore,KARNATAKA,Education,ಗ್ರಾಮದ ಶಾಲಾ ಆವರಣ ಹಾಗೂ ಆಟದ ಮೈದಾನ ದುರಸ್ತಿ ಮಾಡಬೇಕಾಗಿದೆ.,Kannada,High,2026-07-23T21:28,Synthetic Demo Data
REQ000678,612788,Gowdahalli,Bangalore,KARNATAKA,Water,Water supply pressure is insufficient for residents on higher lanes.,English,High,2026-07-05T13:39,Synthetic Demo Data
REQ000679,612788,Gowdahalli,Bangalore,KARNATAKA,Drainage,ಭಾರೀ ಮಳೆಯಾದಾಗ ಚರಂಡಿ ಉಕ್ಕಿ ಶಾಲೆ ಬಳಿ ನೀರು ನಿಲ್ಲುತ್ತದೆ.,Kannada,Medium,2026-07-21T08:17,Synthetic Demo Data
REQ000680,612788,Gowdahalli,Bangalore,KARNATAKA,Public Transport,ಮೆಟ್ರೋ ನಿಲ್ದಾಣಕ್ಕೆ ನೇರ ಬಸ್ ಸಂಪರ್ಕ ಕಲ್ಪಿಸಲು ಗ್ರಾಮಸ್ಥರ ಕೋರಿಕೆ.,Kannada,Medium,2026-07-26T06:47,Synthetic Demo Data
REQ000681,612789,Harokyathanahalli,Bangalore,KARNATAKA,Digital Connectivity,The village needs better mobile network coverage in interior areas.,English,High,2026-09-10T17:22,Synthetic Demo Data
REQ000682,612789,Harokyathanahalli,Bangalore,KARNATAKA,Banking,"ಬ್ಯಾಂಕಿಂಗ್ ಸೇವೆಗೆ 10 ಕಿ.ಮೀ ದೂರ ಹೋಗಬೇಕಾಗಿದ್ದು, ಸ್ಥಳೀಯ ಕಿಯೋಸ್ಕ್ ಅಗತ್ಯವಿದೆ.",Kannada,Low,2026-08-28T18:36,Synthetic Demo Data
REQ000683,612789,Harokyathanahalli,Bangalore,KARNATAKA,Water,ಮೇಲ್ಭಾಗದ ಬಡಾವಣೆಗಳಿಗೆ ನೀರಿನ ಸರಬರಾಜು ಒತ್ತಡ ಸಾಲುತ್ತಿಲ್ಲ.,Kannada,High,2026-07-10T15:21,Synthetic Demo Data
REQ000684,612789,Harokyathanahalli,Bangalore,KARNATAKA,Banking,The village needs better access to banking facilities and loan services.,English,Low,2026-09-12T14:44,Synthetic Demo Data
REQ000685,612789,Harokyathanahalli,Bangalore,KARNATAKA,Healthcare,ಸಂಜೆ 5 ರ ನಂತರ ಸಮೀಪದ ಆರೋಗ್ಯ ಕೇಂದ್ರಕ್ಕೆ ಹೋಗಲು ಕಷ್ಟವಾಗುತ್ತಿದೆ.,Kannada,Medium,2026-08-13T20:43,Synthetic Demo Data
REQ000686,612789,Harokyathanahalli,Bangalore,KARNATAKA,Healthcare,The village needs easier access to primary healthcare center.,English,Medium,2026-08-03T08:24,Synthetic Demo Data
REQ000687,612789,Harokyathanahalli,Bangalore,KARNATAKA,Education,स्कूल में बेहतर सुविधाओं और शिक्षकों की मांग है।,Hindi,Medium,2026-08-10T19:22,Synthetic Demo Data
REQ000688,612789,Harokyathanahalli,Bangalore,KARNATAKA,Education,ಸ್ಥಳೀಯ ಸರ್ಕಾರಿ ಶಾಲೆಯಲ್ಲಿ ಕಂಪ್ಯೂಟರ್ ಹಾಗೂ ಶೌಚಾಲಯ ಸೌಲಭ್ಯ ಕಲ್ಪಿಸಲು ಮನವಿ.,Kannada,High,2026-07-12T18:43,Synthetic Demo Data
REQ000689,612789,Harokyathanahalli,Bangalore,KARNATAKA,Public Transport,ವಿಶ್ವಾಸಾರ್ಹ ಸಾರಿಗೆ ಬಸ್ ಸೇವೆಗಳನ್ನು ಹೆಚ್ಚಿಸಲು ವಿನಂತಿ.,Kannada,Low,2026-08-30T16:22,Synthetic Demo Data
REQ000690,612789,Harokyathanahalli,Bangalore,KARNATAKA,Waste Management,Garbage is not being collected regularly in residential lanes.,English,Low,2026-07-25T21:47,Synthetic Demo Data
REQ000691,612789,Harokyathanahalli,Bangalore,KARNATAKA,Waste Management,Waste is accumulating near residential areas and temple road.,English,High,2026-07-26T13:53,Synthetic Demo Data
REQ000692,612789,Harokyathanahalli,Bangalore,KARNATAKA,Education,ಬಸ್ ಕೊರತೆಯಿಂದ ವಿದ್ಯಾರ್ಥಿಗಳಿಗೆ ಪ್ರೌಢಶಾಲೆಗೆ ಹೋಗಲು ತೊಂದರೆಯಾಗಿದೆ.,Kannada,High,2026-07-11T21:39,Synthetic Demo Data
REQ000693,612789,Harokyathanahalli,Bangalore,KARNATAKA,Water,Residents report difficulty getting reliable drinking water in summer.,English,Low,2026-08-17T16:31,Synthetic Demo Data
REQ000694,612789,Harokyathanahalli,Bangalore,KARNATAKA,Banking,Residents have limited access to nearby banking services and have to travel 10 km.,English,Low,2026-09-01T11:48,Synthetic Demo Data
REQ000695,612789,Harokyathanahalli,Bangalore,KARNATAKA,Banking,ಎಟಿಎಂ ಅಥವಾ ಗ್ರಾಮ ಬ್ಯಾಂಕಿಂಗ್ ಸೇವೆ ಒದಗಿಸಲು ಸಾರ್ವಜನಿಕರ ಮನವಿ.,Kannada,Medium,2026-07-17T07:33,Synthetic Demo Data
REQ000696,612789,Harokyathanahalli,Bangalore,KARNATAKA,Electricity,ಗ್ರಾಮದ ಪ್ರಮುಖ ರಸ್ತೆಗಳಲ್ಲಿ ಬೀದಿದೀಪಗಳ ಸೌಲಭ್ಯ ಕಲ್ಪಿಸಬೇಕಾಗಿದೆ.,Kannada,High,2026-08-14T18:55,Synthetic Demo Data
REQ000697,612789,Harokyathanahalli,Bangalore,KARNATAKA,Digital Connectivity,ಗ್ರಾಮ ಪಂಚಾಯತ್ ವ್ಯಾಪ್ತಿಯಲ್ಲಿ ಬಾಪೂಜಿ ಸೇವಾ ಕೇಂದ್ರ / ಡಿಜಿಟಲ್ ಕೇಂದ್ರ ಬೇಕು.,Kannada,Medium,2026-08-28T16:44,Synthetic Demo Data
REQ000698,612789,Harokyathanahalli,Bangalore,KARNATAKA,Water,The village needs improved access to safe drinking water RO plant.,English,Medium,2026-08-11T17:39,Synthetic Demo Data
REQ000699,612789,Harokyathanahalli,Bangalore,KARNATAKA,Banking,ಗ್ರಾಮದಲ್ಲಿ ಬ್ಯಾಂಕ್ ಸೇವೆಗಳು ಮತ್ತು ಸಾಲ ಸೌಲಭ್ಯಗಳು ಸುಲಭವಾಗಿ ಸಿಗುತ್ತಿಲ್ಲ.,Kannada,High,2026-08-30T16:23,Synthetic Demo Data
REQ000700,612789,Harokyathanahalli,Bangalore,KARNATAKA,Waste Management,ವಸತಿ ಪ್ರದೇಶಗಳ ಬಳಿ ಕಸ ಶೇಖರಣೆಯಾಗುತ್ತಿದೆ.,Kannada,Medium,2026-08-17T17:54,Synthetic Demo Data
REQ000701,612789,Harokyathanahalli,Bangalore,KARNATAKA,Healthcare,ಸ್ಥಳೀಯ ಆರೋಗ್ಯ ಸೇವೆಗಳು ಮತ್ತು ಔಷಧಿಗಳ ಲಭ್ಯತೆಯನ್ನು ಸುಧಾರಿಸಲು ವಿನಂತಿ.,Kannada,High,2026-09-12T13:52,Synthetic Demo Data
REQ000702,612789,Harokyathanahalli,Bangalore,KARNATAKA,Drainage,ಭಾರೀ ಮಳೆಯಾದಾಗ ಚರಂಡಿ ಉಕ್ಕಿ ಶಾಲೆ ಬಳಿ ನೀರು ನಿಲ್ಲುತ್ತದೆ.,Kannada,Medium,2026-08-18T12:09,Synthetic Demo Data
REQ000703,612789,Harokyathanahalli,Bangalore,KARNATAKA,Electricity,Residents report voltage fluctuations affecting agriculture pump sets.,English,Low,2026-07-23T19:31,Synthetic Demo Data
REQ000704,612789,Harokyathanahalli,Bangalore,KARNATAKA,Waste Management,Residents are requesting a better door-to-door waste collection system.,English,Medium,2026-08-10T21:19,Synthetic Demo Data
REQ000705,612789,Harokyathanahalli,Bangalore,KARNATAKA,Waste Management,Garbage is not being collected regularly in residential lanes.,English,Medium,2026-07-21T07:13,Synthetic Demo Data
REQ000706,612789,Harokyathanahalli,Bangalore,KARNATAKA,Electricity,ಗ್ರಾಮದ ಪ್ರಮುಖ ರಸ್ತೆಗಳಲ್ಲಿ ಬೀದಿದೀಪಗಳ ಸೌಲಭ್ಯ ಕಲ್ಪಿಸಬೇಕಾಗಿದೆ.,Kannada,High,2026-08-12T14:23,Synthetic Demo Data
REQ000707,612790,Narayanappana Palya,Bangalore,KARNATAKA,Waste Management,Waste is accumulating near residential areas and temple road.,English,High,2026-08-22T09:22,Synthetic Demo Data
REQ000708,612790,Narayanappana Palya,Bangalore,KARNATAKA,Electricity,बिजली की बार-बार कटौती से लोग परेशान हैं।,Hindi,Medium,2026-09-07T11:49,Synthetic Demo Data
REQ000709,612790,Narayanappana Palya,Bangalore,KARNATAKA,Waste Management,ಮನೆ ಮನೆಗೆ ತೆರಳಿ ಕಸ ಸಂಗ್ರಹಿಸುವ ವ್ಯವಸ್ಥೆ ಬೇಕು ಎಂದು ನಿವಾಸಿಗಳು ಕೋರುತ್ತಿದ್ದಾರೆ.,Kannada,Medium,2026-08-27T08:24,Synthetic Demo Data
REQ000710,612790,Narayanappana Palya,Bangalore,KARNATAKA,Education,ಬಸ್ ಕೊರತೆಯಿಂದ ವಿದ್ಯಾರ್ಥಿಗಳಿಗೆ ಪ್ರೌಢಶಾಲೆಗೆ ಹೋಗಲು ತೊಂದರೆಯಾಗಿದೆ.,Kannada,Low,2026-08-13T19:40,Synthetic Demo Data
REQ000711,612790,Narayanappana Palya,Bangalore,KARNATAKA,Education,ಬಸ್ ಕೊರತೆಯಿಂದ ವಿದ್ಯಾರ್ಥಿಗಳಿಗೆ ಪ್ರೌಢಶಾಲೆಗೆ ಹೋಗಲು ತೊಂದರೆಯಾಗಿದೆ.,Kannada,High,2026-08-13T13:20,Synthetic Demo Data
REQ000712,612790,Narayanappana Palya,Bangalore,KARNATAKA,Waste Management,ವಸತಿ ಪ್ರದೇಶಗಳ ಬಳಿ ಕಸ ಶೇಖರಣೆಯಾಗುತ್ತಿದೆ.,Kannada,Medium,2026-08-20T14:56,Synthetic Demo Data
REQ000713,612790,Narayanappana Palya,Bangalore,KARNATAKA,Road,Residents are requesting improvement of road connectivity to the taluk center.,English,Medium,2026-09-05T20:26,Synthetic Demo Data
REQ000714,612790,Narayanappana Palya,Bangalore,KARNATAKA,Drainage,Drainage overflows during heavy rain and causes waterlogging near the school.,English,Medium,2026-08-02T08:13,Synthetic Demo Data
REQ000715,612790,Narayanappana Palya,Bangalore,KARNATAKA,Drainage,ಭಾರೀ ಮಳೆಯಾದಾಗ ಚರಂಡಿ ಉಕ್ಕಿ ಶಾಲೆ ಬಳಿ ನೀರು ನಿಲ್ಲುತ್ತದೆ.,Kannada,Low,2026-08-30T07:01,Synthetic Demo Data
REQ000716,612790,Narayanappana Palya,Bangalore,KARNATAKA,Public Transport,ಬೆಳಿಗ್ಗೆ ಮತ್ತು ಸಂಜೆ ವೇಳೆಯಲ್ಲಿ ಹೆಚ್ಚಿನ ಬಸ್ ಸಂಚಾರ ಬೇಕಾಗಿದೆ.,Kannada,High,2026-07-20T08:41,Synthetic Demo Data
REQ000717,612790,Narayanappana Palya,Bangalore,KARNATAKA,Banking,ಎಟಿಎಂ ಅಥವಾ ಗ್ರಾಮ ಬ್ಯಾಂಕಿಂಗ್ ಸೇವೆ ಒದಗಿಸಲು ಸಾರ್ವಜನಿಕರ ಮನವಿ.,Kannada,High,2026-08-06T20:40,Synthetic Demo Data
REQ000718,612791,Madavara,Bangalore,KARNATAKA,Drainage,ಭಾರೀ ಮಳೆಯಾದಾಗ ಚರಂಡಿ ಉಕ್ಕಿ ಶಾಲೆ ಬಳಿ ನೀರು ನಿಲ್ಲುತ್ತದೆ.,Kannada,High,2026-08-15T16:55,Synthetic Demo Data
REQ000719,612791,Madavara,Bangalore,KARNATAKA,Healthcare,प्राथमिक स्वास्थ्य केंद्र में बेहतर सुविधाओं की आवश्यकता है।,Hindi,Low,2026-09-09T20:08,Synthetic Demo Data
REQ000720,612791,Madavara,Bangalore,KARNATAKA,Banking,People are requesting easier access to ATM or banking kiosk services.,English,Medium,2026-08-28T19:33,Synthetic Demo Data
REQ000721,612791,Madavara,Bangalore,KARNATAKA,Digital Connectivity,ಹೈಸ್ಪೀಡ್ ಇಂಟರ್ನೆಟ್ ಮತ್ತು ಸಿಎಸ್ಸಿ ಸೇವೆಗಳು ಲಭ್ಯವಿಲ್ಲ.,Kannada,Medium,2026-07-30T08:28,Synthetic Demo Data
REQ000722,612791,Madavara,Bangalore,KARNATAKA,Waste Management,ಕಸವನ್ನು ನಿಯಮಿತವಾಗಿ ವಿಲೇವಾರಿ ಮಾಡಲಾಗುತ್ತಿಲ್ಲ.,Kannada,High,2026-07-01T10:22,Synthetic Demo Data
REQ000723,612791,Madavara,Bangalore,KARNATAKA,Waste Management,ಮನೆ ಮನೆಗೆ ತೆರಳಿ ಕಸ ಸಂಗ್ರಹಿಸುವ ವ್ಯವಸ್ಥೆ ಬೇಕು ಎಂದು ನಿವಾಸಿಗಳು ಕೋರುತ್ತಿದ್ದಾರೆ.,Kannada,Low,2026-08-31T15:00,Synthetic Demo Data
REQ000724,612791,Madavara,Bangalore,KARNATAKA,Electricity,The village needs improved electricity infrastructure and street lighting.,English,High,2026-07-01T17:12,Synthetic Demo Data
REQ000725,612791,Madavara,Bangalore,KARNATAKA,Healthcare,Residents have limited access to a nearby health facility after 5 PM.,English,High,2026-08-19T18:14,Synthetic Demo Data
REQ000726,612791,Madavara,Bangalore,KARNATAKA,Waste Management,ಕಸವನ್ನು ನಿಯಮಿತವಾಗಿ ವಿಲೇವಾರಿ ಮಾಡಲಾಗುತ್ತಿಲ್ಲ.,Kannada,Medium,2026-09-17T14:18,Synthetic Demo Data
REQ000727,612791,Madavara,Bangalore,KARNATAKA,Digital Connectivity,ಹೈಸ್ಪೀಡ್ ಇಂಟರ್ನೆಟ್ ಮತ್ತು ಸಿಎಸ್ಸಿ ಸೇವೆಗಳು ಲಭ್ಯವಿಲ್ಲ.,Kannada,Medium,2026-07-09T11:08,Synthetic Demo Data
REQ000728,612791,Madavara,Bangalore,KARNATAKA,Waste Management,Residents are requesting a better door-to-door waste collection system.,English,Medium,2026-09-01T12:20,Synthetic Demo Data
REQ000729,612791,Madavara,Bangalore,KARNATAKA,Water,ಮೇಲ್ಭಾಗದ ಬಡಾವಣೆಗಳಿಗೆ ನೀರಿನ ಸರಬರಾಜು ಒತ್ತಡ ಸಾಲುತ್ತಿಲ್ಲ.,Kannada,High,2026-07-14T15:17,Synthetic Demo Data
REQ000730,612791,Madavara,Bangalore,KARNATAKA,Drainage,ಭಾರೀ ಮಳೆಯಾದಾಗ ಚರಂಡಿ ಉಕ್ಕಿ ಶಾಲೆ ಬಳಿ ನೀರು ನಿಲ್ಲುತ್ತದೆ.,Kannada,High,2026-07-20T06:31,Synthetic Demo Data
REQ000731,612791,Madavara,Bangalore,KARNATAKA,Waste Management,ವಸತಿ ಪ್ರದೇಶಗಳ ಬಳಿ ಕಸ ಶೇಖರಣೆಯಾಗುತ್ತಿದೆ.,Kannada,Low,2026-08-29T07:21,Synthetic Demo Data
REQ000732,612791,Madavara,Bangalore,KARNATAKA,Drainage,Drainage overflows during heavy rain and causes waterlogging near the school.,English,High,2026-08-20T08:34,Synthetic Demo Data
REQ000733,612791,Madavara,Bangalore,KARNATAKA,Healthcare,ಸಂಜೆ 5 ರ ನಂತರ ಸಮೀಪದ ಆರೋಗ್ಯ ಕೇಂದ್ರಕ್ಕೆ ಹೋಗಲು ಕಷ್ಟವಾಗುತ್ತಿದೆ.,Kannada,Low,2026-07-02T09:49,Synthetic Demo Data
REQ000734,612791,Madavara,Bangalore,KARNATAKA,Public Transport,ಮೆಟ್ರೋ ನಿಲ್ದಾಣಕ್ಕೆ ನೇರ ಬಸ್ ಸಂಪರ್ಕ ಕಲ್ಪಿಸಲು ಗ್ರಾಮಸ್ಥರ ಕೋರಿಕೆ.,Kannada,High,2026-07-05T12:29,Synthetic Demo Data
REQ000735,612791,Madavara,Bangalore,KARNATAKA,Public Transport,ವಿಶ್ವಾಸಾರ್ಹ ಸಾರಿಗೆ ಬಸ್ ಸೇವೆಗಳನ್ನು ಹೆಚ್ಚಿಸಲು ವಿನಂತಿ.,Kannada,Low,2026-08-30T18:43,Synthetic Demo Data
REQ000736,612791,Madavara,Bangalore,KARNATAKA,Banking,People are requesting easier access to ATM or banking kiosk services.,English,Medium,2026-07-06T09:16,Synthetic Demo Data
REQ000737,612791,Madavara,Bangalore,KARNATAKA,Healthcare,ಸಂಜೆ 5 ರ ನಂತರ ಸಮೀಪದ ಆರೋಗ್ಯ ಕೇಂದ್ರಕ್ಕೆ ಹೋಗಲು ಕಷ್ಟವಾಗುತ್ತಿದೆ.,Kannada,Low,2026-07-28T09:15,Synthetic Demo Data
REQ000738,612791,Madavara,Bangalore,KARNATAKA,Digital Connectivity,ಗ್ರಾಮ ಪಂಚಾಯತ್ ವ್ಯಾಪ್ತಿಯಲ್ಲಿ ಬಾಪೂಜಿ ಸೇವಾ ಕೇಂದ್ರ / ಡಿಜಿಟಲ್ ಕೇಂದ್ರ ಬೇಕು.,Kannada,Medium,2026-09-13T09:25,Synthetic Demo Data
REQ000739,612791,Madavara,Bangalore,KARNATAKA,Electricity,ಪದೇ ಪದೇ ವಿದ್ಯುತ್ ಕಡಿತವಾಗದಂತೆ ನಿರಂತರ ವಿದ್ಯುತ್ ನೀಡಲು ವಿನಂತಿ.,Kannada,Medium,2026-08-30T10:23,Synthetic Demo Data
REQ000740,612791,Madavara,Bangalore,KARNATAKA,Electricity,ವೋಲ್ಟೇಜ್ ಏರಿಳಿತದಿಂದ ಪಂಪ್‌ಸೆಟ್‌ಗಳಿಗೆ ತೊಂದರೆಯಾಗುತ್ತಿದೆ.,Kannada,High,2026-08-13T07:03,Synthetic Demo Data
REQ000741,612791,Madavara,Bangalore,KARNATAKA,Road,ಮಳೆಗಾಲದಲ್ಲಿ ರಸ್ತೆಯಲ್ಲಿ ನೀರು ನಿಂತು ವಾಹನ ಚಾಲನೆ ಕಷ್ಟವಾಗುತ್ತದೆ.,Kannada,Medium,2026-07-17T21:14,Synthetic Demo Data
REQ000742,612791,Madavara,Bangalore,KARNATAKA,Road,The road becomes waterlogged and difficult to travel on during the rainy season.,English,Medium,2026-08-26T12:01,Synthetic Demo Data
REQ000743,612791,Madavara,Bangalore,KARNATAKA,Digital Connectivity,ಗ್ರಾಮ ಪಂಚಾಯತ್ ವ್ಯಾಪ್ತಿಯಲ್ಲಿ ಬಾಪೂಜಿ ಸೇವಾ ಕೇಂದ್ರ / ಡಿಜಿಟಲ್ ಕೇಂದ್ರ ಬೇಕು.,Kannada,High,2026-07-06T21:45,Synthetic Demo Data
REQ000744,612791,Madavara,Bangalore,KARNATAKA,Healthcare,ಸ್ಥಳೀಯ ಆರೋಗ್ಯ ಸೇವೆಗಳು ಮತ್ತು ಔಷಧಿಗಳ ಲಭ್ಯತೆಯನ್ನು ಸುಧಾರಿಸಲು ವಿನಂತಿ.,Kannada,Medium,2026-09-11T11:34,Synthetic Demo Data
REQ000745,612791,Madavara,Bangalore,KARNATAKA,Road,Residents are requesting improvement of road connectivity to the taluk center.,English,Low,2026-09-15T11:04,Synthetic Demo Data
REQ000746,612791,Madavara,Bangalore,KARNATAKA,Healthcare,ಸಂಜೆ 5 ರ ನಂತರ ಸಮೀಪದ ಆರೋಗ್ಯ ಕೇಂದ್ರಕ್ಕೆ ಹೋಗಲು ಕಷ್ಟವಾಗುತ್ತಿದೆ.,Kannada,Medium,2026-08-28T06:49,Synthetic Demo Data
REQ000747,612791,Madavara,Bangalore,KARNATAKA,Digital Connectivity,ಗ್ರಾಮ ಪಂಚಾಯತ್ ವ್ಯಾಪ್ತಿಯಲ್ಲಿ ಬಾಪೂಜಿ ಸೇವಾ ಕೇಂದ್ರ / ಡಿಜಿಟಲ್ ಕೇಂದ್ರ ಬೇಕು.,Kannada,Low,2026-08-16T13:20,Synthetic Demo Data
REQ000748,612791,Madavara,Bangalore,KARNATAKA,Public Transport,People are requesting more reliable BMTC/KSRTC public transport services.,English,Low,2026-07-25T21:49,Synthetic Demo Data
REQ000749,612791,Madavara,Bangalore,KARNATAKA,Healthcare,Residents have limited access to a nearby health facility after 5 PM.,English,Medium,2026-08-11T09:06,Synthetic Demo Data
REQ000750,612791,Madavara,Bangalore,KARNATAKA,Healthcare,ನಮ್ಮ ಗ್ರಾಮಕ್ಕೆ ಪ್ರಾಥಮಿಕ ಆರೋಗ್ಯ ಕೇಂದ್ರದ ಸುಲಭ ಪ್ರವೇಶ ಬೇಕಾಗಿದೆ.,Kannada,High,2026-07-05T12:06,Synthetic Demo Data
REQ000751,612791,Madavara,Bangalore,KARNATAKA,Healthcare,ಸ್ಥಳೀಯ ಆರೋಗ್ಯ ಸೇವೆಗಳು ಮತ್ತು ಔಷಧಿಗಳ ಲಭ್ಯತೆಯನ್ನು ಸುಧಾರಿಸಲು ವಿನಂತಿ.,Kannada,Medium,2026-08-19T21:33,Synthetic Demo Data
REQ000752,612791,Madavara,Bangalore,KARNATAKA,Digital Connectivity,People are requesting a local digital service facility (Bapuji Seva Kendra).,English,Medium,2026-09-16T08:00,Synthetic Demo Data
REQ000753,612791,Madavara,Bangalore,KARNATAKA,Banking,ಗ್ರಾಮದಲ್ಲಿ ಬ್ಯಾಂಕ್ ಸೇವೆಗಳು ಮತ್ತು ಸಾಲ ಸೌಲಭ್ಯಗಳು ಸುಲಭವಾಗಿ ಸಿಗುತ್ತಿಲ್ಲ.,Kannada,Low,2026-07-11T20:51,Synthetic Demo Data
REQ000754,612791,Madavara,Bangalore,KARNATAKA,Digital Connectivity,ಗ್ರಾಮದ ಒಳಭಾಗದಲ್ಲಿ ಮೊಬೈಲ್ ನೆಟ್‌ವರ್ಕ್ ಸಿಗುತ್ತಿಲ್ಲ.,Kannada,Low,2026-08-23T17:50,Synthetic Demo Data
REQ000755,612791,Madavara,Bangalore,KARNATAKA,Public Transport,Residents report limited public transport access to metro/train stations.,English,Medium,2026-07-10T15:04,Synthetic Demo Data
REQ000756,612791,Madavara,Bangalore,KARNATAKA,Banking,गांव में एटीएम या बैंकिंग सुविधा उपलब्ध कराई जाए।,Hindi,High,2026-07-30T18:12,Synthetic Demo Data
REQ000757,612791,Madavara,Bangalore,KARNATAKA,Waste Management,Residents are requesting a better door-to-door waste collection system.,English,Medium,2026-07-23T19:47,Synthetic Demo Data
REQ000758,612791,Madavara,Bangalore,KARNATAKA,Drainage,Poor drainage is causing stagnant water and mosquito breeding in the village.,English,Medium,2026-08-24T09:10,Synthetic Demo Data
REQ000759,612791,Madavara,Bangalore,KARNATAKA,Electricity,ಗ್ರಾಮದ ಪ್ರಮುಖ ರಸ್ತೆಗಳಲ್ಲಿ ಬೀದಿದೀಪಗಳ ಸೌಲಭ್ಯ ಕಲ್ಪಿಸಬೇಕಾಗಿದೆ.,Kannada,High,2026-07-21T20:59,Synthetic Demo Data
REQ000760,612791,Madavara,Bangalore,KARNATAKA,Road,ತಾಲೂಕು ಕೇಂದ್ರಕ್ಕೆ ಸಂಪರ್ಕ ಕಲ್ಪಿಸುವ ರಸ್ತೆ ಸುಧಾರಣೆಗೆ ಗ್ರಾಮಸ್ಥರ ಮನವಿ.,Kannada,Low,2026-08-22T19:52,Synthetic Demo Data
REQ000761,612791,Madavara,Bangalore,KARNATAKA,Public Transport,People are requesting more reliable BMTC/KSRTC public transport services.,English,Medium,2026-08-18T14:23,Synthetic Demo Data
REQ000762,612791,Madavara,Bangalore,KARNATAKA,Banking,ಗ್ರಾಮದಲ್ಲಿ ಬ್ಯಾಂಕ್ ಸೇವೆಗಳು ಮತ್ತು ಸಾಲ ಸೌಲಭ್ಯಗಳು ಸುಲಭವಾಗಿ ಸಿಗುತ್ತಿಲ್ಲ.,Kannada,High,2026-07-05T15:38,Synthetic Demo Data
REQ000763,612792,Siddanahosahalli,Bangalore,KARNATAKA,Water,ಗ್ರಾಮಕ್ಕೆ ಶುದ್ಧ ಕುಡಿಯುವ ನೀರಿನ ಆರ್‌ಒ ಘಟಕದ ಅಗತ್ಯವಿದೆ.,Kannada,High,2026-07-29T12:54,Synthetic Demo Data
REQ000764,612792,Siddanahosahalli,Bangalore,KARNATAKA,Waste Management,Residents are requesting a better door-to-door waste collection system.,English,Low,2026-09-09T10:06,Synthetic Demo Data
REQ000765,612792,Siddanahosahalli,Bangalore,KARNATAKA,Water,ಬೇಸಿಗೆಯಲ್ಲಿ ಶುದ್ಧ ಕುಡಿಯುವ ನೀರಿನ ಕೊರತೆ ಎದುರಾಗುತ್ತಿದೆ.,Kannada,High,2026-09-13T13:14,Synthetic Demo Data
REQ000766,612792,Siddanahosahalli,Bangalore,KARNATAKA,Waste Management,ಮನೆ ಮನೆಗೆ ತೆರಳಿ ಕಸ ಸಂಗ್ರಹಿಸುವ ವ್ಯವಸ್ಥೆ ಬೇಕು ಎಂದು ನಿವಾಸಿಗಳು ಕೋರುತ್ತಿದ್ದಾರೆ.,Kannada,Medium,2026-07-28T08:46,Synthetic Demo Data
REQ000767,612792,Siddanahosahalli,Bangalore,KARNATAKA,Waste Management,ವಸತಿ ಪ್ರದೇಶಗಳ ಬಳಿ ಕಸ ಶೇಖರಣೆಯಾಗುತ್ತಿದೆ.,Kannada,Low,2026-09-12T09:38,Synthetic Demo Data
REQ000768,612792,Siddanahosahalli,Bangalore,KARNATAKA,Education,ಗ್ರಾಮದ ಶಾಲಾ ಆವರಣ ಹಾಗೂ ಆಟದ ಮೈದಾನ ದುರಸ್ತಿ ಮಾಡಬೇಕಾಗಿದೆ.,Kannada,Medium,2026-07-08T16:22,Synthetic Demo Data
REQ000769,612792,Siddanahosahalli,Bangalore,KARNATAKA,Electricity,ಪದೇ ಪದೇ ವಿದ್ಯುತ್ ಕಡಿತವಾಗದಂತೆ ನಿರಂತರ ವಿದ್ಯುತ್ ನೀಡಲು ವಿನಂತಿ.,Kannada,Low,2026-07-30T06:40,Synthetic Demo Data
REQ000770,612792,Siddanahosahalli,Bangalore,KARNATAKA,Public Transport,ಮೆಟ್ರೋ ನಿಲ್ದಾಣಕ್ಕೆ ನೇರ ಬಸ್ ಸಂಪರ್ಕ ಕಲ್ಪಿಸಲು ಗ್ರಾಮಸ್ಥರ ಕೋರಿಕೆ.,Kannada,Medium,2026-08-10T10:20,Synthetic Demo Data
REQ000771,612792,Siddanahosahalli,Bangalore,KARNATAKA,Healthcare,ನಮ್ಮ ಗ್ರಾಮಕ್ಕೆ ಪ್ರಾಥಮಿಕ ಆರೋಗ್ಯ ಕೇಂದ್ರದ ಸುಲಭ ಪ್ರವೇಶ ಬೇಕಾಗಿದೆ.,Kannada,Medium,2026-08-20T20:48,Synthetic Demo Data
REQ000772,612792,Siddanahosahalli,Bangalore,KARNATAKA,Healthcare,ನಮ್ಮ ಗ್ರಾಮಕ್ಕೆ ಪ್ರಾಥಮಿಕ ಆರೋಗ್ಯ ಕೇಂದ್ರದ ಸುಲಭ ಪ್ರವೇಶ ಬೇಕಾಗಿದೆ.,Kannada,Medium,2026-08-20T10:08,Synthetic Demo Data
REQ000773,612792,Siddanahosahalli,Bangalore,KARNATAKA,Waste Management,ಮನೆ ಮನೆಗೆ ತೆರಳಿ ಕಸ ಸಂಗ್ರಹಿಸುವ ವ್ಯವಸ್ಥೆ ಬೇಕು ಎಂದು ನಿವಾಸಿಗಳು ಕೋರುತ್ತಿದ್ದಾರೆ.,Kannada,High,2026-08-21T14:05,Synthetic Demo Data
REQ000774,612792,Siddanahosahalli,Bangalore,KARNATAKA,Road,ಮಳೆಗಾಲದಲ್ಲಿ ರಸ್ತೆಯಲ್ಲಿ ನೀರು ನಿಂತು ವಾಹನ ಚಾಲನೆ ಕಷ್ಟವಾಗುತ್ತದೆ.,Kannada,High,2026-07-18T21:35,Synthetic Demo Data
REQ000775,612792,Siddanahosahalli,Bangalore,KARNATAKA,Waste Management,ಮನೆ ಮನೆಗೆ ತೆರಳಿ ಕಸ ಸಂಗ್ರಹಿಸುವ ವ್ಯವಸ್ಥೆ ಬೇಕು ಎಂದು ನಿವಾಸಿಗಳು ಕೋರುತ್ತಿದ್ದಾರೆ.,Kannada,High,2026-09-17T13:15,Synthetic Demo Data
REQ000776,612792,Siddanahosahalli,Bangalore,KARNATAKA,Water,The village needs improved access to safe drinking water RO plant.,English,Medium,2026-09-12T08:07,Synthetic Demo Data
REQ000777,612792,Siddanahosahalli,Bangalore,KARNATAKA,Education,ಸ್ಥಳೀಯ ಸರ್ಕಾರಿ ಶಾಲೆಯಲ್ಲಿ ಕಂಪ್ಯೂಟರ್ ಹಾಗೂ ಶೌಚಾಲಯ ಸೌಲಭ್ಯ ಕಲ್ಪಿಸಲು ಮನವಿ.,Kannada,High,2026-08-14T06:49,Synthetic Demo Data
REQ000778,612792,Siddanahosahalli,Bangalore,KARNATAKA,Waste Management,गांव में कचरा समय पर नहीं उठाया जा रहा है।,Hindi,Low,2026-08-26T10:28,Synthetic Demo Data
REQ000779,612792,Siddanahosahalli,Bangalore,KARNATAKA,Water,Residents report difficulty getting reliable drinking water in summer.,English,Medium,2026-07-20T08:07,Synthetic Demo Data
REQ000780,612792,Siddanahosahalli,Bangalore,KARNATAKA,Digital Connectivity,ಗ್ರಾಮದ ಒಳಭಾಗದಲ್ಲಿ ಮೊಬೈಲ್ ನೆಟ್‌ವರ್ಕ್ ಸಿಗುತ್ತಿಲ್ಲ.,Kannada,Low,2026-08-06T06:21,Synthetic Demo Data
REQ000781,612792,Siddanahosahalli,Bangalore,KARNATAKA,Digital Connectivity,ಹೈಸ್ಪೀಡ್ ಇಂಟರ್ನೆಟ್ ಮತ್ತು ಸಿಎಸ್ಸಿ ಸೇವೆಗಳು ಲಭ್ಯವಿಲ್ಲ.,Kannada,Medium,2026-08-12T12:47,Synthetic Demo Data
REQ000782,612792,Siddanahosahalli,Bangalore,KARNATAKA,Healthcare,ಸ್ಥಳೀಯ ಆರೋಗ್ಯ ಸೇವೆಗಳು ಮತ್ತು ಔಷಧಿಗಳ ಲಭ್ಯತೆಯನ್ನು ಸುಧಾರಿಸಲು ವಿನಂತಿ.,Kannada,Medium,2026-09-09T21:39,Synthetic Demo Data
REQ000783,612792,Siddanahosahalli,Bangalore,KARNATAKA,Digital Connectivity,ಗ್ರಾಮದ ಒಳಭಾಗದಲ್ಲಿ ಮೊಬೈಲ್ ನೆಟ್‌ವರ್ಕ್ ಸಿಗುತ್ತಿಲ್ಲ.,Kannada,Medium,2026-08-18T07:16,Synthetic Demo Data
REQ000784,612792,Siddanahosahalli,Bangalore,KARNATAKA,Waste Management,ಮನೆ ಮನೆಗೆ ತೆರಳಿ ಕಸ ಸಂಗ್ರಹಿಸುವ ವ್ಯವಸ್ಥೆ ಬೇಕು ಎಂದು ನಿವಾಸಿಗಳು ಕೋರುತ್ತಿದ್ದಾರೆ.,Kannada,Medium,2026-07-07T20:41,Synthetic Demo Data
REQ000785,612792,Siddanahosahalli,Bangalore,KARNATAKA,Banking,"ಬ್ಯಾಂಕಿಂಗ್ ಸೇವೆಗೆ 10 ಕಿ.ಮೀ ದೂರ ಹೋಗಬೇಕಾಗಿದ್ದು, ಸ್ಥಳೀಯ ಕಿಯೋಸ್ಕ್ ಅಗತ್ಯವಿದೆ.",Kannada,High,2026-08-16T09:01,Synthetic Demo Data
REQ000786,612792,Siddanahosahalli,Bangalore,KARNATAKA,Waste Management,Waste is accumulating near residential areas and temple road.,English,High,2026-08-18T09:57,Synthetic Demo Data
REQ000787,612792,Siddanahosahalli,Bangalore,KARNATAKA,Waste Management,Residents are requesting a better door-to-door waste collection system.,English,High,2026-07-26T20:35,Synthetic Demo Data
REQ000788,612792,Siddanahosahalli,Bangalore,KARNATAKA,Banking,ಎಟಿಎಂ ಅಥವಾ ಗ್ರಾಮ ಬ್ಯಾಂಕಿಂಗ್ ಸೇವೆ ಒದಗಿಸಲು ಸಾರ್ವಜನಿಕರ ಮನವಿ.,Kannada,Low,2026-08-09T16:31,Synthetic Demo Data
REQ000789,612792,Siddanahosahalli,Bangalore,KARNATAKA,Road,ತಾಲೂಕು ಕೇಂದ್ರಕ್ಕೆ ಸಂಪರ್ಕ ಕಲ್ಪಿಸುವ ರಸ್ತೆ ಸುಧಾರಣೆಗೆ ಗ್ರಾಮಸ್ಥರ ಮನವಿ.,Kannada,Medium,2026-08-15T15:15,Synthetic Demo Data
REQ000790,612792,Siddanahosahalli,Bangalore,KARNATAKA,Banking,गांव में एटीएम या बैंकिंग सुविधा उपलब्ध कराई जाए।,Hindi,Low,2026-08-02T18:56,Synthetic Demo Data
REQ000791,612792,Siddanahosahalli,Bangalore,KARNATAKA,Banking,गांव में एटीएम या बैंकिंग सुविधा उपलब्ध कराई जाए।,Hindi,Low,2026-07-29T10:21,Synthetic Demo Data
REQ000792,612792,Siddanahosahalli,Bangalore,KARNATAKA,Electricity,People are requesting more reliable power supply without frequent cuts.,English,Medium,2026-09-05T13:26,Synthetic Demo Data
REQ000793,612792,Siddanahosahalli,Bangalore,KARNATAKA,Waste Management,ವಸತಿ ಪ್ರದೇಶಗಳ ಬಳಿ ಕಸ ಶೇಖರಣೆಯಾಗುತ್ತಿದೆ.,Kannada,Low,2026-08-12T20:34,Synthetic Demo Data
REQ000794,612792,Siddanahosahalli,Bangalore,KARNATAKA,Drainage,Residents are requesting proper concrete covered drainage near residential areas.,English,Medium,2026-07-26T10:19,Synthetic Demo Data
REQ000795,612792,Siddanahosahalli,Bangalore,KARNATAKA,Education,Students have difficulty accessing nearby secondary education without bus.,English,Medium,2026-07-19T11:20,Synthetic Demo Data
REQ000796,612792,Siddanahosahalli,Bangalore,KARNATAKA,Water,ಮೇಲ್ಭಾಗದ ಬಡಾವಣೆಗಳಿಗೆ ನೀರಿನ ಸರಬರಾಜು ಒತ್ತಡ ಸಾಲುತ್ತಿಲ್ಲ.,Kannada,High,2026-08-10T10:46,Synthetic Demo Data
REQ000797,612792,Siddanahosahalli,Bangalore,KARNATAKA,Water,ಗ್ರಾಮಕ್ಕೆ ಶುದ್ಧ ಕುಡಿಯುವ ನೀರಿನ ಆರ್‌ಒ ಘಟಕದ ಅಗತ್ಯವಿದೆ.,Kannada,Low,2026-08-08T20:47,Synthetic Demo Data
REQ000798,612792,Siddanahosahalli,Bangalore,KARNATAKA,Banking,Residents have limited access to nearby banking services and have to travel 10 km.,English,High,2026-07-25T09:08,Synthetic Demo Data
REQ000799,612792,Siddanahosahalli,Bangalore,KARNATAKA,Waste Management,Residents are requesting a better door-to-door waste collection system.,English,Medium,2026-09-16T13:38,Synthetic Demo Data
REQ000800,612792,Siddanahosahalli,Bangalore,KARNATAKA,Waste Management,Waste is accumulating near residential areas and temple road.,English,High,2026-08-31T10:32,Synthetic Demo Data
REQ000801,612792,Siddanahosahalli,Bangalore,KARNATAKA,Public Transport,ವಿಶ್ವಾಸಾರ್ಹ ಸಾರಿಗೆ ಬಸ್ ಸೇವೆಗಳನ್ನು ಹೆಚ್ಚಿಸಲು ವಿನಂತಿ.,Kannada,Medium,2026-08-19T21:30,Synthetic Demo Data
REQ000802,612792,Siddanahosahalli,Bangalore,KARNATAKA,Drainage,ಭಾರೀ ಮಳೆಯಾದಾಗ ಚರಂಡಿ ಉಕ್ಕಿ ಶಾಲೆ ಬಳಿ ನೀರು ನಿಲ್ಲುತ್ತದೆ.,Kannada,Medium,2026-07-02T14:26,Synthetic Demo Data
REQ000803,612792,Siddanahosahalli,Bangalore,KARNATAKA,Waste Management,Garbage is not being collected regularly in residential lanes.,English,Medium,2026-07-09T11:59,Synthetic Demo Data
REQ000804,612792,Siddanahosahalli,Bangalore,KARNATAKA,Banking,"ಬ್ಯಾಂಕಿಂಗ್ ಸೇವೆಗೆ 10 ಕಿ.ಮೀ ದೂರ ಹೋಗಬೇಕಾಗಿದ್ದು, ಸ್ಥಳೀಯ ಕಿಯೋಸ್ಕ್ ಅಗತ್ಯವಿದೆ.",Kannada,Medium,2026-08-11T20:56,Synthetic Demo Data
REQ000805,612792,Siddanahosahalli,Bangalore,KARNATAKA,Waste Management,ಕಸವನ್ನು ನಿಯಮಿತವಾಗಿ ವಿಲೇವಾರಿ ಮಾಡಲಾಗುತ್ತಿಲ್ಲ.,Kannada,Medium,2026-08-18T16:25,Synthetic Demo Data
REQ000806,612792,Siddanahosahalli,Bangalore,KARNATAKA,Healthcare,Residents are requesting improved local healthcare access and medicine availability.,English,Medium,2026-07-05T09:28,Synthetic Demo Data
REQ000807,612792,Siddanahosahalli,Bangalore,KARNATAKA,Healthcare,The village needs easier access to primary healthcare center.,English,Medium,2026-08-20T07:35,Synthetic Demo Data
REQ000808,612793,Dombarahalli,Bangalore,KARNATAKA,Healthcare,The village needs easier access to primary healthcare center.,English,High,2026-08-26T18:56,Synthetic Demo Data
REQ000809,612793,Dombarahalli,Bangalore,KARNATAKA,Waste Management,Waste is accumulating near residential areas and temple road.,English,High,2026-08-07T07:44,Synthetic Demo Data
REQ000810,612793,Dombarahalli,Bangalore,KARNATAKA,Healthcare,ಸ್ಥಳೀಯ ಆರೋಗ್ಯ ಸೇವೆಗಳು ಮತ್ತು ಔಷಧಿಗಳ ಲಭ್ಯತೆಯನ್ನು ಸುಧಾರಿಸಲು ವಿನಂತಿ.,Kannada,Medium,2026-09-03T09:11,Synthetic Demo Data
REQ000811,612793,Dombarahalli,Bangalore,KARNATAKA,Electricity,The village needs improved electricity infrastructure and street lighting.,English,Medium,2026-08-20T19:20,Synthetic Demo Data
REQ000812,612793,Dombarahalli,Bangalore,KARNATAKA,Healthcare,ಸ್ಥಳೀಯ ಆರೋಗ್ಯ ಸೇವೆಗಳು ಮತ್ತು ಔಷಧಿಗಳ ಲಭ್ಯತೆಯನ್ನು ಸುಧಾರಿಸಲು ವಿನಂತಿ.,Kannada,Low,2026-07-26T20:05,Synthetic Demo Data
REQ000813,612793,Dombarahalli,Bangalore,KARNATAKA,Waste Management,Residents are requesting a better door-to-door waste collection system.,English,Medium,2026-07-16T08:07,Synthetic Demo Data
REQ000814,612793,Dombarahalli,Bangalore,KARNATAKA,Public Transport,The village needs better bus frequency during morning and evening hours.,English,Medium,2026-08-19T11:24,Synthetic Demo Data
REQ000815,612793,Dombarahalli,Bangalore,KARNATAKA,Healthcare,ನಮ್ಮ ಗ್ರಾಮಕ್ಕೆ ಪ್ರಾಥಮಿಕ ಆರೋಗ್ಯ ಕೇಂದ್ರದ ಸುಲಭ ಪ್ರವೇಶ ಬೇಕಾಗಿದೆ.,Kannada,Low,2026-09-11T10:10,Synthetic Demo Data
REQ000816,612793,Dombarahalli,Bangalore,KARNATAKA,Banking,"ಬ್ಯಾಂಕಿಂಗ್ ಸೇವೆಗೆ 10 ಕಿ.ಮೀ ದೂರ ಹೋಗಬೇಕಾಗಿದ್ದು, ಸ್ಥಳೀಯ ಕಿಯೋಸ್ಕ್ ಅಗತ್ಯವಿದೆ.",Kannada,High,2026-08-09T15:46,Synthetic Demo Data
REQ000817,612793,Dombarahalli,Bangalore,KARNATAKA,Electricity,ಗ್ರಾಮದ ಪ್ರಮುಖ ರಸ್ತೆಗಳಲ್ಲಿ ಬೀದಿದೀಪಗಳ ಸೌಲಭ್ಯ ಕಲ್ಪಿಸಬೇಕಾಗಿದೆ.,Kannada,High,2026-07-17T12:00,Synthetic Demo Data
REQ000818,612793,Dombarahalli,Bangalore,KARNATAKA,Digital Connectivity,ಹೈಸ್ಪೀಡ್ ಇಂಟರ್ನೆಟ್ ಮತ್ತು ಸಿಎಸ್ಸಿ ಸೇವೆಗಳು ಲಭ್ಯವಿಲ್ಲ.,Kannada,Medium,2026-09-02T06:38,Synthetic Demo Data
REQ000819,612793,Dombarahalli,Bangalore,KARNATAKA,Banking,"ಬ್ಯಾಂಕಿಂಗ್ ಸೇವೆಗೆ 10 ಕಿ.ಮೀ ದೂರ ಹೋಗಬೇಕಾಗಿದ್ದು, ಸ್ಥಳೀಯ ಕಿಯೋಸ್ಕ್ ಅಗತ್ಯವಿದೆ.",Kannada,Medium,2026-08-28T19:28,Synthetic Demo Data
REQ000820,612793,Dombarahalli,Bangalore,KARNATAKA,Drainage,Drainage overflows during heavy rain and causes waterlogging near the school.,English,Low,2026-08-05T12:03,Synthetic Demo Data
REQ000821,612793,Dombarahalli,Bangalore,KARNATAKA,Waste Management,ವಸತಿ ಪ್ರದೇಶಗಳ ಬಳಿ ಕಸ ಶೇಖರಣೆಯಾಗುತ್ತಿದೆ.,Kannada,High,2026-07-05T15:21,Synthetic Demo Data
REQ000822,612793,Dombarahalli,Bangalore,KARNATAKA,Banking,ಗ್ರಾಮದಲ್ಲಿ ಬ್ಯಾಂಕ್ ಸೇವೆಗಳು ಮತ್ತು ಸಾಲ ಸೌಲಭ್ಯಗಳು ಸುಲಭವಾಗಿ ಸಿಗುತ್ತಿಲ್ಲ.,Kannada,Low,2026-07-21T15:39,Synthetic Demo Data
REQ000823,612793,Dombarahalli,Bangalore,KARNATAKA,Digital Connectivity,The village needs better mobile network coverage in interior areas.,English,Medium,2026-07-23T20:47,Synthetic Demo Data
REQ000824,612793,Dombarahalli,Bangalore,KARNATAKA,Education,Students have difficulty accessing nearby secondary education without bus.,English,Medium,2026-08-11T17:57,Synthetic Demo Data
REQ000825,612793,Dombarahalli,Bangalore,KARNATAKA,Road,ತಾಲೂಕು ಕೇಂದ್ರಕ್ಕೆ ಸಂಪರ್ಕ ಕಲ್ಪಿಸುವ ರಸ್ತೆ ಸುಧಾರಣೆಗೆ ಗ್ರಾಮಸ್ಥರ ಮನವಿ.,Kannada,Low,2026-07-09T15:30,Synthetic Demo Data
REQ000826,612793,Dombarahalli,Bangalore,KARNATAKA,Drainage,Poor drainage is causing stagnant water and mosquito breeding in the village.,English,High,2026-08-22T12:44,Synthetic Demo Data
REQ000827,612793,Dombarahalli,Bangalore,KARNATAKA,Waste Management,ಮನೆ ಮನೆಗೆ ತೆರಳಿ ಕಸ ಸಂಗ್ರಹಿಸುವ ವ್ಯವಸ್ಥೆ ಬೇಕು ಎಂದು ನಿವಾಸಿಗಳು ಕೋರುತ್ತಿದ್ದಾರೆ.,Kannada,Medium,2026-09-06T08:30,Synthetic Demo Data
REQ000828,612793,Dombarahalli,Bangalore,KARNATAKA,Public Transport,People are requesting more reliable BMTC/KSRTC public transport services.,English,High,2026-09-16T16:16,Synthetic Demo Data
REQ000829,612793,Dombarahalli,Bangalore,KARNATAKA,Healthcare,प्राथमिक स्वास्थ्य केंद्र में बेहतर सुविधाओं की आवश्यकता है।,Hindi,Low,2026-09-17T21:33,Synthetic Demo Data
REQ000830,612793,Dombarahalli,Bangalore,KARNATAKA,Public Transport,ಬೆಳಿಗ್ಗೆ ಮತ್ತು ಸಂಜೆ ವೇಳೆಯಲ್ಲಿ ಹೆಚ್ಚಿನ ಬಸ್ ಸಂಚಾರ ಬೇಕಾಗಿದೆ.,Kannada,Low,2026-07-30T15:12,Synthetic Demo Data
REQ000831,612793,Dombarahalli,Bangalore,KARNATAKA,Water,ಮೇಲ್ಭಾಗದ ಬಡಾವಣೆಗಳಿಗೆ ನೀರಿನ ಸರಬರಾಜು ಒತ್ತಡ ಸಾಲುತ್ತಿಲ್ಲ.,Kannada,Medium,2026-07-27T19:26,Synthetic Demo Data
REQ000832,612793,Dombarahalli,Bangalore,KARNATAKA,Water,ಮೇಲ್ಭಾಗದ ಬಡಾವಣೆಗಳಿಗೆ ನೀರಿನ ಸರಬರಾಜು ಒತ್ತಡ ಸಾಲುತ್ತಿಲ್ಲ.,Kannada,High,2026-07-26T15:16,Synthetic Demo Data
REQ000833,612793,Dombarahalli,Bangalore,KARNATAKA,Electricity,ಗ್ರಾಮದ ಪ್ರಮುಖ ರಸ್ತೆಗಳಲ್ಲಿ ಬೀದಿದೀಪಗಳ ಸೌಲಭ್ಯ ಕಲ್ಪಿಸಬೇಕಾಗಿದೆ.,Kannada,Medium,2026-07-01T09:43,Synthetic Demo Data
REQ000834,612793,Dombarahalli,Bangalore,KARNATAKA,Road,ಮಳೆಗಾಲದಲ್ಲಿ ರಸ್ತೆಯಲ್ಲಿ ನೀರು ನಿಂತು ವಾಹನ ಚಾಲನೆ ಕಷ್ಟವಾಗುತ್ತದೆ.,Kannada,Medium,2026-07-04T11:12,Synthetic Demo Data
REQ000835,612794,Gavipalya,Bangalore,KARNATAKA,Road,ಮಳೆಗಾಲದಲ್ಲಿ ರಸ್ತೆಯಲ್ಲಿ ನೀರು ನಿಂತು ವಾಹನ ಚಾಲನೆ ಕಷ್ಟವಾಗುತ್ತದೆ.,Kannada,Medium,2026-08-30T07:41,Synthetic Demo Data
REQ000836,612794,Gavipalya,Bangalore,KARNATAKA,Drainage,ಚರಂಡಿ ಕೊರತೆಯಿಂದ ನೀರು ನಿಂತು ಸೊಳ್ಳೆಗಳ ಕಾಟ ಹೆಚ್ಚಾಗಿದೆ.,Kannada,Low,2026-09-07T16:29,Synthetic Demo Data
REQ000837,612794,Gavipalya,Bangalore,KARNATAKA,Electricity,ಗ್ರಾಮದ ಪ್ರಮುಖ ರಸ್ತೆಗಳಲ್ಲಿ ಬೀದಿದೀಪಗಳ ಸೌಲಭ್ಯ ಕಲ್ಪಿಸಬೇಕಾಗಿದೆ.,Kannada,High,2026-09-05T15:36,Synthetic Demo Data
REQ000838,612794,Gavipalya,Bangalore,KARNATAKA,Public Transport,ವಿಶ್ವಾಸಾರ್ಹ ಸಾರಿಗೆ ಬಸ್ ಸೇವೆಗಳನ್ನು ಹೆಚ್ಚಿಸಲು ವಿನಂತಿ.,Kannada,High,2026-09-12T16:51,Synthetic Demo Data
REQ000839,612794,Gavipalya,Bangalore,KARNATAKA,Banking,People are requesting easier access to ATM or banking kiosk services.,English,Low,2026-08-05T06:21,Synthetic Demo Data
REQ000840,612794,Gavipalya,Bangalore,KARNATAKA,Banking,People are requesting easier access to ATM or banking kiosk services.,English,Medium,2026-08-19T11:38,Synthetic Demo Data
REQ000841,612794,Gavipalya,Bangalore,KARNATAKA,Drainage,Poor drainage is causing stagnant water and mosquito breeding in the village.,English,Medium,2026-08-10T07:17,Synthetic Demo Data
REQ000842,612794,Gavipalya,Bangalore,KARNATAKA,Healthcare,ನಮ್ಮ ಗ್ರಾಮಕ್ಕೆ ಪ್ರಾಥಮಿಕ ಆರೋಗ್ಯ ಕೇಂದ್ರದ ಸುಲಭ ಪ್ರವೇಶ ಬೇಕಾಗಿದೆ.,Kannada,Medium,2026-08-08T12:33,Synthetic Demo Data
REQ000843,612794,Gavipalya,Bangalore,KARNATAKA,Waste Management,ಕಸವನ್ನು ನಿಯಮಿತವಾಗಿ ವಿಲೇವಾರಿ ಮಾಡಲಾಗುತ್ತಿಲ್ಲ.,Kannada,Medium,2026-07-12T20:32,Synthetic Demo Data
REQ000844,612794,Gavipalya,Bangalore,KARNATAKA,Water,ಮೇಲ್ಭಾಗದ ಬಡಾವಣೆಗಳಿಗೆ ನೀರಿನ ಸರಬರಾಜು ಒತ್ತಡ ಸಾಲುತ್ತಿಲ್ಲ.,Kannada,High,2026-08-13T21:46,Synthetic Demo Data
REQ000845,612794,Gavipalya,Bangalore,KARNATAKA,Banking,ಗ್ರಾಮದಲ್ಲಿ ಬ್ಯಾಂಕ್ ಸೇವೆಗಳು ಮತ್ತು ಸಾಲ ಸೌಲಭ್ಯಗಳು ಸುಲಭವಾಗಿ ಸಿಗುತ್ತಿಲ್ಲ.,Kannada,High,2026-07-13T10:13,Synthetic Demo Data
REQ000846,612794,Gavipalya,Bangalore,KARNATAKA,Public Transport,ವಿಶ್ವಾಸಾರ್ಹ ಸಾರಿಗೆ ಬಸ್ ಸೇವೆಗಳನ್ನು ಹೆಚ್ಚಿಸಲು ವಿನಂತಿ.,Kannada,Low,2026-07-15T06:19,Synthetic Demo Data
REQ000847,612795,Kadaranahalli,Bangalore,KARNATAKA,Banking,Residents have limited access to nearby banking services and have to travel 10 km.,English,Low,2026-08-12T20:56,Synthetic Demo Data
REQ000848,612795,Kadaranahalli,Bangalore,KARNATAKA,Water,ಮೇಲ್ಭಾಗದ ಬಡಾವಣೆಗಳಿಗೆ ನೀರಿನ ಸರಬರಾಜು ಒತ್ತಡ ಸಾಲುತ್ತಿಲ್ಲ.,Kannada,Medium,2026-07-03T15:40,Synthetic Demo Data
REQ000849,612795,Kadaranahalli,Bangalore,KARNATAKA,Banking,ಎಟಿಎಂ ಅಥವಾ ಗ್ರಾಮ ಬ್ಯಾಂಕಿಂಗ್ ಸೇವೆ ಒದಗಿಸಲು ಸಾರ್ವಜನಿಕರ ಮನವಿ.,Kannada,High,2026-09-07T16:49,Synthetic Demo Data
REQ000850,612795,Kadaranahalli,Bangalore,KARNATAKA,Healthcare,ನಮ್ಮ ಗ್ರಾಮಕ್ಕೆ ಪ್ರಾಥಮಿಕ ಆರೋಗ್ಯ ಕೇಂದ್ರದ ಸುಲಭ ಪ್ರವೇಶ ಬೇಕಾಗಿದೆ.,Kannada,High,2026-07-15T06:39,Synthetic Demo Data
REQ000851,612795,Kadaranahalli,Bangalore,KARNATAKA,Education,ಗ್ರಾಮದ ಶಾಲಾ ಆವರಣ ಹಾಗೂ ಆಟದ ಮೈದಾನ ದುರಸ್ತಿ ಮಾಡಬೇಕಾಗಿದೆ.,Kannada,Medium,2026-08-10T14:09,Synthetic Demo Data
REQ000852,612795,Kadaranahalli,Bangalore,KARNATAKA,Banking,Residents have limited access to nearby banking services and have to travel 10 km.,English,High,2026-07-10T15:39,Synthetic Demo Data
REQ000853,612795,Kadaranahalli,Bangalore,KARNATAKA,Banking,ಎಟಿಎಂ ಅಥವಾ ಗ್ರಾಮ ಬ್ಯಾಂಕಿಂಗ್ ಸೇವೆ ಒದಗಿಸಲು ಸಾರ್ವಜನಿಕರ ಮನವಿ.,Kannada,High,2026-08-30T07:06,Synthetic Demo Data
REQ000854,612795,Kadaranahalli,Bangalore,KARNATAKA,Healthcare,ಸಂಜೆ 5 ರ ನಂತರ ಸಮೀಪದ ಆರೋಗ್ಯ ಕೇಂದ್ರಕ್ಕೆ ಹೋಗಲು ಕಷ್ಟವಾಗುತ್ತಿದೆ.,Kannada,High,2026-09-15T20:39,Synthetic Demo Data
REQ000855,612795,Kadaranahalli,Bangalore,KARNATAKA,Road,ಗ್ರಾಮದ ಮುಖ್ಯ ರಸ್ತೆ ಹಾಳಾಗಿದ್ದು ಸಂಚಾರಕ್ಕೆ ತೊಂದರೆಯಾಗಿದೆ.,Kannada,Medium,2026-09-07T08:59,Synthetic Demo Data
REQ000856,612795,Kadaranahalli,Bangalore,KARNATAKA,Public Transport,ಬೆಳಿಗ್ಗೆ ಮತ್ತು ಸಂಜೆ ವೇಳೆಯಲ್ಲಿ ಹೆಚ್ಚಿನ ಬಸ್ ಸಂಚಾರ ಬೇಕಾಗಿದೆ.,Kannada,High,2026-08-29T09:29,Synthetic Demo Data
REQ000857,612795,Kadaranahalli,Bangalore,KARNATAKA,Road,Residents are requesting improvement of road connectivity to the taluk center.,English,Medium,2026-07-29T10:55,Synthetic Demo Data
REQ000858,612795,Kadaranahalli,Bangalore,KARNATAKA,Banking,ಗ್ರಾಮದಲ್ಲಿ ಬ್ಯಾಂಕ್ ಸೇವೆಗಳು ಮತ್ತು ಸಾಲ ಸೌಲಭ್ಯಗಳು ಸುಲಭವಾಗಿ ಸಿಗುತ್ತಿಲ್ಲ.,Kannada,Medium,2026-08-12T16:29,Synthetic Demo Data
REQ000859,612796,Avverahalli,Bangalore,KARNATAKA,Healthcare,ನಮ್ಮ ಗ್ರಾಮಕ್ಕೆ ಪ್ರಾಥಮಿಕ ಆರೋಗ್ಯ ಕೇಂದ್ರದ ಸುಲಭ ಪ್ರವೇಶ ಬೇಕಾಗಿದೆ.,Kannada,Medium,2026-08-29T11:18,Synthetic Demo Data
REQ000860,612796,Avverahalli,Bangalore,KARNATAKA,Electricity,People are requesting more reliable power supply without frequent cuts.,English,Medium,2026-08-21T09:20,Synthetic Demo Data
REQ000861,612796,Avverahalli,Bangalore,KARNATAKA,Education,ಸ್ಥಳೀಯ ಸರ್ಕಾರಿ ಶಾಲೆಯಲ್ಲಿ ಕಂಪ್ಯೂಟರ್ ಹಾಗೂ ಶೌಚಾಲಯ ಸೌಲಭ್ಯ ಕಲ್ಪಿಸಲು ಮನವಿ.,Kannada,Medium,2026-08-21T19:15,Synthetic Demo Data
REQ000862,612796,Avverahalli,Bangalore,KARNATAKA,Digital Connectivity,ಹೈಸ್ಪೀಡ್ ಇಂಟರ್ನೆಟ್ ಮತ್ತು ಸಿಎಸ್ಸಿ ಸೇವೆಗಳು ಲಭ್ಯವಿಲ್ಲ.,Kannada,Medium,2026-08-13T12:52,Synthetic Demo Data
REQ000863,612796,Avverahalli,Bangalore,KARNATAKA,Public Transport,ಮೆಟ್ರೋ ನಿಲ್ದಾಣಕ್ಕೆ ನೇರ ಬಸ್ ಸಂಪರ್ಕ ಕಲ್ಪಿಸಲು ಗ್ರಾಮಸ್ಥರ ಕೋರಿಕೆ.,Kannada,Medium,2026-08-13T13:11,Synthetic Demo Data
REQ000864,612796,Avverahalli,Bangalore,KARNATAKA,Digital Connectivity,ಗ್ರಾಮದ ಒಳಭಾಗದಲ್ಲಿ ಮೊಬೈಲ್ ನೆಟ್‌ವರ್ಕ್ ಸಿಗುತ್ತಿಲ್ಲ.,Kannada,Medium,2026-09-01T09:37,Synthetic Demo Data
REQ000865,612796,Avverahalli,Bangalore,KARNATAKA,Education,ಬಸ್ ಕೊರತೆಯಿಂದ ವಿದ್ಯಾರ್ಥಿಗಳಿಗೆ ಪ್ರೌಢಶಾಲೆಗೆ ಹೋಗಲು ತೊಂದರೆಯಾಗಿದೆ.,Kannada,Low,2026-07-23T15:25,Synthetic Demo Data
REQ000866,612796,Avverahalli,Bangalore,KARNATAKA,Drainage,ವಸತಿ ಪ್ರದೇಶದ ಬಳಿ ಕಾಂಕ್ರೀಟ್ ಮುಚ್ಚಿದ ಚರಂಡಿ ನಿರ್ಮಿಸಲು ವಿನಂತಿ.,Kannada,Medium,2026-08-18T16:31,Synthetic Demo Data
REQ000867,612796,Avverahalli,Bangalore,KARNATAKA,Digital Connectivity,ಗ್ರಾಮ ಪಂಚಾಯತ್ ವ್ಯಾಪ್ತಿಯಲ್ಲಿ ಬಾಪೂಜಿ ಸೇವಾ ಕೇಂದ್ರ / ಡಿಜಿಟಲ್ ಕೇಂದ್ರ ಬೇಕು.,Kannada,Low,2026-09-13T06:48,Synthetic Demo Data
REQ000868,612796,Avverahalli,Bangalore,KARNATAKA,Waste Management,ಮನೆ ಮನೆಗೆ ತೆರಳಿ ಕಸ ಸಂಗ್ರಹಿಸುವ ವ್ಯವಸ್ಥೆ ಬೇಕು ಎಂದು ನಿವಾಸಿಗಳು ಕೋರುತ್ತಿದ್ದಾರೆ.,Kannada,High,2026-09-17T20:12,Synthetic Demo Data
REQ000869,612796,Avverahalli,Bangalore,KARNATAKA,Waste Management,Waste is accumulating near residential areas and temple road.,English,Medium,2026-08-08T19:45,Synthetic Demo Data
REQ000870,612796,Avverahalli,Bangalore,KARNATAKA,Banking,ಎಟಿಎಂ ಅಥವಾ ಗ್ರಾಮ ಬ್ಯಾಂಕಿಂಗ್ ಸೇವೆ ಒದಗಿಸಲು ಸಾರ್ವಜನಿಕರ ಮನವಿ.,Kannada,Medium,2026-09-17T18:54,Synthetic Demo Data
REQ000871,612797,Hunnigere,Bangalore,KARNATAKA,Drainage,ಚರಂಡಿ ಕೊರತೆಯಿಂದ ನೀರು ನಿಂತು ಸೊಳ್ಳೆಗಳ ಕಾಟ ಹೆಚ್ಚಾಗಿದೆ.,Kannada,Low,2026-07-07T06:45,Synthetic Demo Data
REQ000872,612797,Hunnigere,Bangalore,KARNATAKA,Education,स्कूल में बेहतर सुविधाओं और शिक्षकों की मांग है।,Hindi,Low,2026-07-04T13:27,Synthetic Demo Data
REQ000873,612797,Hunnigere,Bangalore,KARNATAKA,Public Transport,ಮೆಟ್ರೋ ನಿಲ್ದಾಣಕ್ಕೆ ನೇರ ಬಸ್ ಸಂಪರ್ಕ ಕಲ್ಪಿಸಲು ಗ್ರಾಮಸ್ಥರ ಕೋರಿಕೆ.,Kannada,Medium,2026-08-21T18:27,Synthetic Demo Data
REQ000874,612797,Hunnigere,Bangalore,KARNATAKA,Education,Residents are requesting better facilities and computers in the local school.,English,High,2026-09-10T18:53,Synthetic Demo Data
REQ000875,612797,Hunnigere,Bangalore,KARNATAKA,Banking,People are requesting easier access to ATM or banking kiosk services.,English,High,2026-07-17T10:00,Synthetic Demo Data
REQ000876,612797,Hunnigere,Bangalore,KARNATAKA,Water,ಮೇಲ್ಭಾಗದ ಬಡಾವಣೆಗಳಿಗೆ ನೀರಿನ ಸರಬರಾಜು ಒತ್ತಡ ಸಾಲುತ್ತಿಲ್ಲ.,Kannada,Low,2026-08-25T10:05,Synthetic Demo Data
REQ000877,612797,Hunnigere,Bangalore,KARNATAKA,Drainage,Poor drainage is causing stagnant water and mosquito breeding in the village.,English,Low,2026-09-16T19:39,Synthetic Demo Data
REQ000878,612797,Hunnigere,Bangalore,KARNATAKA,Waste Management,ಮನೆ ಮನೆಗೆ ತೆರಳಿ ಕಸ ಸಂಗ್ರಹಿಸುವ ವ್ಯವಸ್ಥೆ ಬೇಕು ಎಂದು ನಿವಾಸಿಗಳು ಕೋರುತ್ತಿದ್ದಾರೆ.,Kannada,Low,2026-08-19T17:14,Synthetic Demo Data
REQ000879,612797,Hunnigere,Bangalore,KARNATAKA,Waste Management,Residents are requesting a better door-to-door waste collection system.,English,Medium,2026-07-31T14:26,Synthetic Demo Data
REQ000880,612797,Hunnigere,Bangalore,KARNATAKA,Banking,People are requesting easier access to ATM or banking kiosk services.,English,Low,2026-09-11T21:45,Synthetic Demo Data
REQ000881,612797,Hunnigere,Bangalore,KARNATAKA,Healthcare,Residents are requesting improved local healthcare access and medicine availability.,English,High,2026-09-06T14:29,Synthetic Demo Data
REQ000882,612797,Hunnigere,Bangalore,KARNATAKA,Education,ಗ್ರಾಮದ ಶಾಲಾ ಆವರಣ ಹಾಗೂ ಆಟದ ಮೈದಾನ ದುರಸ್ತಿ ಮಾಡಬೇಕಾಗಿದೆ.,Kannada,High,2026-08-30T08:43,Synthetic Demo Data
REQ000883,612797,Hunnigere,Bangalore,KARNATAKA,Digital Connectivity,Residents have limited access to high-speed internet and CSC services.,English,Medium,2026-08-13T06:30,Synthetic Demo Data
REQ000884,612797,Hunnigere,Bangalore,KARNATAKA,Healthcare,Residents are requesting improved local healthcare access and medicine availability.,English,Medium,2026-08-23T17:51,Synthetic Demo Data
REQ000885,612798,Sondekoppa,Bangalore,KARNATAKA,Waste Management,ಮನೆ ಮನೆಗೆ ತೆರಳಿ ಕಸ ಸಂಗ್ರಹಿಸುವ ವ್ಯವಸ್ಥೆ ಬೇಕು ಎಂದು ನಿವಾಸಿಗಳು ಕೋರುತ್ತಿದ್ದಾರೆ.,Kannada,Low,2026-08-08T14:03,Synthetic Demo Data
REQ000886,612798,Sondekoppa,Bangalore,KARNATAKA,Education,The village needs improved educational facilities and playground repair.,English,High,2026-08-07T06:18,Synthetic Demo Data
REQ000887,612798,Sondekoppa,Bangalore,KARNATAKA,Healthcare,ನಮ್ಮ ಗ್ರಾಮಕ್ಕೆ ಪ್ರಾಥಮಿಕ ಆರೋಗ್ಯ ಕೇಂದ್ರದ ಸುಲಭ ಪ್ರವೇಶ ಬೇಕಾಗಿದೆ.,Kannada,Low,2026-08-05T14:08,Synthetic Demo Data
REQ000888,612798,Sondekoppa,Bangalore,KARNATAKA,Education,ಸ್ಥಳೀಯ ಸರ್ಕಾರಿ ಶಾಲೆಯಲ್ಲಿ ಕಂಪ್ಯೂಟರ್ ಹಾಗೂ ಶೌಚಾಲಯ ಸೌಲಭ್ಯ ಕಲ್ಪಿಸಲು ಮನವಿ.,Kannada,High,2026-07-15T11:58,Synthetic Demo Data
REQ000889,612798,Sondekoppa,Bangalore,KARNATAKA,Education,ಸ್ಥಳೀಯ ಸರ್ಕಾರಿ ಶಾಲೆಯಲ್ಲಿ ಕಂಪ್ಯೂಟರ್ ಹಾಗೂ ಶೌಚಾಲಯ ಸೌಲಭ್ಯ ಕಲ್ಪಿಸಲು ಮನವಿ.,Kannada,Medium,2026-07-23T14:50,Synthetic Demo Data
REQ000890,612798,Sondekoppa,Bangalore,KARNATAKA,Digital Connectivity,ಗ್ರಾಮದ ಒಳಭಾಗದಲ್ಲಿ ಮೊಬೈಲ್ ನೆಟ್‌ವರ್ಕ್ ಸಿಗುತ್ತಿಲ್ಲ.,Kannada,Low,2026-08-13T08:09,Synthetic Demo Data
REQ000891,612798,Sondekoppa,Bangalore,KARNATAKA,Education,Residents are requesting better facilities and computers in the local school.,English,Medium,2026-08-22T18:15,Synthetic Demo Data
REQ000892,612798,Sondekoppa,Bangalore,KARNATAKA,Digital Connectivity,People are requesting a local digital service facility (Bapuji Seva Kendra).,English,High,2026-08-14T07:41,Synthetic Demo Data
REQ000893,612798,Sondekoppa,Bangalore,KARNATAKA,Waste Management,Garbage is not being collected regularly in residential lanes.,English,High,2026-08-21T21:19,Synthetic Demo Data
REQ000894,612798,Sondekoppa,Bangalore,KARNATAKA,Road,The road becomes waterlogged and difficult to travel on during the rainy season.,English,High,2026-08-19T21:16,Synthetic Demo Data
REQ000895,612798,Sondekoppa,Bangalore,KARNATAKA,Drainage,Drainage overflows during heavy rain and causes waterlogging near the school.,English,High,2026-08-27T18:43,Synthetic Demo Data
REQ000896,612798,Sondekoppa,Bangalore,KARNATAKA,Waste Management,ಕಸವನ್ನು ನಿಯಮಿತವಾಗಿ ವಿಲೇವಾರಿ ಮಾಡಲಾಗುತ್ತಿಲ್ಲ.,Kannada,High,2026-09-07T17:54,Synthetic Demo Data
REQ000897,612798,Sondekoppa,Bangalore,KARNATAKA,Road,Residents are requesting improvement of road connectivity to the taluk center.,English,High,2026-08-04T09:16,Synthetic Demo Data
REQ000898,612798,Sondekoppa,Bangalore,KARNATAKA,Digital Connectivity,ಗ್ರಾಮದ ಒಳಭಾಗದಲ್ಲಿ ಮೊಬೈಲ್ ನೆಟ್‌ವರ್ಕ್ ಸಿಗುತ್ತಿಲ್ಲ.,Kannada,Medium,2026-09-14T12:33,Synthetic Demo Data
REQ000899,612798,Sondekoppa,Bangalore,KARNATAKA,Waste Management,Garbage is not being collected regularly in residential lanes.,English,High,2026-07-02T06:53,Synthetic Demo Data
REQ000900,612798,Sondekoppa,Bangalore,KARNATAKA,Water,ಮೇಲ್ಭಾಗದ ಬಡಾವಣೆಗಳಿಗೆ ನೀರಿನ ಸರಬರಾಜು ಒತ್ತಡ ಸಾಲುತ್ತಿಲ್ಲ.,Kannada,High,2026-08-27T17:14,Synthetic Demo Data
REQ000901,612798,Sondekoppa,Bangalore,KARNATAKA,Digital Connectivity,ಗ್ರಾಮ ಪಂಚಾಯತ್ ವ್ಯಾಪ್ತಿಯಲ್ಲಿ ಬಾಪೂಜಿ ಸೇವಾ ಕೇಂದ್ರ / ಡಿಜಿಟಲ್ ಕೇಂದ್ರ ಬೇಕು.,Kannada,High,2026-07-12T07:38,Synthetic Demo Data
REQ000902,612798,Sondekoppa,Bangalore,KARNATAKA,Digital Connectivity,The village needs better mobile network coverage in interior areas.,English,Medium,2026-07-16T08:54,Synthetic Demo Data
REQ000903,612798,Sondekoppa,Bangalore,KARNATAKA,Education,ಗ್ರಾಮದ ಶಾಲಾ ಆವರಣ ಹಾಗೂ ಆಟದ ಮೈದಾನ ದುರಸ್ತಿ ಮಾಡಬೇಕಾಗಿದೆ.,Kannada,Medium,2026-07-24T09:44,Synthetic Demo Data
REQ000904,612798,Sondekoppa,Bangalore,KARNATAKA,Waste Management,ಮನೆ ಮನೆಗೆ ತೆರಳಿ ಕಸ ಸಂಗ್ರಹಿಸುವ ವ್ಯವಸ್ಥೆ ಬೇಕು ಎಂದು ನಿವಾಸಿಗಳು ಕೋರುತ್ತಿದ್ದಾರೆ.,Kannada,Low,2026-08-28T14:49,Synthetic Demo Data
REQ000905,612798,Sondekoppa,Bangalore,KARNATAKA,Road,Residents are requesting improvement of road connectivity to the taluk center.,English,High,2026-07-10T14:49,Synthetic Demo Data
REQ000906,612798,Sondekoppa,Bangalore,KARNATAKA,Water,ಬೇಸಿಗೆಯಲ್ಲಿ ಶುದ್ಧ ಕುಡಿಯುವ ನೀರಿನ ಕೊರತೆ ಎದುರಾಗುತ್ತಿದೆ.,Kannada,High,2026-08-03T11:28,Synthetic Demo Data
REQ000907,612798,Sondekoppa,Bangalore,KARNATAKA,Water,पीने के साफ पानी की व्यवस्था की जाए।,Hindi,Medium,2026-07-23T21:06,Synthetic Demo Data
REQ000908,612798,Sondekoppa,Bangalore,KARNATAKA,Drainage,Drainage overflows during heavy rain and causes waterlogging near the school.,English,Medium,2026-07-14T20:45,Synthetic Demo Data
REQ000909,612798,Sondekoppa,Bangalore,KARNATAKA,Waste Management,ಕಸವನ್ನು ನಿಯಮಿತವಾಗಿ ವಿಲೇವಾರಿ ಮಾಡಲಾಗುತ್ತಿಲ್ಲ.,Kannada,Medium,2026-08-02T20:01,Synthetic Demo Data
REQ000910,612798,Sondekoppa,Bangalore,KARNATAKA,Electricity,ಗ್ರಾಮದ ಪ್ರಮುಖ ರಸ್ತೆಗಳಲ್ಲಿ ಬೀದಿದೀಪಗಳ ಸೌಲಭ್ಯ ಕಲ್ಪಿಸಬೇಕಾಗಿದೆ.,Kannada,High,2026-07-05T18:17,Synthetic Demo Data
REQ000911,612798,Sondekoppa,Bangalore,KARNATAKA,Drainage,ಚರಂಡಿ ಕೊರತೆಯಿಂದ ನೀರು ನಿಂತು ಸೊಳ್ಳೆಗಳ ಕಾಟ ಹೆಚ್ಚಾಗಿದೆ.,Kannada,Medium,2026-09-04T21:30,Synthetic Demo Data
REQ000912,612798,Sondekoppa,Bangalore,KARNATAKA,Road,The main approach road near the village is damaged and difficult to use.,English,Medium,2026-07-01T18:44,Synthetic Demo Data
REQ000913,612798,Sondekoppa,Bangalore,KARNATAKA,Public Transport,ವಿಶ್ವಾಸಾರ್ಹ ಸಾರಿಗೆ ಬಸ್ ಸೇವೆಗಳನ್ನು ಹೆಚ್ಚಿಸಲು ವಿನಂತಿ.,Kannada,Medium,2026-08-15T16:43,Synthetic Demo Data
REQ000914,612798,Sondekoppa,Bangalore,KARNATAKA,Waste Management,ಮನೆ ಮನೆಗೆ ತೆರಳಿ ಕಸ ಸಂಗ್ರಹಿಸುವ ವ್ಯವಸ್ಥೆ ಬೇಕು ಎಂದು ನಿವಾಸಿಗಳು ಕೋರುತ್ತಿದ್ದಾರೆ.,Kannada,High,2026-09-07T16:05,Synthetic Demo Data
REQ000915,612798,Sondekoppa,Bangalore,KARNATAKA,Electricity,Residents report voltage fluctuations affecting agriculture pump sets.,English,Medium,2026-07-23T07:24,Synthetic Demo Data
REQ000916,612798,Sondekoppa,Bangalore,KARNATAKA,Digital Connectivity,ಹೈಸ್ಪೀಡ್ ಇಂಟರ್ನೆಟ್ ಮತ್ತು ಸಿಎಸ್ಸಿ ಸೇವೆಗಳು ಲಭ್ಯವಿಲ್ಲ.,Kannada,Low,2026-08-15T21:05,Synthetic Demo Data
REQ000917,612798,Sondekoppa,Bangalore,KARNATAKA,Electricity,ಪದೇ ಪದೇ ವಿದ್ಯುತ್ ಕಡಿತವಾಗದಂತೆ ನಿರಂತರ ವಿದ್ಯುತ್ ನೀಡಲು ವಿನಂತಿ.,Kannada,High,2026-07-25T06:46,Synthetic Demo Data
REQ000918,612798,Sondekoppa,Bangalore,KARNATAKA,Banking,ಗ್ರಾಮದಲ್ಲಿ ಬ್ಯಾಂಕ್ ಸೇವೆಗಳು ಮತ್ತು ಸಾಲ ಸೌಲಭ್ಯಗಳು ಸುಲಭವಾಗಿ ಸಿಗುತ್ತಿಲ್ಲ.,Kannada,High,2026-09-08T15:31,Synthetic Demo Data
REQ000919,612798,Sondekoppa,Bangalore,KARNATAKA,Healthcare,Residents have limited access to a nearby health facility after 5 PM.,English,Low,2026-07-03T07:21,Synthetic Demo Data
REQ000920,612798,Sondekoppa,Bangalore,KARNATAKA,Water,Residents report difficulty getting reliable drinking water in summer.,English,Medium,2026-07-28T20:43,Synthetic Demo Data
REQ000921,612799,Nagasandra,Bangalore,KARNATAKA,Banking,"ಬ್ಯಾಂಕಿಂಗ್ ಸೇವೆಗೆ 10 ಕಿ.ಮೀ ದೂರ ಹೋಗಬೇಕಾಗಿದ್ದು, ಸ್ಥಳೀಯ ಕಿಯೋಸ್ಕ್ ಅಗತ್ಯವಿದೆ.",Kannada,Medium,2026-07-10T07:47,Synthetic Demo Data
REQ000922,612799,Nagasandra,Bangalore,KARNATAKA,Drainage,Poor drainage is causing stagnant water and mosquito breeding in the village.,English,Low,2026-07-06T13:44,Synthetic Demo Data
REQ000923,612799,Nagasandra,Bangalore,KARNATAKA,Digital Connectivity,ಗ್ರಾಮದ ಒಳಭಾಗದಲ್ಲಿ ಮೊಬೈಲ್ ನೆಟ್‌ವರ್ಕ್ ಸಿಗುತ್ತಿಲ್ಲ.,Kannada,High,2026-08-09T09:29,Synthetic Demo Data
REQ000924,612799,Nagasandra,Bangalore,KARNATAKA,Digital Connectivity,People are requesting a local digital service facility (Bapuji Seva Kendra).,English,Low,2026-07-14T09:31,Synthetic Demo Data
REQ000925,612799,Nagasandra,Bangalore,KARNATAKA,Digital Connectivity,People are requesting a local digital service facility (Bapuji Seva Kendra).,English,Low,2026-08-24T16:51,Synthetic Demo Data
REQ000926,612799,Nagasandra,Bangalore,KARNATAKA,Banking,The village needs better access to banking facilities and loan services.,English,High,2026-09-12T10:20,Synthetic Demo Data
REQ000927,612799,Nagasandra,Bangalore,KARNATAKA,Banking,People are requesting easier access to ATM or banking kiosk services.,English,Medium,2026-08-12T08:07,Synthetic Demo Data
REQ000928,612799,Nagasandra,Bangalore,KARNATAKA,Waste Management,Garbage is not being collected regularly in residential lanes.,English,Medium,2026-09-09T11:28,Synthetic Demo Data
REQ000929,612799,Nagasandra,Bangalore,KARNATAKA,Waste Management,Garbage is not being collected regularly in residential lanes.,English,High,2026-09-17T18:49,Synthetic Demo Data
REQ000930,612799,Nagasandra,Bangalore,KARNATAKA,Waste Management,Garbage is not being collected regularly in residential lanes.,English,High,2026-07-23T08:45,Synthetic Demo Data
REQ000931,612799,Nagasandra,Bangalore,KARNATAKA,Digital Connectivity,Residents have limited access to high-speed internet and CSC services.,English,Medium,2026-08-30T10:13,Synthetic Demo Data
REQ000932,612800,Mallasandra,Bangalore,KARNATAKA,Drainage,ಚರಂಡಿ ಕೊರತೆಯಿಂದ ನೀರು ನಿಂತು ಸೊಳ್ಳೆಗಳ ಕಾಟ ಹೆಚ್ಚಾಗಿದೆ.,Kannada,Medium,2026-07-23T07:38,Synthetic Demo Data
REQ000933,612800,Mallasandra,Bangalore,KARNATAKA,Waste Management,ಕಸವನ್ನು ನಿಯಮಿತವಾಗಿ ವಿಲೇವಾರಿ ಮಾಡಲಾಗುತ್ತಿಲ್ಲ.,Kannada,Medium,2026-08-08T17:26,Synthetic Demo Data
REQ000934,612800,Mallasandra,Bangalore,KARNATAKA,Water,ಬೇಸಿಗೆಯಲ್ಲಿ ಶುದ್ಧ ಕುಡಿಯುವ ನೀರಿನ ಕೊರತೆ ಎದುರಾಗುತ್ತಿದೆ.,Kannada,Low,2026-07-13T17:55,Synthetic Demo Data
REQ000935,612800,Mallasandra,Bangalore,KARNATAKA,Electricity,ಪದೇ ಪದೇ ವಿದ್ಯುತ್ ಕಡಿತವಾಗದಂತೆ ನಿರಂತರ ವಿದ್ಯುತ್ ನೀಡಲು ವಿನಂತಿ.,Kannada,Medium,2026-07-27T14:03,Synthetic Demo Data
REQ000936,612800,Mallasandra,Bangalore,KARNATAKA,Waste Management,Residents are requesting a better door-to-door waste collection system.,English,Low,2026-08-30T21:11,Synthetic Demo Data
REQ000937,612800,Mallasandra,Bangalore,KARNATAKA,Waste Management,Garbage is not being collected regularly in residential lanes.,English,Medium,2026-08-06T12:27,Synthetic Demo Data
REQ000938,612800,Mallasandra,Bangalore,KARNATAKA,Waste Management,Waste is accumulating near residential areas and temple road.,English,High,2026-07-07T11:10,Synthetic Demo Data
REQ000939,612800,Mallasandra,Bangalore,KARNATAKA,Electricity,ಪದೇ ಪದೇ ವಿದ್ಯುತ್ ಕಡಿತವಾಗದಂತೆ ನಿರಂತರ ವಿದ್ಯುತ್ ನೀಡಲು ವಿನಂತಿ.,Kannada,High,2026-07-31T20:37,Synthetic Demo Data
REQ000940,612800,Mallasandra,Bangalore,KARNATAKA,Digital Connectivity,ಗ್ರಾಮದ ಒಳಭಾಗದಲ್ಲಿ ಮೊಬೈಲ್ ನೆಟ್‌ವರ್ಕ್ ಸಿಗುತ್ತಿಲ್ಲ.,Kannada,Medium,2026-08-11T13:49,Synthetic Demo Data
REQ000941,612800,Mallasandra,Bangalore,KARNATAKA,Drainage,ಭಾರೀ ಮಳೆಯಾದಾಗ ಚರಂಡಿ ಉಕ್ಕಿ ಶಾಲೆ ಬಳಿ ನೀರು ನಿಲ್ಲುತ್ತದೆ.,Kannada,Medium,2026-07-26T18:57,Synthetic Demo Data
REQ000942,612800,Mallasandra,Bangalore,KARNATAKA,Waste Management,ವಸತಿ ಪ್ರದೇಶಗಳ ಬಳಿ ಕಸ ಶೇಖರಣೆಯಾಗುತ್ತಿದೆ.,Kannada,High,2026-08-25T10:13,Synthetic Demo Data
REQ000943,612800,Mallasandra,Bangalore,KARNATAKA,Banking,ಗ್ರಾಮದಲ್ಲಿ ಬ್ಯಾಂಕ್ ಸೇವೆಗಳು ಮತ್ತು ಸಾಲ ಸೌಲಭ್ಯಗಳು ಸುಲಭವಾಗಿ ಸಿಗುತ್ತಿಲ್ಲ.,Kannada,Medium,2026-08-28T12:40,Synthetic Demo Data
REQ000944,612800,Mallasandra,Bangalore,KARNATAKA,Road,ತಾಲೂಕು ಕೇಂದ್ರಕ್ಕೆ ಸಂಪರ್ಕ ಕಲ್ಪಿಸುವ ರಸ್ತೆ ಸುಧಾರಣೆಗೆ ಗ್ರಾಮಸ್ಥರ ಮನವಿ.,Kannada,High,2026-09-11T07:17,Synthetic Demo Data
REQ000945,612800,Mallasandra,Bangalore,KARNATAKA,Drainage,Poor drainage is causing stagnant water and mosquito breeding in the village.,English,Medium,2026-08-13T13:56,Synthetic Demo Data
REQ000946,612800,Mallasandra,Bangalore,KARNATAKA,Waste Management,ಮನೆ ಮನೆಗೆ ತೆರಳಿ ಕಸ ಸಂಗ್ರಹಿಸುವ ವ್ಯವಸ್ಥೆ ಬೇಕು ಎಂದು ನಿವಾಸಿಗಳು ಕೋರುತ್ತಿದ್ದಾರೆ.,Kannada,Low,2026-07-22T13:05,Synthetic Demo Data
REQ000947,612801,Gollarapalya,Bangalore,KARNATAKA,Healthcare,ನಮ್ಮ ಗ್ರಾಮಕ್ಕೆ ಪ್ರಾಥಮಿಕ ಆರೋಗ್ಯ ಕೇಂದ್ರದ ಸುಲಭ ಪ್ರವೇಶ ಬೇಕಾಗಿದೆ.,Kannada,Medium,2026-08-29T14:00,Synthetic Demo Data
REQ000948,612801,Gollarapalya,Bangalore,KARNATAKA,Public Transport,The village needs better bus frequency during morning and evening hours.,English,High,2026-08-25T13:57,Synthetic Demo Data
REQ000949,612801,Gollarapalya,Bangalore,KARNATAKA,Banking,Residents have limited access to nearby banking services and have to travel 10 km.,English,Low,2026-08-23T07:02,Synthetic Demo Data
REQ000950,612801,Gollarapalya,Bangalore,KARNATAKA,Banking,Residents have limited access to nearby banking services and have to travel 10 km.,English,High,2026-09-06T18:30,Synthetic Demo Data
REQ000951,612801,Gollarapalya,Bangalore,KARNATAKA,Electricity,People are requesting more reliable power supply without frequent cuts.,English,Medium,2026-07-31T08:35,Synthetic Demo Data
REQ000952,612801,Gollarapalya,Bangalore,KARNATAKA,Public Transport,Residents report limited public transport access to metro/train stations.,English,Low,2026-07-17T17:18,Synthetic Demo Data
REQ000953,612801,Gollarapalya,Bangalore,KARNATAKA,Waste Management,गांव में कचरा समय पर नहीं उठाया जा रहा है।,Hindi,Medium,2026-08-09T11:45,Synthetic Demo Data
REQ000954,612801,Gollarapalya,Bangalore,KARNATAKA,Healthcare,Residents are requesting improved local healthcare access and medicine availability.,English,High,2026-08-28T20:49,Synthetic Demo Data
REQ000955,612801,Gollarapalya,Bangalore,KARNATAKA,Waste Management,Garbage is not being collected regularly in residential lanes.,English,Medium,2026-08-17T20:45,Synthetic Demo Data
REQ000956,612801,Gollarapalya,Bangalore,KARNATAKA,Digital Connectivity,People are requesting a local digital service facility (Bapuji Seva Kendra).,English,Medium,2026-08-12T07:18,Synthetic Demo Data
REQ000957,612802,Ravuthanahalli,Bangalore,KARNATAKA,Healthcare,ಸ್ಥಳೀಯ ಆರೋಗ್ಯ ಸೇವೆಗಳು ಮತ್ತು ಔಷಧಿಗಳ ಲಭ್ಯತೆಯನ್ನು ಸುಧಾರಿಸಲು ವಿನಂತಿ.,Kannada,Medium,2026-07-27T08:39,Synthetic Demo Data
REQ000958,612802,Ravuthanahalli,Bangalore,KARNATAKA,Banking,People are requesting easier access to ATM or banking kiosk services.,English,Medium,2026-08-16T07:07,Synthetic Demo Data
REQ000959,612802,Ravuthanahalli,Bangalore,KARNATAKA,Healthcare,ನಮ್ಮ ಗ್ರಾಮಕ್ಕೆ ಪ್ರಾಥಮಿಕ ಆರೋಗ್ಯ ಕೇಂದ್ರದ ಸುಲಭ ಪ್ರವೇಶ ಬೇಕಾಗಿದೆ.,Kannada,Medium,2026-07-23T08:35,Synthetic Demo Data
REQ000960,612802,Ravuthanahalli,Bangalore,KARNATAKA,Public Transport,ಮೆಟ್ರೋ ನಿಲ್ದಾಣಕ್ಕೆ ನೇರ ಬಸ್ ಸಂಪರ್ಕ ಕಲ್ಪಿಸಲು ಗ್ರಾಮಸ್ಥರ ಕೋರಿಕೆ.,Kannada,High,2026-07-15T21:47,Synthetic Demo Data
REQ000961,612802,Ravuthanahalli,Bangalore,KARNATAKA,Banking,Residents have limited access to nearby banking services and have to travel 10 km.,English,High,2026-07-29T16:22,Synthetic Demo Data
REQ000962,612802,Ravuthanahalli,Bangalore,KARNATAKA,Banking,ಗ್ರಾಮದಲ್ಲಿ ಬ್ಯಾಂಕ್ ಸೇವೆಗಳು ಮತ್ತು ಸಾಲ ಸೌಲಭ್ಯಗಳು ಸುಲಭವಾಗಿ ಸಿಗುತ್ತಿಲ್ಲ.,Kannada,High,2026-07-09T17:22,Synthetic Demo Data
REQ000963,612802,Ravuthanahalli,Bangalore,KARNATAKA,Healthcare,ನಮ್ಮ ಗ್ರಾಮಕ್ಕೆ ಪ್ರಾಥಮಿಕ ಆರೋಗ್ಯ ಕೇಂದ್ರದ ಸುಲಭ ಪ್ರವೇಶ ಬೇಕಾಗಿದೆ.,Kannada,Medium,2026-09-07T15:28,Synthetic Demo Data
REQ000964,612802,Ravuthanahalli,Bangalore,KARNATAKA,Digital Connectivity,The village needs better mobile network coverage in interior areas.,English,Low,2026-07-09T12:57,Synthetic Demo Data
REQ000965,612802,Ravuthanahalli,Bangalore,KARNATAKA,Banking,ಗ್ರಾಮದಲ್ಲಿ ಬ್ಯಾಂಕ್ ಸೇವೆಗಳು ಮತ್ತು ಸಾಲ ಸೌಲಭ್ಯಗಳು ಸುಲಭವಾಗಿ ಸಿಗುತ್ತಿಲ್ಲ.,Kannada,Low,2026-08-06T08:06,Synthetic Demo Data
REQ000966,612802,Ravuthanahalli,Bangalore,KARNATAKA,Waste Management,ಕಸವನ್ನು ನಿಯಮಿತವಾಗಿ ವಿಲೇವಾರಿ ಮಾಡಲಾಗುತ್ತಿಲ್ಲ.,Kannada,Medium,2026-07-27T06:18,Synthetic Demo Data
REQ000967,612802,Ravuthanahalli,Bangalore,KARNATAKA,Healthcare,The village needs easier access to primary healthcare center.,English,Medium,2026-08-23T20:47,Synthetic Demo Data
REQ000968,612802,Ravuthanahalli,Bangalore,KARNATAKA,Digital Connectivity,ಗ್ರಾಮ ಪಂಚಾಯತ್ ವ್ಯಾಪ್ತಿಯಲ್ಲಿ ಬಾಪೂಜಿ ಸೇವಾ ಕೇಂದ್ರ / ಡಿಜಿಟಲ್ ಕೇಂದ್ರ ಬೇಕು.,Kannada,High,2026-07-30T16:26,Synthetic Demo Data
REQ000969,612802,Ravuthanahalli,Bangalore,KARNATAKA,Education,Residents are requesting better facilities and computers in the local school.,English,Medium,2026-09-06T20:29,Synthetic Demo Data
REQ000970,612802,Ravuthanahalli,Bangalore,KARNATAKA,Waste Management,ವಸತಿ ಪ್ರದೇಶಗಳ ಬಳಿ ಕಸ ಶೇಖರಣೆಯಾಗುತ್ತಿದೆ.,Kannada,High,2026-08-03T13:30,Synthetic Demo Data
REQ000971,612802,Ravuthanahalli,Bangalore,KARNATAKA,Road,ಗ್ರಾಮದ ಮುಖ್ಯ ರಸ್ತೆ ಹಾಳಾಗಿದ್ದು ಸಂಚಾರಕ್ಕೆ ತೊಂದರೆಯಾಗಿದೆ.,Kannada,High,2026-08-06T20:10,Synthetic Demo Data
REQ000972,612802,Ravuthanahalli,Bangalore,KARNATAKA,Education,ಗ್ರಾಮದ ಶಾಲಾ ಆವರಣ ಹಾಗೂ ಆಟದ ಮೈದಾನ ದುರಸ್ತಿ ಮಾಡಬೇಕಾಗಿದೆ.,Kannada,High,2026-07-23T10:10,Synthetic Demo Data
REQ000973,612803,Kammasandra,Bangalore,KARNATAKA,Waste Management,ವಸತಿ ಪ್ರದೇಶಗಳ ಬಳಿ ಕಸ ಶೇಖರಣೆಯಾಗುತ್ತಿದೆ.,Kannada,Medium,2026-08-26T14:23,Synthetic Demo Data
REQ000974,612803,Kammasandra,Bangalore,KARNATAKA,Waste Management,Garbage is not being collected regularly in residential lanes.,English,Medium,2026-08-14T10:23,Synthetic Demo Data
REQ000975,612803,Kammasandra,Bangalore,KARNATAKA,Healthcare,प्राथमिक स्वास्थ्य केंद्र में बेहतर सुविधाओं की आवश्यकता है।,Hindi,High,2026-07-04T18:59,Synthetic Demo Data
REQ000976,612803,Kammasandra,Bangalore,KARNATAKA,Healthcare,ಸಂಜೆ 5 ರ ನಂತರ ಸಮೀಪದ ಆರೋಗ್ಯ ಕೇಂದ್ರಕ್ಕೆ ಹೋಗಲು ಕಷ್ಟವಾಗುತ್ತಿದೆ.,Kannada,Low,2026-07-20T06:47,Synthetic Demo Data
REQ000977,612803,Kammasandra,Bangalore,KARNATAKA,Healthcare,ಸ್ಥಳೀಯ ಆರೋಗ್ಯ ಸೇವೆಗಳು ಮತ್ತು ಔಷಧಿಗಳ ಲಭ್ಯತೆಯನ್ನು ಸುಧಾರಿಸಲು ವಿನಂತಿ.,Kannada,Medium,2026-08-30T15:48,Synthetic Demo Data
REQ000978,612803,Kammasandra,Bangalore,KARNATAKA,Banking,People are requesting easier access to ATM or banking kiosk services.,English,Medium,2026-08-26T16:44,Synthetic Demo Data
REQ000979,612803,Kammasandra,Bangalore,KARNATAKA,Drainage,ಭಾರೀ ಮಳೆಯಾದಾಗ ಚರಂಡಿ ಉಕ್ಕಿ ಶಾಲೆ ಬಳಿ ನೀರು ನಿಲ್ಲುತ್ತದೆ.,Kannada,High,2026-09-09T09:19,Synthetic Demo Data
REQ000980,612803,Kammasandra,Bangalore,KARNATAKA,Water,Residents report difficulty getting reliable drinking water in summer.,English,Medium,2026-07-12T16:03,Synthetic Demo Data
REQ000981,612803,Kammasandra,Bangalore,KARNATAKA,Education,ಗ್ರಾಮದ ಶಾಲಾ ಆವರಣ ಹಾಗೂ ಆಟದ ಮೈದಾನ ದುರಸ್ತಿ ಮಾಡಬೇಕಾಗಿದೆ.,Kannada,High,2026-08-05T12:01,Synthetic Demo Data
REQ000982,612803,Kammasandra,Bangalore,KARNATAKA,Drainage,Residents are requesting proper concrete covered drainage near residential areas.,English,Medium,2026-07-12T18:12,Synthetic Demo Data
REQ000983,612803,Kammasandra,Bangalore,KARNATAKA,Healthcare,Residents are requesting improved local healthcare access and medicine availability.,English,Low,2026-08-16T18:09,Synthetic Demo Data
REQ000984,612803,Kammasandra,Bangalore,KARNATAKA,Public Transport,ಮೆಟ್ರೋ ನಿಲ್ದಾಣಕ್ಕೆ ನೇರ ಬಸ್ ಸಂಪರ್ಕ ಕಲ್ಪಿಸಲು ಗ್ರಾಮಸ್ಥರ ಕೋರಿಕೆ.,Kannada,Medium,2026-08-06T17:22,Synthetic Demo Data
REQ000985,612803,Kammasandra,Bangalore,KARNATAKA,Waste Management,ಮನೆ ಮನೆಗೆ ತೆರಳಿ ಕಸ ಸಂಗ್ರಹಿಸುವ ವ್ಯವಸ್ಥೆ ಬೇಕು ಎಂದು ನಿವಾಸಿಗಳು ಕೋರುತ್ತಿದ್ದಾರೆ.,Kannada,High,2026-08-26T19:51,Synthetic Demo Data
REQ000986,612803,Kammasandra,Bangalore,KARNATAKA,Healthcare,ಸ್ಥಳೀಯ ಆರೋಗ್ಯ ಸೇವೆಗಳು ಮತ್ತು ಔಷಧಿಗಳ ಲಭ್ಯತೆಯನ್ನು ಸುಧಾರಿಸಲು ವಿನಂತಿ.,Kannada,Low,2026-08-24T19:08,Synthetic Demo Data
REQ000987,612804,Lakshmipura,Bangalore,KARNATAKA,Banking,People are requesting easier access to ATM or banking kiosk services.,English,High,2026-08-30T16:04,Synthetic Demo Data
REQ000988,612804,Lakshmipura,Bangalore,KARNATAKA,Banking,The village needs better access to banking facilities and loan services.,English,High,2026-08-22T14:26,Synthetic Demo Data
REQ000989,612804,Lakshmipura,Bangalore,KARNATAKA,Waste Management,ಮನೆ ಮನೆಗೆ ತೆರಳಿ ಕಸ ಸಂಗ್ರಹಿಸುವ ವ್ಯವಸ್ಥೆ ಬೇಕು ಎಂದು ನಿವಾಸಿಗಳು ಕೋರುತ್ತಿದ್ದಾರೆ.,Kannada,Medium,2026-07-18T12:11,Synthetic Demo Data
REQ000990,612804,Lakshmipura,Bangalore,KARNATAKA,Banking,ಗ್ರಾಮದಲ್ಲಿ ಬ್ಯಾಂಕ್ ಸೇವೆಗಳು ಮತ್ತು ಸಾಲ ಸೌಲಭ್ಯಗಳು ಸುಲಭವಾಗಿ ಸಿಗುತ್ತಿಲ್ಲ.,Kannada,High,2026-08-08T15:31,Synthetic Demo Data
REQ000991,612804,Lakshmipura,Bangalore,KARNATAKA,Education,ಬಸ್ ಕೊರತೆಯಿಂದ ವಿದ್ಯಾರ್ಥಿಗಳಿಗೆ ಪ್ರೌಢಶಾಲೆಗೆ ಹೋಗಲು ತೊಂದರೆಯಾಗಿದೆ.,Kannada,Medium,2026-07-20T14:19,Synthetic Demo Data
REQ000992,612804,Lakshmipura,Bangalore,KARNATAKA,Banking,The village needs better access to banking facilities and loan services.,English,High,2026-08-06T19:11,Synthetic Demo Data
REQ000993,612804,Lakshmipura,Bangalore,KARNATAKA,Healthcare,The village needs easier access to primary healthcare center.,English,High,2026-08-05T21:04,Synthetic Demo Data
REQ000994,612804,Lakshmipura,Bangalore,KARNATAKA,Digital Connectivity,ಹೈಸ್ಪೀಡ್ ಇಂಟರ್ನೆಟ್ ಮತ್ತು ಸಿಎಸ್ಸಿ ಸೇವೆಗಳು ಲಭ್ಯವಿಲ್ಲ.,Kannada,Medium,2026-08-03T21:44,Synthetic Demo Data
REQ000995,612804,Lakshmipura,Bangalore,KARNATAKA,Banking,"ಬ್ಯಾಂಕಿಂಗ್ ಸೇವೆಗೆ 10 ಕಿ.ಮೀ ದೂರ ಹೋಗಬೇಕಾಗಿದ್ದು, ಸ್ಥಳೀಯ ಕಿಯೋಸ್ಕ್ ಅಗತ್ಯವಿದೆ.",Kannada,Medium,2026-08-03T11:37,Synthetic Demo Data
REQ000996,612804,Lakshmipura,Bangalore,KARNATAKA,Water,ಮೇಲ್ಭಾಗದ ಬಡಾವಣೆಗಳಿಗೆ ನೀರಿನ ಸರಬರಾಜು ಒತ್ತಡ ಸಾಲುತ್ತಿಲ್ಲ.,Kannada,High,2026-07-21T07:17,Synthetic Demo Data
REQ000997,612804,Lakshmipura,Bangalore,KARNATAKA,Road,Residents are requesting improvement of road connectivity to the taluk center.,English,High,2026-08-07T08:32,Synthetic Demo Data
REQ000998,612804,Lakshmipura,Bangalore,KARNATAKA,Waste Management,Garbage is not being collected regularly in residential lanes.,English,Medium,2026-07-22T16:55,Synthetic Demo Data
REQ000999,612804,Lakshmipura,Bangalore,KARNATAKA,Waste Management,Waste is accumulating near residential areas and temple road.,English,High,2026-08-16T09:34,Synthetic Demo Data
REQ001000,612804,Lakshmipura,Bangalore,KARNATAKA,Digital Connectivity,People are requesting a local digital service facility (Bapuji Seva Kendra).,English,High,2026-08-06T17:49,Synthetic Demo Data
REQ001001,612804,Lakshmipura,Bangalore,KARNATAKA,Healthcare,ನಮ್ಮ ಗ್ರಾಮಕ್ಕೆ ಪ್ರಾಥಮಿಕ ಆರೋಗ್ಯ ಕೇಂದ್ರದ ಸುಲಭ ಪ್ರವೇಶ ಬೇಕಾಗಿದೆ.,Kannada,High,2026-07-20T13:53,Synthetic Demo Data
REQ001002,612804,Lakshmipura,Bangalore,KARNATAKA,Waste Management,Residents are requesting a better door-to-door waste collection system.,English,Medium,2026-09-06T09:26,Synthetic Demo Data
REQ001003,612804,Lakshmipura,Bangalore,KARNATAKA,Healthcare,ನಮ್ಮ ಗ್ರಾಮಕ್ಕೆ ಪ್ರಾಥಮಿಕ ಆರೋಗ್ಯ ಕೇಂದ್ರದ ಸುಲಭ ಪ್ರವೇಶ ಬೇಕಾಗಿದೆ.,Kannada,Low,2026-08-31T17:19,Synthetic Demo Data
REQ001004,612804,Lakshmipura,Bangalore,KARNATAKA,Public Transport,ಮೆಟ್ರೋ ನಿಲ್ದಾಣಕ್ಕೆ ನೇರ ಬಸ್ ಸಂಪರ್ಕ ಕಲ್ಪಿಸಲು ಗ್ರಾಮಸ್ಥರ ಕೋರಿಕೆ.,Kannada,Low,2026-09-15T16:11,Synthetic Demo Data
REQ001005,612804,Lakshmipura,Bangalore,KARNATAKA,Public Transport,ಬೆಳಿಗ್ಗೆ ಮತ್ತು ಸಂಜೆ ವೇಳೆಯಲ್ಲಿ ಹೆಚ್ಚಿನ ಬಸ್ ಸಂಚಾರ ಬೇಕಾಗಿದೆ.,Kannada,High,2026-07-19T13:19,Synthetic Demo Data
REQ001006,612804,Lakshmipura,Bangalore,KARNATAKA,Drainage,ಭಾರೀ ಮಳೆಯಾದಾಗ ಚರಂಡಿ ಉಕ್ಕಿ ಶಾಲೆ ಬಳಿ ನೀರು ನಿಲ್ಲುತ್ತದೆ.,Kannada,Medium,2026-07-15T08:01,Synthetic Demo Data
REQ001007,612804,Lakshmipura,Bangalore,KARNATAKA,Electricity,People are requesting more reliable power supply without frequent cuts.,English,High,2026-07-05T07:30,Synthetic Demo Data
REQ001008,612804,Lakshmipura,Bangalore,KARNATAKA,Drainage,ಭಾರೀ ಮಳೆಯಾದಾಗ ಚರಂಡಿ ಉಕ್ಕಿ ಶಾಲೆ ಬಳಿ ನೀರು ನಿಲ್ಲುತ್ತದೆ.,Kannada,High,2026-07-02T09:50,Synthetic Demo Data
REQ001009,612805,K.G.Srikantapura,Bangalore,KARNATAKA,Drainage,Residents are requesting proper concrete covered drainage near residential areas.,English,Low,2026-07-24T17:01,Synthetic Demo Data
REQ001010,612805,K.G.Srikantapura,Bangalore,KARNATAKA,Drainage,Poor drainage is causing stagnant water and mosquito breeding in the village.,English,Low,2026-08-14T17:10,Synthetic Demo Data
REQ001011,612805,K.G.Srikantapura,Bangalore,KARNATAKA,Banking,Residents have limited access to nearby banking services and have to travel 10 km.,English,High,2026-09-11T08:06,Synthetic Demo Data
REQ001012,612805,K.G.Srikantapura,Bangalore,KARNATAKA,Electricity,The village needs improved electricity infrastructure and street lighting.,English,High,2026-07-25T15:10,Synthetic Demo Data
REQ001013,612805,K.G.Srikantapura,Bangalore,KARNATAKA,Banking,"ಬ್ಯಾಂಕಿಂಗ್ ಸೇವೆಗೆ 10 ಕಿ.ಮೀ ದೂರ ಹೋಗಬೇಕಾಗಿದ್ದು, ಸ್ಥಳೀಯ ಕಿಯೋಸ್ಕ್ ಅಗತ್ಯವಿದೆ.",Kannada,High,2026-07-28T21:23,Synthetic Demo Data
REQ001014,612805,K.G.Srikantapura,Bangalore,KARNATAKA,Digital Connectivity,ಗ್ರಾಮದ ಒಳಭಾಗದಲ್ಲಿ ಮೊಬೈಲ್ ನೆಟ್‌ವರ್ಕ್ ಸಿಗುತ್ತಿಲ್ಲ.,Kannada,Low,2026-07-24T17:24,Synthetic Demo Data
REQ001015,612805,K.G.Srikantapura,Bangalore,KARNATAKA,Healthcare,ಸಂಜೆ 5 ರ ನಂತರ ಸಮೀಪದ ಆರೋಗ್ಯ ಕೇಂದ್ರಕ್ಕೆ ಹೋಗಲು ಕಷ್ಟವಾಗುತ್ತಿದೆ.,Kannada,High,2026-08-10T09:29,Synthetic Demo Data
REQ001016,612805,K.G.Srikantapura,Bangalore,KARNATAKA,Drainage,ಚರಂಡಿ ಕೊರತೆಯಿಂದ ನೀರು ನಿಂತು ಸೊಳ್ಳೆಗಳ ಕಾಟ ಹೆಚ್ಚಾಗಿದೆ.,Kannada,Medium,2026-09-10T07:05,Synthetic Demo Data
REQ001017,612805,K.G.Srikantapura,Bangalore,KARNATAKA,Road,ತಾಲೂಕು ಕೇಂದ್ರಕ್ಕೆ ಸಂಪರ್ಕ ಕಲ್ಪಿಸುವ ರಸ್ತೆ ಸುಧಾರಣೆಗೆ ಗ್ರಾಮಸ್ಥರ ಮನವಿ.,Kannada,Medium,2026-08-09T20:14,Synthetic Demo Data
REQ001018,612805,K.G.Srikantapura,Bangalore,KARNATAKA,Education,ಸ್ಥಳೀಯ ಸರ್ಕಾರಿ ಶಾಲೆಯಲ್ಲಿ ಕಂಪ್ಯೂಟರ್ ಹಾಗೂ ಶೌಚಾಲಯ ಸೌಲಭ್ಯ ಕಲ್ಪಿಸಲು ಮನವಿ.,Kannada,High,2026-07-09T21:43,Synthetic Demo Data
REQ001019,612805,K.G.Srikantapura,Bangalore,KARNATAKA,Healthcare,ಸ್ಥಳೀಯ ಆರೋಗ್ಯ ಸೇವೆಗಳು ಮತ್ತು ಔಷಧಿಗಳ ಲಭ್ಯತೆಯನ್ನು ಸುಧಾರಿಸಲು ವಿನಂತಿ.,Kannada,Medium,2026-07-14T18:28,Synthetic Demo Data
REQ001020,612806,Gangondanahalli,Bangalore,KARNATAKA,Healthcare,The village needs easier access to primary healthcare center.,English,High,2026-08-21T09:47,Synthetic Demo Data
REQ001021,612806,Gangondanahalli,Bangalore,KARNATAKA,Banking,गांव में एटीएम या बैंकिंग सुविधा उपलब्ध कराई जाए।,Hindi,Medium,2026-07-26T16:12,Synthetic Demo Data
REQ001022,612806,Gangondanahalli,Bangalore,KARNATAKA,Education,स्कूल में बेहतर सुविधाओं और शिक्षकों की मांग है।,Hindi,High,2026-08-24T21:17,Synthetic Demo Data
REQ001023,612806,Gangondanahalli,Bangalore,KARNATAKA,Electricity,The village needs improved electricity infrastructure and street lighting.,English,High,2026-08-21T17:30,Synthetic Demo Data
REQ001024,612806,Gangondanahalli,Bangalore,KARNATAKA,Digital Connectivity,इंटरनेट और डिजिटल सेवा केंद्र की जरूरत है।,Hindi,Medium,2026-07-19T20:06,Synthetic Demo Data
REQ001025,612806,Gangondanahalli,Bangalore,KARNATAKA,Drainage,ಭಾರೀ ಮಳೆಯಾದಾಗ ಚರಂಡಿ ಉಕ್ಕಿ ಶಾಲೆ ಬಳಿ ನೀರು ನಿಲ್ಲುತ್ತದೆ.,Kannada,Medium,2026-07-18T06:06,Synthetic Demo Data
REQ001026,612806,Gangondanahalli,Bangalore,KARNATAKA,Public Transport,Residents report limited public transport access to metro/train stations.,English,Medium,2026-07-23T18:38,Synthetic Demo Data
REQ001027,612806,Gangondanahalli,Bangalore,KARNATAKA,Digital Connectivity,ಗ್ರಾಮದ ಒಳಭಾಗದಲ್ಲಿ ಮೊಬೈಲ್ ನೆಟ್‌ವರ್ಕ್ ಸಿಗುತ್ತಿಲ್ಲ.,Kannada,Medium,2026-07-10T21:50,Synthetic Demo Data
REQ001028,612806,Gangondanahalli,Bangalore,KARNATAKA,Healthcare,ಸಂಜೆ 5 ರ ನಂತರ ಸಮೀಪದ ಆರೋಗ್ಯ ಕೇಂದ್ರಕ್ಕೆ ಹೋಗಲು ಕಷ್ಟವಾಗುತ್ತಿದೆ.,Kannada,Medium,2026-08-03T16:51,Synthetic Demo Data
REQ001029,612806,Gangondanahalli,Bangalore,KARNATAKA,Banking,ಎಟಿಎಂ ಅಥವಾ ಗ್ರಾಮ ಬ್ಯಾಂಕಿಂಗ್ ಸೇವೆ ಒದಗಿಸಲು ಸಾರ್ವಜನಿಕರ ಮನವಿ.,Kannada,Low,2026-07-16T18:28,Synthetic Demo Data
REQ001030,612806,Gangondanahalli,Bangalore,KARNATAKA,Road,ತಾಲೂಕು ಕೇಂದ್ರಕ್ಕೆ ಸಂಪರ್ಕ ಕಲ್ಪಿಸುವ ರಸ್ತೆ ಸುಧಾರಣೆಗೆ ಗ್ರಾಮಸ್ಥರ ಮನವಿ.,Kannada,High,2026-07-23T15:56,Synthetic Demo Data
REQ001031,612806,Gangondanahalli,Bangalore,KARNATAKA,Public Transport,ಬೆಳಿಗ್ಗೆ ಮತ್ತು ಸಂಜೆ ವೇಳೆಯಲ್ಲಿ ಹೆಚ್ಚಿನ ಬಸ್ ಸಂಚಾರ ಬೇಕಾಗಿದೆ.,Kannada,High,2026-08-19T21:48,Synthetic Demo Data
REQ001032,612806,Gangondanahalli,Bangalore,KARNATAKA,Drainage,Residents are requesting proper concrete covered drainage near residential areas.,English,Medium,2026-09-08T21:30,Synthetic Demo Data
REQ001033,612806,Gangondanahalli,Bangalore,KARNATAKA,Education,ಬಸ್ ಕೊರತೆಯಿಂದ ವಿದ್ಯಾರ್ಥಿಗಳಿಗೆ ಪ್ರೌಢಶಾಲೆಗೆ ಹೋಗಲು ತೊಂದರೆಯಾಗಿದೆ.,Kannada,Medium,2026-09-02T18:39,Synthetic Demo Data
REQ001034,612806,Gangondanahalli,Bangalore,KARNATAKA,Digital Connectivity,Residents have limited access to high-speed internet and CSC services.,English,High,2026-07-04T07:08,Synthetic Demo Data
REQ001035,612806,Gangondanahalli,Bangalore,KARNATAKA,Banking,"ಬ್ಯಾಂಕಿಂಗ್ ಸೇವೆಗೆ 10 ಕಿ.ಮೀ ದೂರ ಹೋಗಬೇಕಾಗಿದ್ದು, ಸ್ಥಳೀಯ ಕಿಯೋಸ್ಕ್ ಅಗತ್ಯವಿದೆ.",Kannada,Medium,2026-08-13T18:06,Synthetic Demo Data
REQ001036,612806,Gangondanahalli,Bangalore,KARNATAKA,Healthcare,प्राथमिक स्वास्थ्य केंद्र में बेहतर सुविधाओं की आवश्यकता है।,Hindi,Medium,2026-08-01T13:15,Synthetic Demo Data
REQ001037,612806,Gangondanahalli,Bangalore,KARNATAKA,Digital Connectivity,The village needs better mobile network coverage in interior areas.,English,High,2026-08-09T09:21,Synthetic Demo Data
REQ001038,612806,Gangondanahalli,Bangalore,KARNATAKA,Waste Management,ಕಸವನ್ನು ನಿಯಮಿತವಾಗಿ ವಿಲೇವಾರಿ ಮಾಡಲಾಗುತ್ತಿಲ್ಲ.,Kannada,Medium,2026-08-24T19:17,Synthetic Demo Data
REQ001039,612806,Gangondanahalli,Bangalore,KARNATAKA,Water,ಬೇಸಿಗೆಯಲ್ಲಿ ಶುದ್ಧ ಕುಡಿಯುವ ನೀರಿನ ಕೊರತೆ ಎದುರಾಗುತ್ತಿದೆ.,Kannada,Low,2026-08-18T18:20,Synthetic Demo Data
REQ001040,612806,Gangondanahalli,Bangalore,KARNATAKA,Education,Students have difficulty accessing nearby secondary education without bus.,English,Medium,2026-07-27T16:31,Synthetic Demo Data
REQ001041,612806,Gangondanahalli,Bangalore,KARNATAKA,Healthcare,Residents have limited access to a nearby health facility after 5 PM.,English,High,2026-08-08T17:27,Synthetic Demo Data
REQ001042,612806,Gangondanahalli,Bangalore,KARNATAKA,Waste Management,Garbage is not being collected regularly in residential lanes.,English,Low,2026-09-07T12:18,Synthetic Demo Data
REQ001043,612806,Gangondanahalli,Bangalore,KARNATAKA,Waste Management,ಮನೆ ಮನೆಗೆ ತೆರಳಿ ಕಸ ಸಂಗ್ರಹಿಸುವ ವ್ಯವಸ್ಥೆ ಬೇಕು ಎಂದು ನಿವಾಸಿಗಳು ಕೋರುತ್ತಿದ್ದಾರೆ.,Kannada,Medium,2026-07-29T08:45,Synthetic Demo Data
REQ001044,612806,Gangondanahalli,Bangalore,KARNATAKA,Banking,ಗ್ರಾಮದಲ್ಲಿ ಬ್ಯಾಂಕ್ ಸೇವೆಗಳು ಮತ್ತು ಸಾಲ ಸೌಲಭ್ಯಗಳು ಸುಲಭವಾಗಿ ಸಿಗುತ್ತಿಲ್ಲ.,Kannada,High,2026-09-11T21:27,Synthetic Demo Data
REQ001045,612806,Gangondanahalli,Bangalore,KARNATAKA,Waste Management,Residents are requesting a better door-to-door waste collection system.,English,Low,2026-09-03T15:27,Synthetic Demo Data
REQ001046,612806,Gangondanahalli,Bangalore,KARNATAKA,Digital Connectivity,ಹೈಸ್ಪೀಡ್ ಇಂಟರ್ನೆಟ್ ಮತ್ತು ಸಿಎಸ್ಸಿ ಸೇವೆಗಳು ಲಭ್ಯವಿಲ್ಲ.,Kannada,Medium,2026-09-04T20:42,Synthetic Demo Data
REQ001047,612806,Gangondanahalli,Bangalore,KARNATAKA,Electricity,ಪದೇ ಪದೇ ವಿದ್ಯುತ್ ಕಡಿತವಾಗದಂತೆ ನಿರಂತರ ವಿದ್ಯುತ್ ನೀಡಲು ವಿನಂತಿ.,Kannada,Medium,2026-09-05T11:36,Synthetic Demo Data
REQ001048,612806,Gangondanahalli,Bangalore,KARNATAKA,Healthcare,Residents are requesting improved local healthcare access and medicine availability.,English,Low,2026-08-04T19:59,Synthetic Demo Data
REQ001049,612806,Gangondanahalli,Bangalore,KARNATAKA,Education,The village needs improved educational facilities and playground repair.,English,High,2026-08-29T10:15,Synthetic Demo Data
REQ001050,612806,Gangondanahalli,Bangalore,KARNATAKA,Waste Management,Waste is accumulating near residential areas and temple road.,English,Low,2026-08-22T16:55,Synthetic Demo Data
REQ001051,612806,Gangondanahalli,Bangalore,KARNATAKA,Banking,ಎಟಿಎಂ ಅಥವಾ ಗ್ರಾಮ ಬ್ಯಾಂಕಿಂಗ್ ಸೇವೆ ಒದಗಿಸಲು ಸಾರ್ವಜನಿಕರ ಮನವಿ.,Kannada,Low,2026-08-04T15:41,Synthetic Demo Data
REQ001052,612807,K.G. Lakkenahalli,Bangalore,KARNATAKA,Drainage,Drainage overflows during heavy rain and causes waterlogging near the school.,English,Medium,2026-07-15T10:12,Synthetic Demo Data
REQ001053,612807,K.G. Lakkenahalli,Bangalore,KARNATAKA,Water,The village needs improved access to safe drinking water RO plant.,English,Medium,2026-09-10T19:27,Synthetic Demo Data
REQ001054,612807,K.G. Lakkenahalli,Bangalore,KARNATAKA,Education,ಬಸ್ ಕೊರತೆಯಿಂದ ವಿದ್ಯಾರ್ಥಿಗಳಿಗೆ ಪ್ರೌಢಶಾಲೆಗೆ ಹೋಗಲು ತೊಂದರೆಯಾಗಿದೆ.,Kannada,High,2026-07-04T14:50,Synthetic Demo Data
REQ001055,612807,K.G. Lakkenahalli,Bangalore,KARNATAKA,Electricity,People are requesting more reliable power supply without frequent cuts.,English,Medium,2026-07-06T21:50,Synthetic Demo Data
REQ001056,612807,K.G. Lakkenahalli,Bangalore,KARNATAKA,Water,Residents report difficulty getting reliable drinking water in summer.,English,High,2026-08-08T08:57,Synthetic Demo Data
REQ001057,612807,K.G. Lakkenahalli,Bangalore,KARNATAKA,Banking,Residents have limited access to nearby banking services and have to travel 10 km.,English,Medium,2026-07-12T18:53,Synthetic Demo Data
REQ001058,612807,K.G. Lakkenahalli,Bangalore,KARNATAKA,Digital Connectivity,ಗ್ರಾಮ ಪಂಚಾಯತ್ ವ್ಯಾಪ್ತಿಯಲ್ಲಿ ಬಾಪೂಜಿ ಸೇವಾ ಕೇಂದ್ರ / ಡಿಜಿಟಲ್ ಕೇಂದ್ರ ಬೇಕು.,Kannada,Medium,2026-09-03T09:33,Synthetic Demo Data
REQ001059,612807,K.G. Lakkenahalli,Bangalore,KARNATAKA,Education,The village needs improved educational facilities and playground repair.,English,High,2026-07-12T13:38,Synthetic Demo Data
REQ001060,612807,K.G. Lakkenahalli,Bangalore,KARNATAKA,Water,The village needs improved access to safe drinking water RO plant.,English,Low,2026-08-19T13:59,Synthetic Demo Data
REQ001061,612807,K.G. Lakkenahalli,Bangalore,KARNATAKA,Waste Management,ಕಸವನ್ನು ನಿಯಮಿತವಾಗಿ ವಿಲೇವಾರಿ ಮಾಡಲಾಗುತ್ತಿಲ್ಲ.,Kannada,High,2026-08-05T20:26,Synthetic Demo Data
REQ001062,612807,K.G. Lakkenahalli,Bangalore,KARNATAKA,Drainage,Poor drainage is causing stagnant water and mosquito breeding in the village.,English,Medium,2026-07-15T16:34,Synthetic Demo Data
REQ001063,612807,K.G. Lakkenahalli,Bangalore,KARNATAKA,Waste Management,Waste is accumulating near residential areas and temple road.,English,Low,2026-07-19T17:30,Synthetic Demo Data
REQ001064,612807,K.G. Lakkenahalli,Bangalore,KARNATAKA,Digital Connectivity,People are requesting a local digital service facility (Bapuji Seva Kendra).,English,Medium,2026-09-16T07:53,Synthetic Demo Data
REQ001065,612807,K.G. Lakkenahalli,Bangalore,KARNATAKA,Digital Connectivity,People are requesting a local digital service facility (Bapuji Seva Kendra).,English,Medium,2026-07-31T14:35,Synthetic Demo Data
REQ001066,612807,K.G. Lakkenahalli,Bangalore,KARNATAKA,Waste Management,Residents are requesting a better door-to-door waste collection system.,English,Medium,2026-07-16T13:54,Synthetic Demo Data
REQ001067,612808,Vaddarahalli,Bangalore,KARNATAKA,Healthcare,ಸಂಜೆ 5 ರ ನಂತರ ಸಮೀಪದ ಆರೋಗ್ಯ ಕೇಂದ್ರಕ್ಕೆ ಹೋಗಲು ಕಷ್ಟವಾಗುತ್ತಿದೆ.,Kannada,Low,2026-08-02T15:05,Synthetic Demo Data
REQ001068,612808,Vaddarahalli,Bangalore,KARNATAKA,Banking,The village needs better access to banking facilities and loan services.,English,High,2026-07-21T20:40,Synthetic Demo Data
REQ001069,612808,Vaddarahalli,Bangalore,KARNATAKA,Road,The road becomes waterlogged and difficult to travel on during the rainy season.,English,Medium,2026-07-05T14:55,Synthetic Demo Data
REQ001070,612808,Vaddarahalli,Bangalore,KARNATAKA,Drainage,Poor drainage is causing stagnant water and mosquito breeding in the village.,English,Medium,2026-08-22T16:45,Synthetic Demo Data
REQ001071,612808,Vaddarahalli,Bangalore,KARNATAKA,Healthcare,The village needs easier access to primary healthcare center.,English,Low,2026-08-03T08:22,Synthetic Demo Data
REQ001072,612808,Vaddarahalli,Bangalore,KARNATAKA,Healthcare,Residents are requesting improved local healthcare access and medicine availability.,English,Medium,2026-08-28T06:48,Synthetic Demo Data
REQ001073,612808,Vaddarahalli,Bangalore,KARNATAKA,Water,Water supply pressure is insufficient for residents on higher lanes.,English,Medium,2026-07-18T06:25,Synthetic Demo Data
REQ001074,612808,Vaddarahalli,Bangalore,KARNATAKA,Waste Management,ಮನೆ ಮನೆಗೆ ತೆರಳಿ ಕಸ ಸಂಗ್ರಹಿಸುವ ವ್ಯವಸ್ಥೆ ಬೇಕು ಎಂದು ನಿವಾಸಿಗಳು ಕೋರುತ್ತಿದ್ದಾರೆ.,Kannada,High,2026-07-21T13:33,Synthetic Demo Data
REQ001075,612808,Vaddarahalli,Bangalore,KARNATAKA,Public Transport,People are requesting more reliable BMTC/KSRTC public transport services.,English,Medium,2026-09-15T19:50,Synthetic Demo Data
REQ001076,612808,Vaddarahalli,Bangalore,KARNATAKA,Banking,"ಬ್ಯಾಂಕಿಂಗ್ ಸೇವೆಗೆ 10 ಕಿ.ಮೀ ದೂರ ಹೋಗಬೇಕಾಗಿದ್ದು, ಸ್ಥಳೀಯ ಕಿಯೋಸ್ಕ್ ಅಗತ್ಯವಿದೆ.",Kannada,High,2026-07-23T16:51,Synthetic Demo Data
REQ001077,612808,Vaddarahalli,Bangalore,KARNATAKA,Waste Management,ವಸತಿ ಪ್ರದೇಶಗಳ ಬಳಿ ಕಸ ಶೇಖರಣೆಯಾಗುತ್ತಿದೆ.,Kannada,High,2026-08-18T13:01,Synthetic Demo Data
REQ001078,612808,Vaddarahalli,Bangalore,KARNATAKA,Banking,Residents have limited access to nearby banking services and have to travel 10 km.,English,Medium,2026-07-30T08:29,Synthetic Demo Data
REQ001079,612809,Bettahalli,Bangalore,KARNATAKA,Waste Management,Garbage is not being collected regularly in residential lanes.,English,High,2026-08-24T14:09,Synthetic Demo Data
REQ001080,612809,Bettahalli,Bangalore,KARNATAKA,Drainage,ವಸತಿ ಪ್ರದೇಶದ ಬಳಿ ಕಾಂಕ್ರೀಟ್ ಮುಚ್ಚಿದ ಚರಂಡಿ ನಿರ್ಮಿಸಲು ವಿನಂತಿ.,Kannada,High,2026-09-06T19:49,Synthetic Demo Data
REQ001081,612809,Bettahalli,Bangalore,KARNATAKA,Banking,"ಬ್ಯಾಂಕಿಂಗ್ ಸೇವೆಗೆ 10 ಕಿ.ಮೀ ದೂರ ಹೋಗಬೇಕಾಗಿದ್ದು, ಸ್ಥಳೀಯ ಕಿಯೋಸ್ಕ್ ಅಗತ್ಯವಿದೆ.",Kannada,Medium,2026-07-29T12:12,Synthetic Demo Data
REQ001082,612809,Bettahalli,Bangalore,KARNATAKA,Banking,The village needs better access to banking facilities and loan services.,English,High,2026-09-02T18:08,Synthetic Demo Data
REQ001083,612809,Bettahalli,Bangalore,KARNATAKA,Healthcare,ನಮ್ಮ ಗ್ರಾಮಕ್ಕೆ ಪ್ರಾಥಮಿಕ ಆರೋಗ್ಯ ಕೇಂದ್ರದ ಸುಲಭ ಪ್ರವೇಶ ಬೇಕಾಗಿದೆ.,Kannada,Low,2026-08-06T12:26,Synthetic Demo Data
REQ001084,612809,Bettahalli,Bangalore,KARNATAKA,Waste Management,Garbage is not being collected regularly in residential lanes.,English,High,2026-08-03T13:39,Synthetic Demo Data
REQ001085,612809,Bettahalli,Bangalore,KARNATAKA,Healthcare,ಸ್ಥಳೀಯ ಆರೋಗ್ಯ ಸೇವೆಗಳು ಮತ್ತು ಔಷಧಿಗಳ ಲಭ್ಯತೆಯನ್ನು ಸುಧಾರಿಸಲು ವಿನಂತಿ.,Kannada,Medium,2026-08-28T08:00,Synthetic Demo Data
REQ001086,612809,Bettahalli,Bangalore,KARNATAKA,Healthcare,Residents are requesting improved local healthcare access and medicine availability.,English,Medium,2026-07-28T18:45,Synthetic Demo Data
REQ001087,612809,Bettahalli,Bangalore,KARNATAKA,Healthcare,The village needs easier access to primary healthcare center.,English,High,2026-07-08T07:21,Synthetic Demo Data
REQ001088,612809,Bettahalli,Bangalore,KARNATAKA,Banking,ಗ್ರಾಮದಲ್ಲಿ ಬ್ಯಾಂಕ್ ಸೇವೆಗಳು ಮತ್ತು ಸಾಲ ಸೌಲಭ್ಯಗಳು ಸುಲಭವಾಗಿ ಸಿಗುತ್ತಿಲ್ಲ.,Kannada,Low,2026-09-15T07:00,Synthetic Demo Data
REQ001089,612809,Bettahalli,Bangalore,KARNATAKA,Waste Management,Waste is accumulating near residential areas and temple road.,English,Low,2026-08-17T10:57,Synthetic Demo Data
REQ001090,612809,Bettahalli,Bangalore,KARNATAKA,Education,Residents are requesting better facilities and computers in the local school.,English,High,2026-09-02T16:56,Synthetic Demo Data
REQ001091,612809,Bettahalli,Bangalore,KARNATAKA,Healthcare,ಸ್ಥಳೀಯ ಆರೋಗ್ಯ ಸೇವೆಗಳು ಮತ್ತು ಔಷಧಿಗಳ ಲಭ್ಯತೆಯನ್ನು ಸುಧಾರಿಸಲು ವಿನಂತಿ.,Kannada,Medium,2026-07-19T14:07,Synthetic Demo Data
REQ001092,612809,Bettahalli,Bangalore,KARNATAKA,Road,सड़क की हालत खराब है और मरम्मत की जरूरत है।,Hindi,Low,2026-08-05T17:59,Synthetic Demo Data
REQ001093,612809,Bettahalli,Bangalore,KARNATAKA,Healthcare,Residents have limited access to a nearby health facility after 5 PM.,English,Medium,2026-08-03T16:27,Synthetic Demo Data
REQ001094,612810,Kittana Halli,Bangalore,KARNATAKA,Banking,ಗ್ರಾಮದಲ್ಲಿ ಬ್ಯಾಂಕ್ ಸೇವೆಗಳು ಮತ್ತು ಸಾಲ ಸೌಲಭ್ಯಗಳು ಸುಲಭವಾಗಿ ಸಿಗುತ್ತಿಲ್ಲ.,Kannada,Medium,2026-07-20T20:03,Synthetic Demo Data
REQ001095,612810,Kittana Halli,Bangalore,KARNATAKA,Waste Management,ಕಸವನ್ನು ನಿಯಮಿತವಾಗಿ ವಿಲೇವಾರಿ ಮಾಡಲಾಗುತ್ತಿಲ್ಲ.,Kannada,High,2026-08-03T11:45,Synthetic Demo Data
REQ001096,612810,Kittana Halli,Bangalore,KARNATAKA,Healthcare,ಸಂಜೆ 5 ರ ನಂತರ ಸಮೀಪದ ಆರೋಗ್ಯ ಕೇಂದ್ರಕ್ಕೆ ಹೋಗಲು ಕಷ್ಟವಾಗುತ್ತಿದೆ.,Kannada,High,2026-08-15T21:29,Synthetic Demo Data
REQ001097,612810,Kittana Halli,Bangalore,KARNATAKA,Healthcare,The village needs easier access to primary healthcare center.,English,High,2026-07-12T12:55,Synthetic Demo Data
REQ001098,612810,Kittana Halli,Bangalore,KARNATAKA,Waste Management,Residents are requesting a better door-to-door waste collection system.,English,Medium,2026-08-04T12:37,Synthetic Demo Data
REQ001099,612810,Kittana Halli,Bangalore,KARNATAKA,Banking,"ಬ್ಯಾಂಕಿಂಗ್ ಸೇವೆಗೆ 10 ಕಿ.ಮೀ ದೂರ ಹೋಗಬೇಕಾಗಿದ್ದು, ಸ್ಥಳೀಯ ಕಿಯೋಸ್ಕ್ ಅಗತ್ಯವಿದೆ.",Kannada,High,2026-07-10T13:49,Synthetic Demo Data
REQ001100,612810,Kittana Halli,Bangalore,KARNATAKA,Healthcare,ಸಂಜೆ 5 ರ ನಂತರ ಸಮೀಪದ ಆರೋಗ್ಯ ಕೇಂದ್ರಕ್ಕೆ ಹೋಗಲು ಕಷ್ಟವಾಗುತ್ತಿದೆ.,Kannada,High,2026-07-16T18:23,Synthetic Demo Data
REQ001101,612810,Kittana Halli,Bangalore,KARNATAKA,Digital Connectivity,इंटरनेट और डिजिटल सेवा केंद्र की जरूरत है।,Hindi,High,2026-07-11T20:53,Synthetic Demo Data
REQ001102,612810,Kittana Halli,Bangalore,KARNATAKA,Public Transport,ವಿಶ್ವಾಸಾರ್ಹ ಸಾರಿಗೆ ಬಸ್ ಸೇವೆಗಳನ್ನು ಹೆಚ್ಚಿಸಲು ವಿನಂತಿ.,Kannada,Low,2026-09-15T06:21,Synthetic Demo Data
REQ001103,612810,Kittana Halli,Bangalore,KARNATAKA,Banking,The village needs better access to banking facilities and loan services.,English,High,2026-09-11T10:13,Synthetic Demo Data
REQ001104,612810,Kittana Halli,Bangalore,KARNATAKA,Banking,The village needs better access to banking facilities and loan services.,English,High,2026-07-08T08:35,Synthetic Demo Data
REQ001105,612810,Kittana Halli,Bangalore,KARNATAKA,Banking,ಗ್ರಾಮದಲ್ಲಿ ಬ್ಯಾಂಕ್ ಸೇವೆಗಳು ಮತ್ತು ಸಾಲ ಸೌಲಭ್ಯಗಳು ಸುಲಭವಾಗಿ ಸಿಗುತ್ತಿಲ್ಲ.,Kannada,High,2026-07-31T18:05,Synthetic Demo Data
REQ001106,612810,Kittana Halli,Bangalore,KARNATAKA,Water,ಗ್ರಾಮಕ್ಕೆ ಶುದ್ಧ ಕುಡಿಯುವ ನೀರಿನ ಆರ್‌ಒ ಘಟಕದ ಅಗತ್ಯವಿದೆ.,Kannada,Medium,2026-08-06T10:07,Synthetic Demo Data
REQ001107,612810,Kittana Halli,Bangalore,KARNATAKA,Waste Management,Residents are requesting a better door-to-door waste collection system.,English,Low,2026-08-09T10:22,Synthetic Demo Data
REQ001108,612810,Kittana Halli,Bangalore,KARNATAKA,Public Transport,People are requesting more reliable BMTC/KSRTC public transport services.,English,High,2026-08-27T18:30,Synthetic Demo Data
REQ001109,612810,Kittana Halli,Bangalore,KARNATAKA,Waste Management,Garbage is not being collected regularly in residential lanes.,English,Medium,2026-08-17T11:27,Synthetic Demo Data
REQ001110,612810,Kittana Halli,Bangalore,KARNATAKA,Digital Connectivity,ಗ್ರಾಮದ ಒಳಭಾಗದಲ್ಲಿ ಮೊಬೈಲ್ ನೆಟ್‌ವರ್ಕ್ ಸಿಗುತ್ತಿಲ್ಲ.,Kannada,High,2026-08-29T13:41,Synthetic Demo Data
REQ001111,612810,Kittana Halli,Bangalore,KARNATAKA,Public Transport,ಮೆಟ್ರೋ ನಿಲ್ದಾಣಕ್ಕೆ ನೇರ ಬಸ್ ಸಂಪರ್ಕ ಕಲ್ಪಿಸಲು ಗ್ರಾಮಸ್ಥರ ಕೋರಿಕೆ.,Kannada,Medium,2026-09-06T08:18,Synthetic Demo Data
REQ001112,612810,Kittana Halli,Bangalore,KARNATAKA,Healthcare,ಸಂಜೆ 5 ರ ನಂತರ ಸಮೀಪದ ಆರೋಗ್ಯ ಕೇಂದ್ರಕ್ಕೆ ಹೋಗಲು ಕಷ್ಟವಾಗುತ್ತಿದೆ.,Kannada,High,2026-07-17T15:53,Synthetic Demo Data
REQ001113,612810,Kittana Halli,Bangalore,KARNATAKA,Waste Management,ಮನೆ ಮನೆಗೆ ತೆರಳಿ ಕಸ ಸಂಗ್ರಹಿಸುವ ವ್ಯವಸ್ಥೆ ಬೇಕು ಎಂದು ನಿವಾಸಿಗಳು ಕೋರುತ್ತಿದ್ದಾರೆ.,Kannada,High,2026-07-10T07:32,Synthetic Demo Data
REQ001114,612810,Kittana Halli,Bangalore,KARNATAKA,Drainage,ಭಾರೀ ಮಳೆಯಾದಾಗ ಚರಂಡಿ ಉಕ್ಕಿ ಶಾಲೆ ಬಳಿ ನೀರು ನಿಲ್ಲುತ್ತದೆ.,Kannada,Medium,2026-09-11T14:22,Synthetic Demo Data
REQ001115,612810,Kittana Halli,Bangalore,KARNATAKA,Waste Management,ಮನೆ ಮನೆಗೆ ತೆರಳಿ ಕಸ ಸಂಗ್ರಹಿಸುವ ವ್ಯವಸ್ಥೆ ಬೇಕು ಎಂದು ನಿವಾಸಿಗಳು ಕೋರುತ್ತಿದ್ದಾರೆ.,Kannada,High,2026-08-29T11:50,Synthetic Demo Data
REQ001116,612810,Kittana Halli,Bangalore,KARNATAKA,Waste Management,ಕಸವನ್ನು ನಿಯಮಿತವಾಗಿ ವಿಲೇವಾರಿ ಮಾಡಲಾಗುತ್ತಿಲ್ಲ.,Kannada,Medium,2026-08-08T16:37,Synthetic Demo Data
REQ001117,612810,Kittana Halli,Bangalore,KARNATAKA,Public Transport,Residents report limited public transport access to metro/train stations.,English,Medium,2026-08-03T16:58,Synthetic Demo Data
REQ001118,612810,Kittana Halli,Bangalore,KARNATAKA,Banking,ಎಟಿಎಂ ಅಥವಾ ಗ್ರಾಮ ಬ್ಯಾಂಕಿಂಗ್ ಸೇವೆ ಒದಗಿಸಲು ಸಾರ್ವಜನಿಕರ ಮನವಿ.,Kannada,High,2026-09-16T14:55,Synthetic Demo Data
REQ001119,612811,Gattisiddanahalli,Bangalore,KARNATAKA,Digital Connectivity,ಗ್ರಾಮ ಪಂಚಾಯತ್ ವ್ಯಾಪ್ತಿಯಲ್ಲಿ ಬಾಪೂಜಿ ಸೇವಾ ಕೇಂದ್ರ / ಡಿಜಿಟಲ್ ಕೇಂದ್ರ ಬೇಕು.,Kannada,High,2026-07-15T06:10,Synthetic Demo Data
REQ001120,612811,Gattisiddanahalli,Bangalore,KARNATAKA,Digital Connectivity,ಹೈಸ್ಪೀಡ್ ಇಂಟರ್ನೆಟ್ ಮತ್ತು ಸಿಎಸ್ಸಿ ಸೇವೆಗಳು ಲಭ್ಯವಿಲ್ಲ.,Kannada,Low,2026-09-16T21:19,Synthetic Demo Data
REQ001121,612811,Gattisiddanahalli,Bangalore,KARNATAKA,Education,स्कूल में बेहतर सुविधाओं और शिक्षकों की मांग है।,Hindi,Medium,2026-08-20T15:05,Synthetic Demo Data
REQ001122,612811,Gattisiddanahalli,Bangalore,KARNATAKA,Drainage,ಭಾರೀ ಮಳೆಯಾದಾಗ ಚರಂಡಿ ಉಕ್ಕಿ ಶಾಲೆ ಬಳಿ ನೀರು ನಿಲ್ಲುತ್ತದೆ.,Kannada,Low,2026-07-25T06:13,Synthetic Demo Data
REQ001123,612811,Gattisiddanahalli,Bangalore,KARNATAKA,Healthcare,ನಮ್ಮ ಗ್ರಾಮಕ್ಕೆ ಪ್ರಾಥಮಿಕ ಆರೋಗ್ಯ ಕೇಂದ್ರದ ಸುಲಭ ಪ್ರವೇಶ ಬೇಕಾಗಿದೆ.,Kannada,Medium,2026-09-07T12:05,Synthetic Demo Data
REQ001124,612811,Gattisiddanahalli,Bangalore,KARNATAKA,Waste Management,ವಸತಿ ಪ್ರದೇಶಗಳ ಬಳಿ ಕಸ ಶೇಖರಣೆಯಾಗುತ್ತಿದೆ.,Kannada,Medium,2026-07-15T11:57,Synthetic Demo Data
REQ001125,612811,Gattisiddanahalli,Bangalore,KARNATAKA,Waste Management,Waste is accumulating near residential areas and temple road.,English,Medium,2026-08-27T13:12,Synthetic Demo Data
REQ001126,612811,Gattisiddanahalli,Bangalore,KARNATAKA,Waste Management,Waste is accumulating near residential areas and temple road.,English,High,2026-07-02T09:40,Synthetic Demo Data
REQ001127,612811,Gattisiddanahalli,Bangalore,KARNATAKA,Banking,ಗ್ರಾಮದಲ್ಲಿ ಬ್ಯಾಂಕ್ ಸೇವೆಗಳು ಮತ್ತು ಸಾಲ ಸೌಲಭ್ಯಗಳು ಸುಲಭವಾಗಿ ಸಿಗುತ್ತಿಲ್ಲ.,Kannada,Low,2026-09-13T15:02,Synthetic Demo Data
REQ001128,612811,Gattisiddanahalli,Bangalore,KARNATAKA,Healthcare,ಸ್ಥಳೀಯ ಆರೋಗ್ಯ ಸೇವೆಗಳು ಮತ್ತು ಔಷಧಿಗಳ ಲಭ್ಯತೆಯನ್ನು ಸುಧಾರಿಸಲು ವಿನಂತಿ.,Kannada,Medium,2026-09-01T13:45,Synthetic Demo Data
REQ001129,612811,Gattisiddanahalli,Bangalore,KARNATAKA,Water,ಮೇಲ್ಭಾಗದ ಬಡಾವಣೆಗಳಿಗೆ ನೀರಿನ ಸರಬರಾಜು ಒತ್ತಡ ಸಾಲುತ್ತಿಲ್ಲ.,Kannada,High,2026-07-09T14:57,Synthetic Demo Data
REQ001130,612812,Giddenahalli,Bangalore,KARNATAKA,Digital Connectivity,People are requesting a local digital service facility (Bapuji Seva Kendra).,English,Medium,2026-08-14T20:44,Synthetic Demo Data
REQ001131,612812,Giddenahalli,Bangalore,KARNATAKA,Healthcare,ಸ್ಥಳೀಯ ಆರೋಗ್ಯ ಸೇವೆಗಳು ಮತ್ತು ಔಷಧಿಗಳ ಲಭ್ಯತೆಯನ್ನು ಸುಧಾರಿಸಲು ವಿನಂತಿ.,Kannada,High,2026-08-14T20:14,Synthetic Demo Data
REQ001132,612812,Giddenahalli,Bangalore,KARNATAKA,Healthcare,Residents are requesting improved local healthcare access and medicine availability.,English,High,2026-09-16T20:08,Synthetic Demo Data
REQ001133,612812,Giddenahalli,Bangalore,KARNATAKA,Banking,The village needs better access to banking facilities and loan services.,English,Low,2026-08-16T21:51,Synthetic Demo Data
REQ001134,612812,Giddenahalli,Bangalore,KARNATAKA,Banking,ಎಟಿಎಂ ಅಥವಾ ಗ್ರಾಮ ಬ್ಯಾಂಕಿಂಗ್ ಸೇವೆ ಒದಗಿಸಲು ಸಾರ್ವಜನಿಕರ ಮನವಿ.,Kannada,High,2026-07-12T21:08,Synthetic Demo Data
REQ001135,612812,Giddenahalli,Bangalore,KARNATAKA,Waste Management,ವಸತಿ ಪ್ರದೇಶಗಳ ಬಳಿ ಕಸ ಶೇಖರಣೆಯಾಗುತ್ತಿದೆ.,Kannada,High,2026-08-23T21:19,Synthetic Demo Data
REQ001136,612812,Giddenahalli,Bangalore,KARNATAKA,Waste Management,Garbage is not being collected regularly in residential lanes.,English,Medium,2026-08-03T17:43,Synthetic Demo Data
REQ001137,612812,Giddenahalli,Bangalore,KARNATAKA,Waste Management,Residents are requesting a better door-to-door waste collection system.,English,High,2026-07-09T16:27,Synthetic Demo Data
REQ001138,612812,Giddenahalli,Bangalore,KARNATAKA,Drainage,ವಸತಿ ಪ್ರದೇಶದ ಬಳಿ ಕಾಂಕ್ರೀಟ್ ಮುಚ್ಚಿದ ಚರಂಡಿ ನಿರ್ಮಿಸಲು ವಿನಂತಿ.,Kannada,High,2026-08-03T16:50,Synthetic Demo Data
REQ001139,612812,Giddenahalli,Bangalore,KARNATAKA,Road,ಮಳೆಗಾಲದಲ್ಲಿ ರಸ್ತೆಯಲ್ಲಿ ನೀರು ನಿಂತು ವಾಹನ ಚಾಲನೆ ಕಷ್ಟವಾಗುತ್ತದೆ.,Kannada,High,2026-07-20T09:45,Synthetic Demo Data
REQ001140,612812,Giddenahalli,Bangalore,KARNATAKA,Water,The village needs improved access to safe drinking water RO plant.,English,Low,2026-07-15T09:50,Synthetic Demo Data
REQ001141,612812,Giddenahalli,Bangalore,KARNATAKA,Education,Students have difficulty accessing nearby secondary education without bus.,English,Low,2026-07-06T09:10,Synthetic Demo Data
REQ001142,612812,Giddenahalli,Bangalore,KARNATAKA,Digital Connectivity,Residents have limited access to high-speed internet and CSC services.,English,High,2026-08-07T20:48,Synthetic Demo Data
REQ001143,612812,Giddenahalli,Bangalore,KARNATAKA,Healthcare,The village needs easier access to primary healthcare center.,English,High,2026-08-16T16:52,Synthetic Demo Data
REQ001144,612813,Kadabagere,Bangalore,KARNATAKA,Drainage,Poor drainage is causing stagnant water and mosquito breeding in the village.,English,Low,2026-07-01T13:53,Synthetic Demo Data
REQ001145,612813,Kadabagere,Bangalore,KARNATAKA,Electricity,ಗ್ರಾಮದ ಪ್ರಮುಖ ರಸ್ತೆಗಳಲ್ಲಿ ಬೀದಿದೀಪಗಳ ಸೌಲಭ್ಯ ಕಲ್ಪಿಸಬೇಕಾಗಿದೆ.,Kannada,High,2026-08-04T17:45,Synthetic Demo Data
REQ001146,612813,Kadabagere,Bangalore,KARNATAKA,Public Transport,ವಿಶ್ವಾಸಾರ್ಹ ಸಾರಿಗೆ ಬಸ್ ಸೇವೆಗಳನ್ನು ಹೆಚ್ಚಿಸಲು ವಿನಂತಿ.,Kannada,High,2026-09-06T19:50,Synthetic Demo Data
REQ001147,612813,Kadabagere,Bangalore,KARNATAKA,Waste Management,Waste is accumulating near residential areas and temple road.,English,Low,2026-08-28T17:01,Synthetic Demo Data
REQ001148,612813,Kadabagere,Bangalore,KARNATAKA,Healthcare,Residents are requesting improved local healthcare access and medicine availability.,English,Low,2026-07-09T08:21,Synthetic Demo Data
REQ001149,612813,Kadabagere,Bangalore,KARNATAKA,Road,सड़क की हालत खराब है और मरम्मत की जरूरत है।,Hindi,Medium,2026-08-20T07:42,Synthetic Demo Data
REQ001150,612813,Kadabagere,Bangalore,KARNATAKA,Banking,"ಬ್ಯಾಂಕಿಂಗ್ ಸೇವೆಗೆ 10 ಕಿ.ಮೀ ದೂರ ಹೋಗಬೇಕಾಗಿದ್ದು, ಸ್ಥಳೀಯ ಕಿಯೋಸ್ಕ್ ಅಗತ್ಯವಿದೆ.",Kannada,High,2026-09-05T15:26,Synthetic Demo Data
REQ001151,612813,Kadabagere,Bangalore,KARNATAKA,Healthcare,Residents are requesting improved local healthcare access and medicine availability.,English,Low,2026-08-10T17:00,Synthetic Demo Data
REQ001152,612813,Kadabagere,Bangalore,KARNATAKA,Electricity,The village needs improved electricity infrastructure and street lighting.,English,Low,2026-08-21T20:41,Synthetic Demo Data
REQ001153,612813,Kadabagere,Bangalore,KARNATAKA,Waste Management,ಮನೆ ಮನೆಗೆ ತೆರಳಿ ಕಸ ಸಂಗ್ರಹಿಸುವ ವ್ಯವಸ್ಥೆ ಬೇಕು ಎಂದು ನಿವಾಸಿಗಳು ಕೋರುತ್ತಿದ್ದಾರೆ.,Kannada,Medium,2026-08-14T18:49,Synthetic Demo Data
REQ001154,612813,Kadabagere,Bangalore,KARNATAKA,Waste Management,ಕಸವನ್ನು ನಿಯಮಿತವಾಗಿ ವಿಲೇವಾರಿ ಮಾಡಲಾಗುತ್ತಿಲ್ಲ.,Kannada,Medium,2026-08-19T10:33,Synthetic Demo Data
REQ001155,612813,Kadabagere,Bangalore,KARNATAKA,Banking,ಎಟಿಎಂ ಅಥವಾ ಗ್ರಾಮ ಬ್ಯಾಂಕಿಂಗ್ ಸೇವೆ ಒದಗಿಸಲು ಸಾರ್ವಜನಿಕರ ಮನವಿ.,Kannada,Medium,2026-08-09T16:48,Synthetic Demo Data
REQ001156,612813,Kadabagere,Bangalore,KARNATAKA,Digital Connectivity,ಗ್ರಾಮದ ಒಳಭಾಗದಲ್ಲಿ ಮೊಬೈಲ್ ನೆಟ್‌ವರ್ಕ್ ಸಿಗುತ್ತಿಲ್ಲ.,Kannada,Medium,2026-07-31T15:46,Synthetic Demo Data
REQ001157,612813,Kadabagere,Bangalore,KARNATAKA,Healthcare,ಸ್ಥಳೀಯ ಆರೋಗ್ಯ ಸೇವೆಗಳು ಮತ್ತು ಔಷಧಿಗಳ ಲಭ್ಯತೆಯನ್ನು ಸುಧಾರಿಸಲು ವಿನಂತಿ.,Kannada,High,2026-08-17T14:40,Synthetic Demo Data
REQ001158,612813,Kadabagere,Bangalore,KARNATAKA,Healthcare,ಸ್ಥಳೀಯ ಆರೋಗ್ಯ ಸೇವೆಗಳು ಮತ್ತು ಔಷಧಿಗಳ ಲಭ್ಯತೆಯನ್ನು ಸುಧಾರಿಸಲು ವಿನಂತಿ.,Kannada,Low,2026-08-27T15:36,Synthetic Demo Data
REQ001159,612813,Kadabagere,Bangalore,KARNATAKA,Public Transport,ಬೆಳಿಗ್ಗೆ ಮತ್ತು ಸಂಜೆ ವೇಳೆಯಲ್ಲಿ ಹೆಚ್ಚಿನ ಬಸ್ ಸಂಚಾರ ಬೇಕಾಗಿದೆ.,Kannada,Low,2026-09-13T13:22,Synthetic Demo Data
REQ001160,612813,Kadabagere,Bangalore,KARNATAKA,Waste Management,Residents are requesting a better door-to-door waste collection system.,English,Medium,2026-07-18T18:33,Synthetic Demo Data
REQ001161,612813,Kadabagere,Bangalore,KARNATAKA,Public Transport,ವಿಶ್ವಾಸಾರ್ಹ ಸಾರಿಗೆ ಬಸ್ ಸೇವೆಗಳನ್ನು ಹೆಚ್ಚಿಸಲು ವಿನಂತಿ.,Kannada,Medium,2026-08-16T20:06,Synthetic Demo Data
REQ001162,612813,Kadabagere,Bangalore,KARNATAKA,Waste Management,ವಸತಿ ಪ್ರದೇಶಗಳ ಬಳಿ ಕಸ ಶೇಖರಣೆಯಾಗುತ್ತಿದೆ.,Kannada,High,2026-07-08T19:56,Synthetic Demo Data
REQ001163,612813,Kadabagere,Bangalore,KARNATAKA,Drainage,ಭಾರೀ ಮಳೆಯಾದಾಗ ಚರಂಡಿ ಉಕ್ಕಿ ಶಾಲೆ ಬಳಿ ನೀರು ನಿಲ್ಲುತ್ತದೆ.,Kannada,Medium,2026-09-06T18:37,Synthetic Demo Data
REQ001164,612813,Kadabagere,Bangalore,KARNATAKA,Education,Residents are requesting better facilities and computers in the local school.,English,Medium,2026-08-24T20:44,Synthetic Demo Data
REQ001165,612813,Kadabagere,Bangalore,KARNATAKA,Banking,ಗ್ರಾಮದಲ್ಲಿ ಬ್ಯಾಂಕ್ ಸೇವೆಗಳು ಮತ್ತು ಸಾಲ ಸೌಲಭ್ಯಗಳು ಸುಲಭವಾಗಿ ಸಿಗುತ್ತಿಲ್ಲ.,Kannada,Low,2026-07-19T10:31,Synthetic Demo Data
REQ001166,612813,Kadabagere,Bangalore,KARNATAKA,Public Transport,ವಿಶ್ವಾಸಾರ್ಹ ಸಾರಿಗೆ ಬಸ್ ಸೇವೆಗಳನ್ನು ಹೆಚ್ಚಿಸಲು ವಿನಂತಿ.,Kannada,Medium,2026-09-06T09:44,Synthetic Demo Data
REQ001167,612813,Kadabagere,Bangalore,KARNATAKA,Waste Management,ಮನೆ ಮನೆಗೆ ತೆರಳಿ ಕಸ ಸಂಗ್ರಹಿಸುವ ವ್ಯವಸ್ಥೆ ಬೇಕು ಎಂದು ನಿವಾಸಿಗಳು ಕೋರುತ್ತಿದ್ದಾರೆ.,Kannada,High,2026-09-10T17:58,Synthetic Demo Data
REQ001168,612813,Kadabagere,Bangalore,KARNATAKA,Banking,The village needs better access to banking facilities and loan services.,English,High,2026-08-17T15:02,Synthetic Demo Data
REQ001169,612813,Kadabagere,Bangalore,KARNATAKA,Healthcare,ಸಂಜೆ 5 ರ ನಂತರ ಸಮೀಪದ ಆರೋಗ್ಯ ಕೇಂದ್ರಕ್ಕೆ ಹೋಗಲು ಕಷ್ಟವಾಗುತ್ತಿದೆ.,Kannada,Low,2026-08-08T15:31,Synthetic Demo Data
REQ001170,612813,Kadabagere,Bangalore,KARNATAKA,Water,ಮೇಲ್ಭಾಗದ ಬಡಾವಣೆಗಳಿಗೆ ನೀರಿನ ಸರಬರಾಜು ಒತ್ತಡ ಸಾಲುತ್ತಿಲ್ಲ.,Kannada,Medium,2026-08-09T15:13,Synthetic Demo Data
REQ001171,612813,Kadabagere,Bangalore,KARNATAKA,Waste Management,Garbage is not being collected regularly in residential lanes.,English,High,2026-08-14T08:55,Synthetic Demo Data
REQ001172,612813,Kadabagere,Bangalore,KARNATAKA,Water,ಗ್ರಾಮಕ್ಕೆ ಶುದ್ಧ ಕುಡಿಯುವ ನೀರಿನ ಆರ್‌ಒ ಘಟಕದ ಅಗತ್ಯವಿದೆ.,Kannada,Medium,2026-08-13T18:30,Synthetic Demo Data
REQ001173,612813,Kadabagere,Bangalore,KARNATAKA,Banking,People are requesting easier access to ATM or banking kiosk services.,English,Medium,2026-09-03T20:48,Synthetic Demo Data
REQ001174,612813,Kadabagere,Bangalore,KARNATAKA,Healthcare,ಸ್ಥಳೀಯ ಆರೋಗ್ಯ ಸೇವೆಗಳು ಮತ್ತು ಔಷಧಿಗಳ ಲಭ್ಯತೆಯನ್ನು ಸುಧಾರಿಸಲು ವಿನಂತಿ.,Kannada,High,2026-08-22T18:14,Synthetic Demo Data
REQ001175,612813,Kadabagere,Bangalore,KARNATAKA,Banking,ಎಟಿಎಂ ಅಥವಾ ಗ್ರಾಮ ಬ್ಯಾಂಕಿಂಗ್ ಸೇವೆ ಒದಗಿಸಲು ಸಾರ್ವಜನಿಕರ ಮನವಿ.,Kannada,Low,2026-08-26T14:41,Synthetic Demo Data
REQ001176,612813,Kadabagere,Bangalore,KARNATAKA,Drainage,ಭಾರೀ ಮಳೆಯಾದಾಗ ಚರಂಡಿ ಉಕ್ಕಿ ಶಾಲೆ ಬಳಿ ನೀರು ನಿಲ್ಲುತ್ತದೆ.,Kannada,Medium,2026-08-09T09:41,Synthetic Demo Data
REQ001177,612813,Kadabagere,Bangalore,KARNATAKA,Education,ಗ್ರಾಮದ ಶಾಲಾ ಆವರಣ ಹಾಗೂ ಆಟದ ಮೈದಾನ ದುರಸ್ತಿ ಮಾಡಬೇಕಾಗಿದೆ.,Kannada,Medium,2026-07-07T12:48,Synthetic Demo Data
REQ001178,612813,Kadabagere,Bangalore,KARNATAKA,Healthcare,The village needs easier access to primary healthcare center.,English,Medium,2026-09-07T11:01,Synthetic Demo Data
REQ001179,612813,Kadabagere,Bangalore,KARNATAKA,Waste Management,ಮನೆ ಮನೆಗೆ ತೆರಳಿ ಕಸ ಸಂಗ್ರಹಿಸುವ ವ್ಯವಸ್ಥೆ ಬೇಕು ಎಂದು ನಿವಾಸಿಗಳು ಕೋರುತ್ತಿದ್ದಾರೆ.,Kannada,Low,2026-09-13T20:05,Synthetic Demo Data
REQ001180,612813,Kadabagere,Bangalore,KARNATAKA,Electricity,Residents report voltage fluctuations affecting agriculture pump sets.,English,Medium,2026-09-01T06:21,Synthetic Demo Data
REQ001181,612813,Kadabagere,Bangalore,KARNATAKA,Healthcare,ಸ್ಥಳೀಯ ಆರೋಗ್ಯ ಸೇವೆಗಳು ಮತ್ತು ಔಷಧಿಗಳ ಲಭ್ಯತೆಯನ್ನು ಸುಧಾರಿಸಲು ವಿನಂತಿ.,Kannada,High,2026-08-02T08:07,Synthetic Demo Data
REQ001182,612813,Kadabagere,Bangalore,KARNATAKA,Banking,ಗ್ರಾಮದಲ್ಲಿ ಬ್ಯಾಂಕ್ ಸೇವೆಗಳು ಮತ್ತು ಸಾಲ ಸೌಲಭ್ಯಗಳು ಸುಲಭವಾಗಿ ಸಿಗುತ್ತಿಲ್ಲ.,Kannada,High,2026-08-02T08:09,Synthetic Demo Data
REQ001183,612813,Kadabagere,Bangalore,KARNATAKA,Waste Management,ಕಸವನ್ನು ನಿಯಮಿತವಾಗಿ ವಿಲೇವಾರಿ ಮಾಡಲಾಗುತ್ತಿಲ್ಲ.,Kannada,High,2026-08-11T11:01,Synthetic Demo Data
REQ001184,612813,Kadabagere,Bangalore,KARNATAKA,Public Transport,ಬೆಳಿಗ್ಗೆ ಮತ್ತು ಸಂಜೆ ವೇಳೆಯಲ್ಲಿ ಹೆಚ್ಚಿನ ಬಸ್ ಸಂಚಾರ ಬೇಕಾಗಿದೆ.,Kannada,High,2026-08-22T16:16,Synthetic Demo Data
REQ001185,612813,Kadabagere,Bangalore,KARNATAKA,Road,The main approach road near the village is damaged and difficult to use.,English,High,2026-07-31T13:31,Synthetic Demo Data
REQ001186,612813,Kadabagere,Bangalore,KARNATAKA,Healthcare,ನಮ್ಮ ಗ್ರಾಮಕ್ಕೆ ಪ್ರಾಥಮಿಕ ಆರೋಗ್ಯ ಕೇಂದ್ರದ ಸುಲಭ ಪ್ರವೇಶ ಬೇಕಾಗಿದೆ.,Kannada,High,2026-08-10T20:35,Synthetic Demo Data
REQ001187,612813,Kadabagere,Bangalore,KARNATAKA,Healthcare,ಸಂಜೆ 5 ರ ನಂತರ ಸಮೀಪದ ಆರೋಗ್ಯ ಕೇಂದ್ರಕ್ಕೆ ಹೋಗಲು ಕಷ್ಟವಾಗುತ್ತಿದೆ.,Kannada,Medium,2026-07-03T14:35,Synthetic Demo Data
REQ001188,612814,Byandahalli,Bangalore,KARNATAKA,Banking,People are requesting easier access to ATM or banking kiosk services.,English,Medium,2026-07-17T15:36,Synthetic Demo Data
REQ001189,612814,Byandahalli,Bangalore,KARNATAKA,Healthcare,ಸ್ಥಳೀಯ ಆರೋಗ್ಯ ಸೇವೆಗಳು ಮತ್ತು ಔಷಧಿಗಳ ಲಭ್ಯತೆಯನ್ನು ಸುಧಾರಿಸಲು ವಿನಂತಿ.,Kannada,Medium,2026-07-19T17:34,Synthetic Demo Data
REQ001190,612814,Byandahalli,Bangalore,KARNATAKA,Banking,Residents have limited access to nearby banking services and have to travel 10 km.,English,Low,2026-09-10T20:02,Synthetic Demo Data
REQ001191,612814,Byandahalli,Bangalore,KARNATAKA,Water,ಮೇಲ್ಭಾಗದ ಬಡಾವಣೆಗಳಿಗೆ ನೀರಿನ ಸರಬರಾಜು ಒತ್ತಡ ಸಾಲುತ್ತಿಲ್ಲ.,Kannada,High,2026-07-22T06:03,Synthetic Demo Data
REQ001192,612814,Byandahalli,Bangalore,KARNATAKA,Banking,"ಬ್ಯಾಂಕಿಂಗ್ ಸೇವೆಗೆ 10 ಕಿ.ಮೀ ದೂರ ಹೋಗಬೇಕಾಗಿದ್ದು, ಸ್ಥಳೀಯ ಕಿಯೋಸ್ಕ್ ಅಗತ್ಯವಿದೆ.",Kannada,High,2026-08-18T17:53,Synthetic Demo Data
REQ001193,612814,Byandahalli,Bangalore,KARNATAKA,Digital Connectivity,The village needs better mobile network coverage in interior areas.,English,High,2026-07-21T08:19,Synthetic Demo Data
REQ001194,612814,Byandahalli,Bangalore,KARNATAKA,Drainage,Drainage overflows during heavy rain and causes waterlogging near the school.,English,Medium,2026-08-05T19:13,Synthetic Demo Data
REQ001195,612814,Byandahalli,Bangalore,KARNATAKA,Education,स्कूल में बेहतर सुविधाओं और शिक्षकों की मांग है।,Hindi,Low,2026-08-13T14:48,Synthetic Demo Data
REQ001196,612814,Byandahalli,Bangalore,KARNATAKA,Public Transport,ವಿಶ್ವಾಸಾರ್ಹ ಸಾರಿಗೆ ಬಸ್ ಸೇವೆಗಳನ್ನು ಹೆಚ್ಚಿಸಲು ವಿನಂತಿ.,Kannada,Low,2026-08-13T12:29,Synthetic Demo Data
REQ001197,612814,Byandahalli,Bangalore,KARNATAKA,Banking,"ಬ್ಯಾಂಕಿಂಗ್ ಸೇವೆಗೆ 10 ಕಿ.ಮೀ ದೂರ ಹೋಗಬೇಕಾಗಿದ್ದು, ಸ್ಥಳೀಯ ಕಿಯೋಸ್ಕ್ ಅಗತ್ಯವಿದೆ.",Kannada,High,2026-07-01T21:00,Synthetic Demo Data
REQ001198,612814,Byandahalli,Bangalore,KARNATAKA,Banking,The village needs better access to banking facilities and loan services.,English,Medium,2026-09-01T18:34,Synthetic Demo Data
REQ001199,612814,Byandahalli,Bangalore,KARNATAKA,Drainage,Residents are requesting proper concrete covered drainage near residential areas.,English,High,2026-07-04T20:43,Synthetic Demo Data
REQ001200,612814,Byandahalli,Bangalore,KARNATAKA,Drainage,नालियों में पानी भर जाने से जलभराव हो रहा है।,Hindi,Low,2026-08-15T18:11,Synthetic Demo Data
REQ001201,612814,Byandahalli,Bangalore,KARNATAKA,Banking,People are requesting easier access to ATM or banking kiosk services.,English,High,2026-08-17T12:28,Synthetic Demo Data
REQ001202,612814,Byandahalli,Bangalore,KARNATAKA,Water,The village needs improved access to safe drinking water RO plant.,English,Medium,2026-08-15T12:05,Synthetic Demo Data
REQ001203,612815,Bylakonenahalli,Bangalore,KARNATAKA,Electricity,The village needs improved electricity infrastructure and street lighting.,English,High,2026-09-02T17:02,Synthetic Demo Data
REQ001204,612815,Bylakonenahalli,Bangalore,KARNATAKA,Waste Management,Residents are requesting a better door-to-door waste collection system.,English,Medium,2026-07-01T12:52,Synthetic Demo Data
REQ001205,612815,Bylakonenahalli,Bangalore,KARNATAKA,Digital Connectivity,ಹೈಸ್ಪೀಡ್ ಇಂಟರ್ನೆಟ್ ಮತ್ತು ಸಿಎಸ್ಸಿ ಸೇವೆಗಳು ಲಭ್ಯವಿಲ್ಲ.,Kannada,Medium,2026-09-02T11:35,Synthetic Demo Data
REQ001206,612815,Bylakonenahalli,Bangalore,KARNATAKA,Waste Management,Residents are requesting a better door-to-door waste collection system.,English,Medium,2026-09-11T11:04,Synthetic Demo Data
REQ001207,612815,Bylakonenahalli,Bangalore,KARNATAKA,Education,Students have difficulty accessing nearby secondary education without bus.,English,High,2026-09-11T13:56,Synthetic Demo Data
REQ001208,612815,Bylakonenahalli,Bangalore,KARNATAKA,Healthcare,The village needs easier access to primary healthcare center.,English,Low,2026-07-03T14:43,Synthetic Demo Data
REQ001209,612815,Bylakonenahalli,Bangalore,KARNATAKA,Education,ಸ್ಥಳೀಯ ಸರ್ಕಾರಿ ಶಾಲೆಯಲ್ಲಿ ಕಂಪ್ಯೂಟರ್ ಹಾಗೂ ಶೌಚಾಲಯ ಸೌಲಭ್ಯ ಕಲ್ಪಿಸಲು ಮನವಿ.,Kannada,Medium,2026-07-07T16:27,Synthetic Demo Data
REQ001210,612815,Bylakonenahalli,Bangalore,KARNATAKA,Banking,ಎಟಿಎಂ ಅಥವಾ ಗ್ರಾಮ ಬ್ಯಾಂಕಿಂಗ್ ಸೇವೆ ಒದಗಿಸಲು ಸಾರ್ವಜನಿಕರ ಮನವಿ.,Kannada,Medium,2026-08-29T21:23,Synthetic Demo Data
REQ001211,612815,Bylakonenahalli,Bangalore,KARNATAKA,Healthcare,ಸ್ಥಳೀಯ ಆರೋಗ್ಯ ಸೇವೆಗಳು ಮತ್ತು ಔಷಧಿಗಳ ಲಭ್ಯತೆಯನ್ನು ಸುಧಾರಿಸಲು ವಿನಂತಿ.,Kannada,High,2026-08-05T19:34,Synthetic Demo Data
REQ001212,612815,Bylakonenahalli,Bangalore,KARNATAKA,Healthcare,ನಮ್ಮ ಗ್ರಾಮಕ್ಕೆ ಪ್ರಾಥಮಿಕ ಆರೋಗ್ಯ ಕೇಂದ್ರದ ಸುಲಭ ಪ್ರವೇಶ ಬೇಕಾಗಿದೆ.,Kannada,High,2026-09-12T06:47,Synthetic Demo Data
REQ001213,612815,Bylakonenahalli,Bangalore,KARNATAKA,Waste Management,Garbage is not being collected regularly in residential lanes.,English,Low,2026-07-26T11:21,Synthetic Demo Data
REQ001214,612815,Bylakonenahalli,Bangalore,KARNATAKA,Road,The main approach road near the village is damaged and difficult to use.,English,High,2026-08-25T06:37,Synthetic Demo Data
REQ001215,612815,Bylakonenahalli,Bangalore,KARNATAKA,Electricity,Residents report voltage fluctuations affecting agriculture pump sets.,English,High,2026-08-30T13:21,Synthetic Demo Data
REQ001216,612816,Machohalli,Bangalore,KARNATAKA,Banking,Residents have limited access to nearby banking services and have to travel 10 km.,English,Medium,2026-07-10T20:48,Synthetic Demo Data
REQ001217,612816,Machohalli,Bangalore,KARNATAKA,Water,ಬೇಸಿಗೆಯಲ್ಲಿ ಶುದ್ಧ ಕುಡಿಯುವ ನೀರಿನ ಕೊರತೆ ಎದುರಾಗುತ್ತಿದೆ.,Kannada,High,2026-07-08T07:24,Synthetic Demo Data
REQ001218,612816,Machohalli,Bangalore,KARNATAKA,Waste Management,Garbage is not being collected regularly in residential lanes.,English,Medium,2026-07-08T20:03,Synthetic Demo Data
REQ001219,612816,Machohalli,Bangalore,KARNATAKA,Waste Management,Garbage is not being collected regularly in residential lanes.,English,High,2026-07-08T07:18,Synthetic Demo Data
REQ001220,612816,Machohalli,Bangalore,KARNATAKA,Banking,"ಬ್ಯಾಂಕಿಂಗ್ ಸೇವೆಗೆ 10 ಕಿ.ಮೀ ದೂರ ಹೋಗಬೇಕಾಗಿದ್ದು, ಸ್ಥಳೀಯ ಕಿಯೋಸ್ಕ್ ಅಗತ್ಯವಿದೆ.",Kannada,Medium,2026-07-30T06:29,Synthetic Demo Data
REQ001221,612816,Machohalli,Bangalore,KARNATAKA,Waste Management,Residents are requesting a better door-to-door waste collection system.,English,Medium,2026-08-13T06:29,Synthetic Demo Data
REQ001222,612816,Machohalli,Bangalore,KARNATAKA,Healthcare,The village needs easier access to primary healthcare center.,English,High,2026-09-15T08:37,Synthetic Demo Data
REQ001223,612816,Machohalli,Bangalore,KARNATAKA,Electricity,ಗ್ರಾಮದ ಪ್ರಮುಖ ರಸ್ತೆಗಳಲ್ಲಿ ಬೀದಿದೀಪಗಳ ಸೌಲಭ್ಯ ಕಲ್ಪಿಸಬೇಕಾಗಿದೆ.,Kannada,High,2026-09-04T14:22,Synthetic Demo Data
REQ001224,612816,Machohalli,Bangalore,KARNATAKA,Road,Residents are requesting improvement of road connectivity to the taluk center.,English,High,2026-07-18T07:03,Synthetic Demo Data
REQ001225,612816,Machohalli,Bangalore,KARNATAKA,Water,Water supply pressure is insufficient for residents on higher lanes.,English,Low,2026-08-15T15:37,Synthetic Demo Data
REQ001226,612816,Machohalli,Bangalore,KARNATAKA,Banking,People are requesting easier access to ATM or banking kiosk services.,English,Medium,2026-09-16T16:18,Synthetic Demo Data
REQ001227,612816,Machohalli,Bangalore,KARNATAKA,Waste Management,ಮನೆ ಮನೆಗೆ ತೆರಳಿ ಕಸ ಸಂಗ್ರಹಿಸುವ ವ್ಯವಸ್ಥೆ ಬೇಕು ಎಂದು ನಿವಾಸಿಗಳು ಕೋರುತ್ತಿದ್ದಾರೆ.,Kannada,Medium,2026-07-19T07:15,Synthetic Demo Data
REQ001228,612816,Machohalli,Bangalore,KARNATAKA,Healthcare,The village needs easier access to primary healthcare center.,English,Medium,2026-07-26T12:40,Synthetic Demo Data
REQ001229,612816,Machohalli,Bangalore,KARNATAKA,Banking,The village needs better access to banking facilities and loan services.,English,High,2026-08-30T20:38,Synthetic Demo Data
REQ001230,612816,Machohalli,Bangalore,KARNATAKA,Public Transport,People are requesting more reliable BMTC/KSRTC public transport services.,English,Low,2026-09-17T15:26,Synthetic Demo Data
REQ001231,612816,Machohalli,Bangalore,KARNATAKA,Waste Management,ಕಸವನ್ನು ನಿಯಮಿತವಾಗಿ ವಿಲೇವಾರಿ ಮಾಡಲಾಗುತ್ತಿಲ್ಲ.,Kannada,Medium,2026-07-01T13:44,Synthetic Demo Data
REQ001232,612816,Machohalli,Bangalore,KARNATAKA,Drainage,Drainage overflows during heavy rain and causes waterlogging near the school.,English,Medium,2026-08-12T18:13,Synthetic Demo Data
REQ001233,612816,Machohalli,Bangalore,KARNATAKA,Waste Management,Garbage is not being collected regularly in residential lanes.,English,Medium,2026-07-10T17:01,Synthetic Demo Data
REQ001234,612816,Machohalli,Bangalore,KARNATAKA,Education,ಸ್ಥಳೀಯ ಸರ್ಕಾರಿ ಶಾಲೆಯಲ್ಲಿ ಕಂಪ್ಯೂಟರ್ ಹಾಗೂ ಶೌಚಾಲಯ ಸೌಲಭ್ಯ ಕಲ್ಪಿಸಲು ಮನವಿ.,Kannada,High,2026-09-13T17:02,Synthetic Demo Data
REQ001235,612816,Machohalli,Bangalore,KARNATAKA,Banking,ಗ್ರಾಮದಲ್ಲಿ ಬ್ಯಾಂಕ್ ಸೇವೆಗಳು ಮತ್ತು ಸಾಲ ಸೌಲಭ್ಯಗಳು ಸುಲಭವಾಗಿ ಸಿಗುತ್ತಿಲ್ಲ.,Kannada,High,2026-08-03T11:21,Synthetic Demo Data
REQ001236,612816,Machohalli,Bangalore,KARNATAKA,Banking,ಎಟಿಎಂ ಅಥವಾ ಗ್ರಾಮ ಬ್ಯಾಂಕಿಂಗ್ ಸೇವೆ ಒದಗಿಸಲು ಸಾರ್ವಜನಿಕರ ಮನವಿ.,Kannada,High,2026-08-03T09:01,Synthetic Demo Data
REQ001237,612816,Machohalli,Bangalore,KARNATAKA,Banking,"ಬ್ಯಾಂಕಿಂಗ್ ಸೇವೆಗೆ 10 ಕಿ.ಮೀ ದೂರ ಹೋಗಬೇಕಾಗಿದ್ದು, ಸ್ಥಳೀಯ ಕಿಯೋಸ್ಕ್ ಅಗತ್ಯವಿದೆ.",Kannada,Medium,2026-07-15T16:59,Synthetic Demo Data
REQ001238,612816,Machohalli,Bangalore,KARNATAKA,Drainage,ಚರಂಡಿ ಕೊರತೆಯಿಂದ ನೀರು ನಿಂತು ಸೊಳ್ಳೆಗಳ ಕಾಟ ಹೆಚ್ಚಾಗಿದೆ.,Kannada,Low,2026-07-22T19:56,Synthetic Demo Data
REQ001239,612816,Machohalli,Bangalore,KARNATAKA,Public Transport,ಬೆಳಿಗ್ಗೆ ಮತ್ತು ಸಂಜೆ ವೇಳೆಯಲ್ಲಿ ಹೆಚ್ಚಿನ ಬಸ್ ಸಂಚಾರ ಬೇಕಾಗಿದೆ.,Kannada,Medium,2026-07-25T18:44,Synthetic Demo Data
REQ001240,612816,Machohalli,Bangalore,KARNATAKA,Waste Management,Residents are requesting a better door-to-door waste collection system.,English,High,2026-07-06T12:54,Synthetic Demo Data
REQ001241,612816,Machohalli,Bangalore,KARNATAKA,Healthcare,Residents have limited access to a nearby health facility after 5 PM.,English,High,2026-08-05T10:54,Synthetic Demo Data
REQ001242,612816,Machohalli,Bangalore,KARNATAKA,Healthcare,Residents have limited access to a nearby health facility after 5 PM.,English,High,2026-07-11T21:50,Synthetic Demo Data
REQ001243,612816,Machohalli,Bangalore,KARNATAKA,Digital Connectivity,ಗ್ರಾಮದ ಒಳಭಾಗದಲ್ಲಿ ಮೊಬೈಲ್ ನೆಟ್‌ವರ್ಕ್ ಸಿಗುತ್ತಿಲ್ಲ.,Kannada,Medium,2026-09-04T17:31,Synthetic Demo Data
REQ001244,612816,Machohalli,Bangalore,KARNATAKA,Healthcare,ಸ್ಥಳೀಯ ಆರೋಗ್ಯ ಸೇವೆಗಳು ಮತ್ತು ಔಷಧಿಗಳ ಲಭ್ಯತೆಯನ್ನು ಸುಧಾರಿಸಲು ವಿನಂತಿ.,Kannada,Medium,2026-08-31T21:30,Synthetic Demo Data
REQ001245,612816,Machohalli,Bangalore,KARNATAKA,Waste Management,ಮನೆ ಮನೆಗೆ ತೆರಳಿ ಕಸ ಸಂಗ್ರಹಿಸುವ ವ್ಯವಸ್ಥೆ ಬೇಕು ಎಂದು ನಿವಾಸಿಗಳು ಕೋರುತ್ತಿದ್ದಾರೆ.,Kannada,Medium,2026-07-27T13:57,Synthetic Demo Data
REQ001246,612816,Machohalli,Bangalore,KARNATAKA,Drainage,Poor drainage is causing stagnant water and mosquito breeding in the village.,English,High,2026-08-24T18:36,Synthetic Demo Data
REQ001247,612816,Machohalli,Bangalore,KARNATAKA,Water,The village needs improved access to safe drinking water RO plant.,English,Medium,2026-07-18T08:18,Synthetic Demo Data
REQ001248,612816,Machohalli,Bangalore,KARNATAKA,Road,ಮಳೆಗಾಲದಲ್ಲಿ ರಸ್ತೆಯಲ್ಲಿ ನೀರು ನಿಂತು ವಾಹನ ಚಾಲನೆ ಕಷ್ಟವಾಗುತ್ತದೆ.,Kannada,High,2026-09-04T16:27,Synthetic Demo Data
REQ001249,612816,Machohalli,Bangalore,KARNATAKA,Road,ತಾಲೂಕು ಕೇಂದ್ರಕ್ಕೆ ಸಂಪರ್ಕ ಕಲ್ಪಿಸುವ ರಸ್ತೆ ಸುಧಾರಣೆಗೆ ಗ್ರಾಮಸ್ಥರ ಮನವಿ.,Kannada,Low,2026-08-10T14:24,Synthetic Demo Data
REQ001250,612816,Machohalli,Bangalore,KARNATAKA,Water,ಗ್ರಾಮಕ್ಕೆ ಶುದ್ಧ ಕುಡಿಯುವ ನೀರಿನ ಆರ್‌ಒ ಘಟಕದ ಅಗತ್ಯವಿದೆ.,Kannada,Medium,2026-08-15T08:18,Synthetic Demo Data
REQ001251,612816,Machohalli,Bangalore,KARNATAKA,Banking,"ಬ್ಯಾಂಕಿಂಗ್ ಸೇವೆಗೆ 10 ಕಿ.ಮೀ ದೂರ ಹೋಗಬೇಕಾಗಿದ್ದು, ಸ್ಥಳೀಯ ಕಿಯೋಸ್ಕ್ ಅಗತ್ಯವಿದೆ.",Kannada,High,2026-08-05T13:06,Synthetic Demo Data
REQ001252,612816,Machohalli,Bangalore,KARNATAKA,Water,ಮೇಲ್ಭಾಗದ ಬಡಾವಣೆಗಳಿಗೆ ನೀರಿನ ಸರಬರಾಜು ಒತ್ತಡ ಸಾಲುತ್ತಿಲ್ಲ.,Kannada,High,2026-07-26T16:16,Synthetic Demo Data
REQ001253,612816,Machohalli,Bangalore,KARNATAKA,Waste Management,Residents are requesting a better door-to-door waste collection system.,English,Low,2026-07-25T10:54,Synthetic Demo Data
REQ001254,612816,Machohalli,Bangalore,KARNATAKA,Public Transport,Residents report limited public transport access to metro/train stations.,English,High,2026-08-08T15:52,Synthetic Demo Data
REQ001255,612816,Machohalli,Bangalore,KARNATAKA,Waste Management,गांव में कचरा समय पर नहीं उठाया जा रहा है।,Hindi,Low,2026-07-02T21:41,Synthetic Demo Data
REQ001256,612816,Machohalli,Bangalore,KARNATAKA,Healthcare,The village needs easier access to primary healthcare center.,English,Low,2026-07-30T13:46,Synthetic Demo Data
REQ001257,612816,Machohalli,Bangalore,KARNATAKA,Public Transport,ವಿಶ್ವಾಸಾರ್ಹ ಸಾರಿಗೆ ಬಸ್ ಸೇವೆಗಳನ್ನು ಹೆಚ್ಚಿಸಲು ವಿನಂತಿ.,Kannada,Medium,2026-09-09T20:46,Synthetic Demo Data
REQ001258,612816,Machohalli,Bangalore,KARNATAKA,Electricity,ಪದೇ ಪದೇ ವಿದ್ಯುತ್ ಕಡಿತವಾಗದಂತೆ ನಿರಂತರ ವಿದ್ಯುತ್ ನೀಡಲು ವಿನಂತಿ.,Kannada,High,2026-07-25T19:49,Synthetic Demo Data
REQ001259,612816,Machohalli,Bangalore,KARNATAKA,Banking,ಗ್ರಾಮದಲ್ಲಿ ಬ್ಯಾಂಕ್ ಸೇವೆಗಳು ಮತ್ತು ಸಾಲ ಸೌಲಭ್ಯಗಳು ಸುಲಭವಾಗಿ ಸಿಗುತ್ತಿಲ್ಲ.,Kannada,Medium,2026-09-10T06:23,Synthetic Demo Data
REQ001260,612816,Machohalli,Bangalore,KARNATAKA,Water,The village needs improved access to safe drinking water RO plant.,English,Low,2026-07-02T21:51,Synthetic Demo Data
REQ001261,612817,Kachohalli,Bangalore,KARNATAKA,Digital Connectivity,ಗ್ರಾಮ ಪಂಚಾಯತ್ ವ್ಯಾಪ್ತಿಯಲ್ಲಿ ಬಾಪೂಜಿ ಸೇವಾ ಕೇಂದ್ರ / ಡಿಜಿಟಲ್ ಕೇಂದ್ರ ಬೇಕು.,Kannada,Medium,2026-08-21T15:20,Synthetic Demo Data
REQ001262,612817,Kachohalli,Bangalore,KARNATAKA,Healthcare,The village needs easier access to primary healthcare center.,English,Low,2026-07-20T16:36,Synthetic Demo Data
REQ001263,612817,Kachohalli,Bangalore,KARNATAKA,Education,The village needs improved educational facilities and playground repair.,English,Medium,2026-08-20T18:13,Synthetic Demo Data
REQ001264,612817,Kachohalli,Bangalore,KARNATAKA,Banking,ಗ್ರಾಮದಲ್ಲಿ ಬ್ಯಾಂಕ್ ಸೇವೆಗಳು ಮತ್ತು ಸಾಲ ಸೌಲಭ್ಯಗಳು ಸುಲಭವಾಗಿ ಸಿಗುತ್ತಿಲ್ಲ.,Kannada,High,2026-07-14T16:36,Synthetic Demo Data
REQ001265,612817,Kachohalli,Bangalore,KARNATAKA,Banking,The village needs better access to banking facilities and loan services.,English,High,2026-07-14T11:02,Synthetic Demo Data
REQ001266,612817,Kachohalli,Bangalore,KARNATAKA,Electricity,People are requesting more reliable power supply without frequent cuts.,English,High,2026-07-09T18:18,Synthetic Demo Data
REQ001267,612817,Kachohalli,Bangalore,KARNATAKA,Drainage,ವಸತಿ ಪ್ರದೇಶದ ಬಳಿ ಕಾಂಕ್ರೀಟ್ ಮುಚ್ಚಿದ ಚರಂಡಿ ನಿರ್ಮಿಸಲು ವಿನಂತಿ.,Kannada,High,2026-07-08T17:33,Synthetic Demo Data
REQ001268,612817,Kachohalli,Bangalore,KARNATAKA,Water,ಗ್ರಾಮಕ್ಕೆ ಶುದ್ಧ ಕುಡಿಯುವ ನೀರಿನ ಆರ್‌ಒ ಘಟಕದ ಅಗತ್ಯವಿದೆ.,Kannada,Medium,2026-07-15T10:34,Synthetic Demo Data
REQ001269,612817,Kachohalli,Bangalore,KARNATAKA,Road,Residents are requesting improvement of road connectivity to the taluk center.,English,Low,2026-07-27T10:55,Synthetic Demo Data
REQ001270,612817,Kachohalli,Bangalore,KARNATAKA,Drainage,ವಸತಿ ಪ್ರದೇಶದ ಬಳಿ ಕಾಂಕ್ರೀಟ್ ಮುಚ್ಚಿದ ಚರಂಡಿ ನಿರ್ಮಿಸಲು ವಿನಂತಿ.,Kannada,Medium,2026-07-21T15:37,Synthetic Demo Data
REQ001271,612817,Kachohalli,Bangalore,KARNATAKA,Drainage,Poor drainage is causing stagnant water and mosquito breeding in the village.,English,High,2026-07-01T10:28,Synthetic Demo Data
REQ001272,612817,Kachohalli,Bangalore,KARNATAKA,Water,ಬೇಸಿಗೆಯಲ್ಲಿ ಶುದ್ಧ ಕುಡಿಯುವ ನೀರಿನ ಕೊರತೆ ಎದುರಾಗುತ್ತಿದೆ.,Kannada,Medium,2026-09-11T21:29,Synthetic Demo Data
REQ001273,612817,Kachohalli,Bangalore,KARNATAKA,Healthcare,ನಮ್ಮ ಗ್ರಾಮಕ್ಕೆ ಪ್ರಾಥಮಿಕ ಆರೋಗ್ಯ ಕೇಂದ್ರದ ಸುಲಭ ಪ್ರವೇಶ ಬೇಕಾಗಿದೆ.,Kannada,High,2026-08-28T17:44,Synthetic Demo Data
REQ001274,612817,Kachohalli,Bangalore,KARNATAKA,Electricity,Residents report voltage fluctuations affecting agriculture pump sets.,English,Medium,2026-07-23T19:15,Synthetic Demo Data
REQ001275,612817,Kachohalli,Bangalore,KARNATAKA,Drainage,Poor drainage is causing stagnant water and mosquito breeding in the village.,English,Medium,2026-07-24T09:25,Synthetic Demo Data
REQ001276,612817,Kachohalli,Bangalore,KARNATAKA,Digital Connectivity,ಗ್ರಾಮ ಪಂಚಾಯತ್ ವ್ಯಾಪ್ತಿಯಲ್ಲಿ ಬಾಪೂಜಿ ಸೇವಾ ಕೇಂದ್ರ / ಡಿಜಿಟಲ್ ಕೇಂದ್ರ ಬೇಕು.,Kannada,High,2026-09-07T15:42,Synthetic Demo Data
REQ001277,612817,Kachohalli,Bangalore,KARNATAKA,Banking,Residents have limited access to nearby banking services and have to travel 10 km.,English,Low,2026-09-02T19:48,Synthetic Demo Data
REQ001278,612817,Kachohalli,Bangalore,KARNATAKA,Healthcare,प्राथमिक स्वास्थ्य केंद्र में बेहतर सुविधाओं की आवश्यकता है।,Hindi,Medium,2026-09-03T16:26,Synthetic Demo Data
REQ001279,612817,Kachohalli,Bangalore,KARNATAKA,Healthcare,ಸ್ಥಳೀಯ ಆರೋಗ್ಯ ಸೇವೆಗಳು ಮತ್ತು ಔಷಧಿಗಳ ಲಭ್ಯತೆಯನ್ನು ಸುಧಾರಿಸಲು ವಿನಂತಿ.,Kannada,High,2026-07-04T08:40,Synthetic Demo Data
REQ001280,612817,Kachohalli,Bangalore,KARNATAKA,Digital Connectivity,Residents have limited access to high-speed internet and CSC services.,English,High,2026-08-21T12:25,Synthetic Demo Data
REQ001281,612817,Kachohalli,Bangalore,KARNATAKA,Water,ಮೇಲ್ಭಾಗದ ಬಡಾವಣೆಗಳಿಗೆ ನೀರಿನ ಸರಬರಾಜು ಒತ್ತಡ ಸಾಲುತ್ತಿಲ್ಲ.,Kannada,Low,2026-08-11T20:31,Synthetic Demo Data
REQ001282,612817,Kachohalli,Bangalore,KARNATAKA,Healthcare,ಸ್ಥಳೀಯ ಆರೋಗ್ಯ ಸೇವೆಗಳು ಮತ್ತು ಔಷಧಿಗಳ ಲಭ್ಯತೆಯನ್ನು ಸುಧಾರಿಸಲು ವಿನಂತಿ.,Kannada,High,2026-08-26T10:30,Synthetic Demo Data
REQ001283,612817,Kachohalli,Bangalore,KARNATAKA,Electricity,People are requesting more reliable power supply without frequent cuts.,English,Low,2026-09-16T09:11,Synthetic Demo Data
REQ001284,612817,Kachohalli,Bangalore,KARNATAKA,Waste Management,ವಸತಿ ಪ್ರದೇಶಗಳ ಬಳಿ ಕಸ ಶೇಖರಣೆಯಾಗುತ್ತಿದೆ.,Kannada,High,2026-07-02T14:09,Synthetic Demo Data
REQ001285,612817,Kachohalli,Bangalore,KARNATAKA,Healthcare,ಸ್ಥಳೀಯ ಆರೋಗ್ಯ ಸೇವೆಗಳು ಮತ್ತು ಔಷಧಿಗಳ ಲಭ್ಯತೆಯನ್ನು ಸುಧಾರಿಸಲು ವಿನಂತಿ.,Kannada,High,2026-09-07T12:28,Synthetic Demo Data
REQ001286,612817,Kachohalli,Bangalore,KARNATAKA,Digital Connectivity,The village needs better mobile network coverage in interior areas.,English,Medium,2026-07-14T18:44,Synthetic Demo Data
REQ001287,612817,Kachohalli,Bangalore,KARNATAKA,Waste Management,ಕಸವನ್ನು ನಿಯಮಿತವಾಗಿ ವಿಲೇವಾರಿ ಮಾಡಲಾಗುತ್ತಿಲ್ಲ.,Kannada,High,2026-08-18T12:59,Synthetic Demo Data
REQ001288,612817,Kachohalli,Bangalore,KARNATAKA,Waste Management,Garbage is not being collected regularly in residential lanes.,English,High,2026-08-23T06:00,Synthetic Demo Data
REQ001289,612817,Kachohalli,Bangalore,KARNATAKA,Waste Management,ಮನೆ ಮನೆಗೆ ತೆರಳಿ ಕಸ ಸಂಗ್ರಹಿಸುವ ವ್ಯವಸ್ಥೆ ಬೇಕು ಎಂದು ನಿವಾಸಿಗಳು ಕೋರುತ್ತಿದ್ದಾರೆ.,Kannada,High,2026-07-13T11:46,Synthetic Demo Data
REQ001290,612817,Kachohalli,Bangalore,KARNATAKA,Drainage,ಭಾರೀ ಮಳೆಯಾದಾಗ ಚರಂಡಿ ಉಕ್ಕಿ ಶಾಲೆ ಬಳಿ ನೀರು ನಿಲ್ಲುತ್ತದೆ.,Kannada,Low,2026-08-11T12:39,Synthetic Demo Data
REQ001291,612817,Kachohalli,Bangalore,KARNATAKA,Drainage,ಚರಂಡಿ ಕೊರತೆಯಿಂದ ನೀರು ನಿಂತು ಸೊಳ್ಳೆಗಳ ಕಾಟ ಹೆಚ್ಚಾಗಿದೆ.,Kannada,High,2026-07-28T09:22,Synthetic Demo Data
REQ001292,612817,Kachohalli,Bangalore,KARNATAKA,Waste Management,ಮನೆ ಮನೆಗೆ ತೆರಳಿ ಕಸ ಸಂಗ್ರಹಿಸುವ ವ್ಯವಸ್ಥೆ ಬೇಕು ಎಂದು ನಿವಾಸಿಗಳು ಕೋರುತ್ತಿದ್ದಾರೆ.,Kannada,High,2026-08-19T12:29,Synthetic Demo Data
REQ001293,612817,Kachohalli,Bangalore,KARNATAKA,Waste Management,Waste is accumulating near residential areas and temple road.,English,Medium,2026-08-17T07:04,Synthetic Demo Data
REQ001294,612817,Kachohalli,Bangalore,KARNATAKA,Banking,"ಬ್ಯಾಂಕಿಂಗ್ ಸೇವೆಗೆ 10 ಕಿ.ಮೀ ದೂರ ಹೋಗಬೇಕಾಗಿದ್ದು, ಸ್ಥಳೀಯ ಕಿಯೋಸ್ಕ್ ಅಗತ್ಯವಿದೆ.",Kannada,Medium,2026-07-14T11:16,Synthetic Demo Data
REQ001295,612817,Kachohalli,Bangalore,KARNATAKA,Banking,Residents have limited access to nearby banking services and have to travel 10 km.,English,Medium,2026-07-18T16:11,Synthetic Demo Data
REQ001296,612817,Kachohalli,Bangalore,KARNATAKA,Education,Residents are requesting better facilities and computers in the local school.,English,Low,2026-08-31T08:21,Synthetic Demo Data
REQ001297,612817,Kachohalli,Bangalore,KARNATAKA,Water,The village needs improved access to safe drinking water RO plant.,English,Medium,2026-07-30T06:14,Synthetic Demo Data
REQ001298,612817,Kachohalli,Bangalore,KARNATAKA,Water,Residents report difficulty getting reliable drinking water in summer.,English,High,2026-08-24T13:39,Synthetic Demo Data
REQ001299,612817,Kachohalli,Bangalore,KARNATAKA,Water,ಗ್ರಾಮಕ್ಕೆ ಶುದ್ಧ ಕುಡಿಯುವ ನೀರಿನ ಆರ್‌ಒ ಘಟಕದ ಅಗತ್ಯವಿದೆ.,Kannada,High,2026-07-20T18:13,Synthetic Demo Data
REQ001300,612817,Kachohalli,Bangalore,KARNATAKA,Education,ಗ್ರಾಮದ ಶಾಲಾ ಆವರಣ ಹಾಗೂ ಆಟದ ಮೈದಾನ ದುರಸ್ತಿ ಮಾಡಬೇಕಾಗಿದೆ.,Kannada,Medium,2026-08-26T16:08,Synthetic Demo Data
REQ001301,612817,Kachohalli,Bangalore,KARNATAKA,Waste Management,Garbage is not being collected regularly in residential lanes.,English,Medium,2026-08-23T15:48,Synthetic Demo Data
REQ001302,612817,Kachohalli,Bangalore,KARNATAKA,Water,The village needs improved access to safe drinking water RO plant.,English,High,2026-07-27T07:58,Synthetic Demo Data
REQ001303,612817,Kachohalli,Bangalore,KARNATAKA,Banking,गांव में एटीएम या बैंकिंग सुविधा उपलब्ध कराई जाए।,Hindi,Medium,2026-07-29T18:33,Synthetic Demo Data
REQ001304,612817,Kachohalli,Bangalore,KARNATAKA,Waste Management,ಕಸವನ್ನು ನಿಯಮಿತವಾಗಿ ವಿಲೇವಾರಿ ಮಾಡಲಾಗುತ್ತಿಲ್ಲ.,Kannada,High,2026-09-01T08:12,Synthetic Demo Data
REQ001305,612817,Kachohalli,Bangalore,KARNATAKA,Water,पीने के साफ पानी की व्यवस्था की जाए।,Hindi,High,2026-07-23T12:15,Synthetic Demo Data
REQ001306,612818,Ganigarahalli,Bangalore,KARNATAKA,Healthcare,ಸಂಜೆ 5 ರ ನಂತರ ಸಮೀಪದ ಆರೋಗ್ಯ ಕೇಂದ್ರಕ್ಕೆ ಹೋಗಲು ಕಷ್ಟವಾಗುತ್ತಿದೆ.,Kannada,High,2026-07-26T13:27,Synthetic Demo Data
REQ001307,612818,Ganigarahalli,Bangalore,KARNATAKA,Waste Management,ವಸತಿ ಪ್ರದೇಶಗಳ ಬಳಿ ಕಸ ಶೇಖರಣೆಯಾಗುತ್ತಿದೆ.,Kannada,Medium,2026-07-26T14:55,Synthetic Demo Data
REQ001308,612818,Ganigarahalli,Bangalore,KARNATAKA,Electricity,ವೋಲ್ಟೇಜ್ ಏರಿಳಿತದಿಂದ ಪಂಪ್‌ಸೆಟ್‌ಗಳಿಗೆ ತೊಂದರೆಯಾಗುತ್ತಿದೆ.,Kannada,Medium,2026-07-22T21:28,Synthetic Demo Data
REQ001309,612818,Ganigarahalli,Bangalore,KARNATAKA,Healthcare,Residents have limited access to a nearby health facility after 5 PM.,English,Medium,2026-08-31T06:48,Synthetic Demo Data
REQ001310,612818,Ganigarahalli,Bangalore,KARNATAKA,Healthcare,Residents have limited access to a nearby health facility after 5 PM.,English,Medium,2026-07-20T11:16,Synthetic Demo Data
REQ001311,612818,Ganigarahalli,Bangalore,KARNATAKA,Healthcare,ಸಂಜೆ 5 ರ ನಂತರ ಸಮೀಪದ ಆರೋಗ್ಯ ಕೇಂದ್ರಕ್ಕೆ ಹೋಗಲು ಕಷ್ಟವಾಗುತ್ತಿದೆ.,Kannada,Medium,2026-09-16T21:04,Synthetic Demo Data
REQ001312,612818,Ganigarahalli,Bangalore,KARNATAKA,Road,The main approach road near the village is damaged and difficult to use.,English,High,2026-07-25T06:00,Synthetic Demo Data
REQ001313,612818,Ganigarahalli,Bangalore,KARNATAKA,Banking,The village needs better access to banking facilities and loan services.,English,Medium,2026-08-23T18:47,Synthetic Demo Data
REQ001314,612818,Ganigarahalli,Bangalore,KARNATAKA,Road,ಮಳೆಗಾಲದಲ್ಲಿ ರಸ್ತೆಯಲ್ಲಿ ನೀರು ನಿಂತು ವಾಹನ ಚಾಲನೆ ಕಷ್ಟವಾಗುತ್ತದೆ.,Kannada,Low,2026-07-10T19:56,Synthetic Demo Data
REQ001315,612818,Ganigarahalli,Bangalore,KARNATAKA,Water,The village needs improved access to safe drinking water RO plant.,English,Low,2026-07-21T12:48,Synthetic Demo Data
REQ001316,612818,Ganigarahalli,Bangalore,KARNATAKA,Healthcare,ಸ್ಥಳೀಯ ಆರೋಗ್ಯ ಸೇವೆಗಳು ಮತ್ತು ಔಷಧಿಗಳ ಲಭ್ಯತೆಯನ್ನು ಸುಧಾರಿಸಲು ವಿನಂತಿ.,Kannada,High,2026-09-01T17:44,Synthetic Demo Data
REQ001317,612818,Ganigarahalli,Bangalore,KARNATAKA,Water,ಗ್ರಾಮಕ್ಕೆ ಶುದ್ಧ ಕುಡಿಯುವ ನೀರಿನ ಆರ್‌ಒ ಘಟಕದ ಅಗತ್ಯವಿದೆ.,Kannada,Medium,2026-08-01T21:02,Synthetic Demo Data
REQ001318,612818,Ganigarahalli,Bangalore,KARNATAKA,Banking,"ಬ್ಯಾಂಕಿಂಗ್ ಸೇವೆಗೆ 10 ಕಿ.ಮೀ ದೂರ ಹೋಗಬೇಕಾಗಿದ್ದು, ಸ್ಥಳೀಯ ಕಿಯೋಸ್ಕ್ ಅಗತ್ಯವಿದೆ.",Kannada,Medium,2026-07-19T14:38,Synthetic Demo Data
REQ001319,612818,Ganigarahalli,Bangalore,KARNATAKA,Healthcare,Residents have limited access to a nearby health facility after 5 PM.,English,High,2026-09-13T11:00,Synthetic Demo Data
REQ001320,612818,Ganigarahalli,Bangalore,KARNATAKA,Drainage,ವಸತಿ ಪ್ರದೇಶದ ಬಳಿ ಕಾಂಕ್ರೀಟ್ ಮುಚ್ಚಿದ ಚರಂಡಿ ನಿರ್ಮಿಸಲು ವಿನಂತಿ.,Kannada,Low,2026-08-20T08:33,Synthetic Demo Data
REQ001321,612818,Ganigarahalli,Bangalore,KARNATAKA,Banking,People are requesting easier access to ATM or banking kiosk services.,English,Low,2026-08-02T15:32,Synthetic Demo Data
REQ001322,612818,Ganigarahalli,Bangalore,KARNATAKA,Banking,The village needs better access to banking facilities and loan services.,English,Medium,2026-08-22T08:06,Synthetic Demo Data
REQ001323,612818,Ganigarahalli,Bangalore,KARNATAKA,Digital Connectivity,Residents have limited access to high-speed internet and CSC services.,English,Low,2026-08-04T12:59,Synthetic Demo Data
REQ001324,612818,Ganigarahalli,Bangalore,KARNATAKA,Public Transport,The village needs better bus frequency during morning and evening hours.,English,Low,2026-09-01T06:06,Synthetic Demo Data
REQ001325,612818,Ganigarahalli,Bangalore,KARNATAKA,Drainage,Residents are requesting proper concrete covered drainage near residential areas.,English,Medium,2026-08-06T19:10,Synthetic Demo Data
REQ001326,612818,Ganigarahalli,Bangalore,KARNATAKA,Waste Management,ಕಸವನ್ನು ನಿಯಮಿತವಾಗಿ ವಿಲೇವಾರಿ ಮಾಡಲಾಗುತ್ತಿಲ್ಲ.,Kannada,High,2026-07-24T09:28,Synthetic Demo Data
REQ001327,612819,Somashetti Halli,Bangalore,KARNATAKA,Education,ಬಸ್ ಕೊರತೆಯಿಂದ ವಿದ್ಯಾರ್ಥಿಗಳಿಗೆ ಪ್ರೌಢಶಾಲೆಗೆ ಹೋಗಲು ತೊಂದರೆಯಾಗಿದೆ.,Kannada,High,2026-07-24T12:16,Synthetic Demo Data
REQ001328,612819,Somashetti Halli,Bangalore,KARNATAKA,Banking,The village needs better access to banking facilities and loan services.,English,Medium,2026-07-14T11:05,Synthetic Demo Data
REQ001329,612819,Somashetti Halli,Bangalore,KARNATAKA,Waste Management,ವಸತಿ ಪ್ರದೇಶಗಳ ಬಳಿ ಕಸ ಶೇಖರಣೆಯಾಗುತ್ತಿದೆ.,Kannada,High,2026-07-04T13:30,Synthetic Demo Data
REQ001330,612819,Somashetti Halli,Bangalore,KARNATAKA,Healthcare,The village needs easier access to primary healthcare center.,English,High,2026-07-01T07:06,Synthetic Demo Data
REQ001331,612819,Somashetti Halli,Bangalore,KARNATAKA,Waste Management,Waste is accumulating near residential areas and temple road.,English,Medium,2026-08-04T21:30,Synthetic Demo Data
REQ001332,612819,Somashetti Halli,Bangalore,KARNATAKA,Public Transport,Residents report limited public transport access to metro/train stations.,English,Medium,2026-08-13T16:52,Synthetic Demo Data
REQ001333,612819,Somashetti Halli,Bangalore,KARNATAKA,Waste Management,ವಸತಿ ಪ್ರದೇಶಗಳ ಬಳಿ ಕಸ ಶೇಖರಣೆಯಾಗುತ್ತಿದೆ.,Kannada,Medium,2026-07-08T17:55,Synthetic Demo Data
REQ001334,612819,Somashetti Halli,Bangalore,KARNATAKA,Road,ತಾಲೂಕು ಕೇಂದ್ರಕ್ಕೆ ಸಂಪರ್ಕ ಕಲ್ಪಿಸುವ ರಸ್ತೆ ಸುಧಾರಣೆಗೆ ಗ್ರಾಮಸ್ಥರ ಮನವಿ.,Kannada,Low,2026-08-21T10:01,Synthetic Demo Data
REQ001335,612819,Somashetti Halli,Bangalore,KARNATAKA,Education,Residents are requesting better facilities and computers in the local school.,English,Low,2026-08-01T17:28,Synthetic Demo Data
REQ001336,612819,Somashetti Halli,Bangalore,KARNATAKA,Education,Residents are requesting better facilities and computers in the local school.,English,Medium,2026-07-25T06:40,Synthetic Demo Data
REQ001337,612819,Somashetti Halli,Bangalore,KARNATAKA,Banking,People are requesting easier access to ATM or banking kiosk services.,English,Medium,2026-07-06T16:43,Synthetic Demo Data
REQ001338,612819,Somashetti Halli,Bangalore,KARNATAKA,Healthcare,Residents have limited access to a nearby health facility after 5 PM.,English,Medium,2026-07-11T17:27,Synthetic Demo Data
REQ001339,612819,Somashetti Halli,Bangalore,KARNATAKA,Banking,The village needs better access to banking facilities and loan services.,English,Low,2026-07-13T18:18,Synthetic Demo Data
REQ001340,612819,Somashetti Halli,Bangalore,KARNATAKA,Education,The village needs improved educational facilities and playground repair.,English,Low,2026-09-03T07:08,Synthetic Demo Data
REQ001341,612819,Somashetti Halli,Bangalore,KARNATAKA,Healthcare,ಸ್ಥಳೀಯ ಆರೋಗ್ಯ ಸೇವೆಗಳು ಮತ್ತು ಔಷಧಿಗಳ ಲಭ್ಯತೆಯನ್ನು ಸುಧಾರಿಸಲು ವಿನಂತಿ.,Kannada,Low,2026-08-29T11:57,Synthetic Demo Data
REQ001342,612819,Somashetti Halli,Bangalore,KARNATAKA,Healthcare,ಸ್ಥಳೀಯ ಆರೋಗ್ಯ ಸೇವೆಗಳು ಮತ್ತು ಔಷಧಿಗಳ ಲಭ್ಯತೆಯನ್ನು ಸುಧಾರಿಸಲು ವಿನಂತಿ.,Kannada,Medium,2026-08-01T12:10,Synthetic Demo Data
REQ001343,612819,Somashetti Halli,Bangalore,KARNATAKA,Public Transport,The village needs better bus frequency during morning and evening hours.,English,High,2026-07-04T11:59,Synthetic Demo Data
REQ001344,612819,Somashetti Halli,Bangalore,KARNATAKA,Banking,The village needs better access to banking facilities and loan services.,English,High,2026-08-02T21:57,Synthetic Demo Data
REQ001345,612819,Somashetti Halli,Bangalore,KARNATAKA,Digital Connectivity,The village needs better mobile network coverage in interior areas.,English,Medium,2026-09-01T08:50,Synthetic Demo Data
REQ001346,612819,Somashetti Halli,Bangalore,KARNATAKA,Public Transport,People are requesting more reliable BMTC/KSRTC public transport services.,English,Medium,2026-09-15T08:41,Synthetic Demo Data
REQ001347,612819,Somashetti Halli,Bangalore,KARNATAKA,Road,The road becomes waterlogged and difficult to travel on during the rainy season.,English,Medium,2026-08-18T19:51,Synthetic Demo Data
REQ001348,612819,Somashetti Halli,Bangalore,KARNATAKA,Waste Management,ವಸತಿ ಪ್ರದೇಶಗಳ ಬಳಿ ಕಸ ಶೇಖರಣೆಯಾಗುತ್ತಿದೆ.,Kannada,High,2026-07-12T16:47,Synthetic Demo Data
REQ001349,612819,Somashetti Halli,Bangalore,KARNATAKA,Education,ಬಸ್ ಕೊರತೆಯಿಂದ ವಿದ್ಯಾರ್ಥಿಗಳಿಗೆ ಪ್ರೌಢಶಾಲೆಗೆ ಹೋಗಲು ತೊಂದರೆಯಾಗಿದೆ.,Kannada,Medium,2026-07-17T16:24,Synthetic Demo Data
REQ001350,612819,Somashetti Halli,Bangalore,KARNATAKA,Education,ಬಸ್ ಕೊರತೆಯಿಂದ ವಿದ್ಯಾರ್ಥಿಗಳಿಗೆ ಪ್ರೌಢಶಾಲೆಗೆ ಹೋಗಲು ತೊಂದರೆಯಾಗಿದೆ.,Kannada,Medium,2026-07-25T18:27,Synthetic Demo Data
REQ001351,612820,Lakshmipura (North),Bangalore,KARNATAKA,Road,ಮಳೆಗಾಲದಲ್ಲಿ ರಸ್ತೆಯಲ್ಲಿ ನೀರು ನಿಂತು ವಾಹನ ಚಾಲನೆ ಕಷ್ಟವಾಗುತ್ತದೆ.,Kannada,Low,2026-07-17T13:06,Synthetic Demo Data
REQ001352,612820,Lakshmipura (North),Bangalore,KARNATAKA,Healthcare,ಸಂಜೆ 5 ರ ನಂತರ ಸಮೀಪದ ಆರೋಗ್ಯ ಕೇಂದ್ರಕ್ಕೆ ಹೋಗಲು ಕಷ್ಟವಾಗುತ್ತಿದೆ.,Kannada,High,2026-08-07T13:31,Synthetic Demo Data
REQ001353,612820,Lakshmipura (North),Bangalore,KARNATAKA,Digital Connectivity,ಹೈಸ್ಪೀಡ್ ಇಂಟರ್ನೆಟ್ ಮತ್ತು ಸಿಎಸ್ಸಿ ಸೇವೆಗಳು ಲಭ್ಯವಿಲ್ಲ.,Kannada,High,2026-07-05T16:19,Synthetic Demo Data
REQ001354,612820,Lakshmipura (North),Bangalore,KARNATAKA,Healthcare,Residents have limited access to a nearby health facility after 5 PM.,English,Low,2026-09-12T21:40,Synthetic Demo Data
REQ001355,612820,Lakshmipura (North),Bangalore,KARNATAKA,Banking,"ಬ್ಯಾಂಕಿಂಗ್ ಸೇವೆಗೆ 10 ಕಿ.ಮೀ ದೂರ ಹೋಗಬೇಕಾಗಿದ್ದು, ಸ್ಥಳೀಯ ಕಿಯೋಸ್ಕ್ ಅಗತ್ಯವಿದೆ.",Kannada,Low,2026-07-08T16:09,Synthetic Demo Data
REQ001356,612820,Lakshmipura (North),Bangalore,KARNATAKA,Banking,"ಬ್ಯಾಂಕಿಂಗ್ ಸೇವೆಗೆ 10 ಕಿ.ಮೀ ದೂರ ಹೋಗಬೇಕಾಗಿದ್ದು, ಸ್ಥಳೀಯ ಕಿಯೋಸ್ಕ್ ಅಗತ್ಯವಿದೆ.",Kannada,Low,2026-07-29T07:59,Synthetic Demo Data
REQ001357,612820,Lakshmipura (North),Bangalore,KARNATAKA,Banking,ಗ್ರಾಮದಲ್ಲಿ ಬ್ಯಾಂಕ್ ಸೇವೆಗಳು ಮತ್ತು ಸಾಲ ಸೌಲಭ್ಯಗಳು ಸುಲಭವಾಗಿ ಸಿಗುತ್ತಿಲ್ಲ.,Kannada,Medium,2026-08-08T11:01,Synthetic Demo Data
REQ001358,612820,Lakshmipura (North),Bangalore,KARNATAKA,Healthcare,ಸ್ಥಳೀಯ ಆರೋಗ್ಯ ಸೇವೆಗಳು ಮತ್ತು ಔಷಧಿಗಳ ಲಭ್ಯತೆಯನ್ನು ಸುಧಾರಿಸಲು ವಿನಂತಿ.,Kannada,Medium,2026-08-14T18:25,Synthetic Demo Data
REQ001359,612820,Lakshmipura (North),Bangalore,KARNATAKA,Drainage,Poor drainage is causing stagnant water and mosquito breeding in the village.,English,Medium,2026-07-25T18:06,Synthetic Demo Data
REQ001360,612820,Lakshmipura (North),Bangalore,KARNATAKA,Drainage,Residents are requesting proper concrete covered drainage near residential areas.,English,Low,2026-07-07T15:29,Synthetic Demo Data
REQ001361,612820,Lakshmipura (North),Bangalore,KARNATAKA,Digital Connectivity,Residents have limited access to high-speed internet and CSC services.,English,Medium,2026-08-07T10:13,Synthetic Demo Data
REQ001362,612820,Lakshmipura (North),Bangalore,KARNATAKA,Waste Management,Residents are requesting a better door-to-door waste collection system.,English,Medium,2026-08-16T09:43,Synthetic Demo Data
REQ001363,612820,Lakshmipura (North),Bangalore,KARNATAKA,Electricity,Residents report voltage fluctuations affecting agriculture pump sets.,English,Low,2026-08-24T11:59,Synthetic Demo Data
REQ001364,612820,Lakshmipura (North),Bangalore,KARNATAKA,Water,ಗ್ರಾಮಕ್ಕೆ ಶುದ್ಧ ಕುಡಿಯುವ ನೀರಿನ ಆರ್‌ಒ ಘಟಕದ ಅಗತ್ಯವಿದೆ.,Kannada,High,2026-07-07T09:32,Synthetic Demo Data
REQ001365,612820,Lakshmipura (North),Bangalore,KARNATAKA,Digital Connectivity,People are requesting a local digital service facility (Bapuji Seva Kendra).,English,Medium,2026-08-21T13:02,Synthetic Demo Data
REQ001366,612820,Lakshmipura (North),Bangalore,KARNATAKA,Drainage,ಚರಂಡಿ ಕೊರತೆಯಿಂದ ನೀರು ನಿಂತು ಸೊಳ್ಳೆಗಳ ಕಾಟ ಹೆಚ್ಚಾಗಿದೆ.,Kannada,Medium,2026-07-23T18:49,Synthetic Demo Data
REQ001367,612820,Lakshmipura (North),Bangalore,KARNATAKA,Public Transport,People are requesting more reliable BMTC/KSRTC public transport services.,English,High,2026-08-29T18:17,Synthetic Demo Data
REQ001368,612820,Lakshmipura (North),Bangalore,KARNATAKA,Digital Connectivity,ಗ್ರಾಮ ಪಂಚಾಯತ್ ವ್ಯಾಪ್ತಿಯಲ್ಲಿ ಬಾಪೂಜಿ ಸೇವಾ ಕೇಂದ್ರ / ಡಿಜಿಟಲ್ ಕೇಂದ್ರ ಬೇಕು.,Kannada,High,2026-07-11T09:31,Synthetic Demo Data
REQ001369,612820,Lakshmipura (North),Bangalore,KARNATAKA,Digital Connectivity,People are requesting a local digital service facility (Bapuji Seva Kendra).,English,High,2026-09-12T21:17,Synthetic Demo Data
REQ001370,612820,Lakshmipura (North),Bangalore,KARNATAKA,Public Transport,ವಿಶ್ವಾಸಾರ್ಹ ಸಾರಿಗೆ ಬಸ್ ಸೇವೆಗಳನ್ನು ಹೆಚ್ಚಿಸಲು ವಿನಂತಿ.,Kannada,High,2026-08-31T19:19,Synthetic Demo Data
REQ001371,612820,Lakshmipura (North),Bangalore,KARNATAKA,Education,ಬಸ್ ಕೊರತೆಯಿಂದ ವಿದ್ಯಾರ್ಥಿಗಳಿಗೆ ಪ್ರೌಢಶಾಲೆಗೆ ಹೋಗಲು ತೊಂದರೆಯಾಗಿದೆ.,Kannada,Medium,2026-09-07T11:25,Synthetic Demo Data
REQ001372,612820,Lakshmipura (North),Bangalore,KARNATAKA,Electricity,ಗ್ರಾಮದ ಪ್ರಮುಖ ರಸ್ತೆಗಳಲ್ಲಿ ಬೀದಿದೀಪಗಳ ಸೌಲಭ್ಯ ಕಲ್ಪಿಸಬೇಕಾಗಿದೆ.,Kannada,Low,2026-09-06T21:04,Synthetic Demo Data
REQ001373,612820,Lakshmipura (North),Bangalore,KARNATAKA,Healthcare,Residents are requesting improved local healthcare access and medicine availability.,English,Low,2026-07-16T12:42,Synthetic Demo Data
REQ001374,612820,Lakshmipura (North),Bangalore,KARNATAKA,Banking,"ಬ್ಯಾಂಕಿಂಗ್ ಸೇವೆಗೆ 10 ಕಿ.ಮೀ ದೂರ ಹೋಗಬೇಕಾಗಿದ್ದು, ಸ್ಥಳೀಯ ಕಿಯೋಸ್ಕ್ ಅಗತ್ಯವಿದೆ.",Kannada,Medium,2026-07-01T20:51,Synthetic Demo Data
REQ001375,612820,Lakshmipura (North),Bangalore,KARNATAKA,Road,ಮಳೆಗಾಲದಲ್ಲಿ ರಸ್ತೆಯಲ್ಲಿ ನೀರು ನಿಂತು ವಾಹನ ಚಾಲನೆ ಕಷ್ಟವಾಗುತ್ತದೆ.,Kannada,High,2026-07-21T08:35,Synthetic Demo Data
REQ001376,612820,Lakshmipura (North),Bangalore,KARNATAKA,Waste Management,Garbage is not being collected regularly in residential lanes.,English,Low,2026-09-03T15:23,Synthetic Demo Data
REQ001377,612820,Lakshmipura (North),Bangalore,KARNATAKA,Banking,"ಬ್ಯಾಂಕಿಂಗ್ ಸೇವೆಗೆ 10 ಕಿ.ಮೀ ದೂರ ಹೋಗಬೇಕಾಗಿದ್ದು, ಸ್ಥಳೀಯ ಕಿಯೋಸ್ಕ್ ಅಗತ್ಯವಿದೆ.",Kannada,High,2026-08-08T07:33,Synthetic Demo Data
REQ001378,612820,Lakshmipura (North),Bangalore,KARNATAKA,Banking,"ಬ್ಯಾಂಕಿಂಗ್ ಸೇವೆಗೆ 10 ಕಿ.ಮೀ ದೂರ ಹೋಗಬೇಕಾಗಿದ್ದು, ಸ್ಥಳೀಯ ಕಿಯೋಸ್ಕ್ ಅಗತ್ಯವಿದೆ.",Kannada,Medium,2026-09-12T21:44,Synthetic Demo Data
REQ001379,612820,Lakshmipura (North),Bangalore,KARNATAKA,Road,Residents are requesting improvement of road connectivity to the taluk center.,English,Medium,2026-09-04T12:44,Synthetic Demo Data
REQ001380,612820,Lakshmipura (North),Bangalore,KARNATAKA,Drainage,Drainage overflows during heavy rain and causes waterlogging near the school.,English,High,2026-07-19T15:54,Synthetic Demo Data
REQ001381,612820,Lakshmipura (North),Bangalore,KARNATAKA,Banking,गांव में एटीएम या बैंकिंग सुविधा उपलब्ध कराई जाए।,Hindi,Medium,2026-09-14T17:17,Synthetic Demo Data
REQ001382,612820,Lakshmipura (North),Bangalore,KARNATAKA,Drainage,Drainage overflows during heavy rain and causes waterlogging near the school.,English,Medium,2026-08-03T18:41,Synthetic Demo Data
REQ001383,612820,Lakshmipura (North),Bangalore,KARNATAKA,Banking,ಎಟಿಎಂ ಅಥವಾ ಗ್ರಾಮ ಬ್ಯಾಂಕಿಂಗ್ ಸೇವೆ ಒದಗಿಸಲು ಸಾರ್ವಜನಿಕರ ಮನವಿ.,Kannada,Low,2026-08-24T10:34,Synthetic Demo Data
REQ001384,612820,Lakshmipura (North),Bangalore,KARNATAKA,Waste Management,Waste is accumulating near residential areas and temple road.,English,Low,2026-07-25T17:36,Synthetic Demo Data
REQ001385,612820,Lakshmipura (North),Bangalore,KARNATAKA,Digital Connectivity,The village needs better mobile network coverage in interior areas.,English,High,2026-07-20T16:50,Synthetic Demo Data
REQ001386,612821,Thirumalapura,Bangalore,KARNATAKA,Healthcare,ಸ್ಥಳೀಯ ಆರೋಗ್ಯ ಸೇವೆಗಳು ಮತ್ತು ಔಷಧಿಗಳ ಲಭ್ಯತೆಯನ್ನು ಸುಧಾರಿಸಲು ವಿನಂತಿ.,Kannada,High,2026-08-04T09:34,Synthetic Demo Data
REQ001387,612821,Thirumalapura,Bangalore,KARNATAKA,Drainage,ಭಾರೀ ಮಳೆಯಾದಾಗ ಚರಂಡಿ ಉಕ್ಕಿ ಶಾಲೆ ಬಳಿ ನೀರು ನಿಲ್ಲುತ್ತದೆ.,Kannada,High,2026-07-12T17:58,Synthetic Demo Data
REQ001388,612821,Thirumalapura,Bangalore,KARNATAKA,Road,ಗ್ರಾಮದ ಮುಖ್ಯ ರಸ್ತೆ ಹಾಳಾಗಿದ್ದು ಸಂಚಾರಕ್ಕೆ ತೊಂದರೆಯಾಗಿದೆ.,Kannada,High,2026-07-13T18:14,Synthetic Demo Data
REQ001389,612821,Thirumalapura,Bangalore,KARNATAKA,Road,ಗ್ರಾಮದ ಮುಖ್ಯ ರಸ್ತೆ ಹಾಳಾಗಿದ್ದು ಸಂಚಾರಕ್ಕೆ ತೊಂದರೆಯಾಗಿದೆ.,Kannada,High,2026-08-09T21:06,Synthetic Demo Data
REQ001390,612821,Thirumalapura,Bangalore,KARNATAKA,Healthcare,Residents have limited access to a nearby health facility after 5 PM.,English,Medium,2026-09-16T09:57,Synthetic Demo Data
REQ001391,612821,Thirumalapura,Bangalore,KARNATAKA,Water,ಗ್ರಾಮಕ್ಕೆ ಶುದ್ಧ ಕುಡಿಯುವ ನೀರಿನ ಆರ್‌ಒ ಘಟಕದ ಅಗತ್ಯವಿದೆ.,Kannada,High,2026-09-07T18:30,Synthetic Demo Data
REQ001392,612821,Thirumalapura,Bangalore,KARNATAKA,Education,ಗ್ರಾಮದ ಶಾಲಾ ಆವರಣ ಹಾಗೂ ಆಟದ ಮೈದಾನ ದುರಸ್ತಿ ಮಾಡಬೇಕಾಗಿದೆ.,Kannada,Medium,2026-07-20T10:09,Synthetic Demo Data
REQ001393,612821,Thirumalapura,Bangalore,KARNATAKA,Road,The main approach road near the village is damaged and difficult to use.,English,Low,2026-08-17T13:43,Synthetic Demo Data
REQ001394,612821,Thirumalapura,Bangalore,KARNATAKA,Education,Students have difficulty accessing nearby secondary education without bus.,English,Medium,2026-08-15T20:32,Synthetic Demo Data
REQ001395,612821,Thirumalapura,Bangalore,KARNATAKA,Waste Management,गांव में कचरा समय पर नहीं उठाया जा रहा है।,Hindi,Low,2026-07-30T15:40,Synthetic Demo Data
REQ001396,612821,Thirumalapura,Bangalore,KARNATAKA,Banking,The village needs better access to banking facilities and loan services.,English,Medium,2026-07-12T08:04,Synthetic Demo Data
REQ001397,612821,Thirumalapura,Bangalore,KARNATAKA,Public Transport,The village needs better bus frequency during morning and evening hours.,English,Medium,2026-07-11T15:35,Synthetic Demo Data
REQ001398,612822,Kodigehalli(Part),Bangalore,KARNATAKA,Banking,People are requesting easier access to ATM or banking kiosk services.,English,Low,2026-08-24T10:30,Synthetic Demo Data
REQ001399,612822,Kodigehalli(Part),Bangalore,KARNATAKA,Healthcare,Residents are requesting improved local healthcare access and medicine availability.,English,Low,2026-07-16T18:00,Synthetic Demo Data
REQ001400,612822,Kodigehalli(Part),Bangalore,KARNATAKA,Education,The village needs improved educational facilities and playground repair.,English,High,2026-08-24T17:15,Synthetic Demo Data
REQ001401,612822,Kodigehalli(Part),Bangalore,KARNATAKA,Banking,Residents have limited access to nearby banking services and have to travel 10 km.,English,Medium,2026-07-06T20:10,Synthetic Demo Data
REQ001402,612822,Kodigehalli(Part),Bangalore,KARNATAKA,Digital Connectivity,The village needs better mobile network coverage in interior areas.,English,Low,2026-07-23T08:23,Synthetic Demo Data
REQ001403,612822,Kodigehalli(Part),Bangalore,KARNATAKA,Banking,ಎಟಿಎಂ ಅಥವಾ ಗ್ರಾಮ ಬ್ಯಾಂಕಿಂಗ್ ಸೇವೆ ಒದಗಿಸಲು ಸಾರ್ವಜನಿಕರ ಮನವಿ.,Kannada,Medium,2026-08-18T11:23,Synthetic Demo Data
REQ001404,612822,Kodigehalli(Part),Bangalore,KARNATAKA,Banking,"ಬ್ಯಾಂಕಿಂಗ್ ಸೇವೆಗೆ 10 ಕಿ.ಮೀ ದೂರ ಹೋಗಬೇಕಾಗಿದ್ದು, ಸ್ಥಳೀಯ ಕಿಯೋಸ್ಕ್ ಅಗತ್ಯವಿದೆ.",Kannada,High,2026-09-08T09:18,Synthetic Demo Data
REQ001405,612822,Kodigehalli(Part),Bangalore,KARNATAKA,Waste Management,ಕಸವನ್ನು ನಿಯಮಿತವಾಗಿ ವಿಲೇವಾರಿ ಮಾಡಲಾಗುತ್ತಿಲ್ಲ.,Kannada,High,2026-09-11T18:13,Synthetic Demo Data
REQ001406,612822,Kodigehalli(Part),Bangalore,KARNATAKA,Banking,Residents have limited access to nearby banking services and have to travel 10 km.,English,Medium,2026-07-05T20:57,Synthetic Demo Data
REQ001407,612822,Kodigehalli(Part),Bangalore,KARNATAKA,Education,ಸ್ಥಳೀಯ ಸರ್ಕಾರಿ ಶಾಲೆಯಲ್ಲಿ ಕಂಪ್ಯೂಟರ್ ಹಾಗೂ ಶೌಚಾಲಯ ಸೌಲಭ್ಯ ಕಲ್ಪಿಸಲು ಮನವಿ.,Kannada,High,2026-08-28T16:19,Synthetic Demo Data
REQ001408,612822,Kodigehalli(Part),Bangalore,KARNATAKA,Road,ಮಳೆಗಾಲದಲ್ಲಿ ರಸ್ತೆಯಲ್ಲಿ ನೀರು ನಿಂತು ವಾಹನ ಚಾಲನೆ ಕಷ್ಟವಾಗುತ್ತದೆ.,Kannada,High,2026-08-15T06:06,Synthetic Demo Data
REQ001409,612823,Seegehalli,Bangalore,KARNATAKA,Road,ಮಳೆಗಾಲದಲ್ಲಿ ರಸ್ತೆಯಲ್ಲಿ ನೀರು ನಿಂತು ವಾಹನ ಚಾಲನೆ ಕಷ್ಟವಾಗುತ್ತದೆ.,Kannada,Medium,2026-07-20T19:07,Synthetic Demo Data
REQ001410,612823,Seegehalli,Bangalore,KARNATAKA,Banking,"ಬ್ಯಾಂಕಿಂಗ್ ಸೇವೆಗೆ 10 ಕಿ.ಮೀ ದೂರ ಹೋಗಬೇಕಾಗಿದ್ದು, ಸ್ಥಳೀಯ ಕಿಯೋಸ್ಕ್ ಅಗತ್ಯವಿದೆ.",Kannada,High,2026-08-30T18:23,Synthetic Demo Data
REQ001411,612823,Seegehalli,Bangalore,KARNATAKA,Waste Management,ಕಸವನ್ನು ನಿಯಮಿತವಾಗಿ ವಿಲೇವಾರಿ ಮಾಡಲಾಗುತ್ತಿಲ್ಲ.,Kannada,Medium,2026-08-04T09:28,Synthetic Demo Data
REQ001412,612823,Seegehalli,Bangalore,KARNATAKA,Digital Connectivity,ಗ್ರಾಮ ಪಂಚಾಯತ್ ವ್ಯಾಪ್ತಿಯಲ್ಲಿ ಬಾಪೂಜಿ ಸೇವಾ ಕೇಂದ್ರ / ಡಿಜಿಟಲ್ ಕೇಂದ್ರ ಬೇಕು.,Kannada,Medium,2026-08-25T06:22,Synthetic Demo Data
REQ001413,612823,Seegehalli,Bangalore,KARNATAKA,Banking,People are requesting easier access to ATM or banking kiosk services.,English,High,2026-07-06T10:25,Synthetic Demo Data
REQ001414,612823,Seegehalli,Bangalore,KARNATAKA,Road,ಗ್ರಾಮದ ಮುಖ್ಯ ರಸ್ತೆ ಹಾಳಾಗಿದ್ದು ಸಂಚಾರಕ್ಕೆ ತೊಂದರೆಯಾಗಿದೆ.,Kannada,High,2026-07-26T21:42,Synthetic Demo Data
REQ001415,612823,Seegehalli,Bangalore,KARNATAKA,Banking,ಗ್ರಾಮದಲ್ಲಿ ಬ್ಯಾಂಕ್ ಸೇವೆಗಳು ಮತ್ತು ಸಾಲ ಸೌಲಭ್ಯಗಳು ಸುಲಭವಾಗಿ ಸಿಗುತ್ತಿಲ್ಲ.,Kannada,Medium,2026-07-17T16:48,Synthetic Demo Data
REQ001416,612823,Seegehalli,Bangalore,KARNATAKA,Public Transport,People are requesting more reliable BMTC/KSRTC public transport services.,English,Medium,2026-08-19T10:07,Synthetic Demo Data
REQ001417,612823,Seegehalli,Bangalore,KARNATAKA,Banking,People are requesting easier access to ATM or banking kiosk services.,English,High,2026-09-03T06:49,Synthetic Demo Data
REQ001418,612823,Seegehalli,Bangalore,KARNATAKA,Digital Connectivity,ಹೈಸ್ಪೀಡ್ ಇಂಟರ್ನೆಟ್ ಮತ್ತು ಸಿಎಸ್ಸಿ ಸೇವೆಗಳು ಲಭ್ಯವಿಲ್ಲ.,Kannada,Medium,2026-09-15T06:27,Synthetic Demo Data
REQ001419,612823,Seegehalli,Bangalore,KARNATAKA,Healthcare,ನಮ್ಮ ಗ್ರಾಮಕ್ಕೆ ಪ್ರಾಥಮಿಕ ಆರೋಗ್ಯ ಕೇಂದ್ರದ ಸುಲಭ ಪ್ರವೇಶ ಬೇಕಾಗಿದೆ.,Kannada,Medium,2026-08-01T10:46,Synthetic Demo Data
REQ001420,612823,Seegehalli,Bangalore,KARNATAKA,Healthcare,ನಮ್ಮ ಗ್ರಾಮಕ್ಕೆ ಪ್ರಾಥಮಿಕ ಆರೋಗ್ಯ ಕೇಂದ್ರದ ಸುಲಭ ಪ್ರವೇಶ ಬೇಕಾಗಿದೆ.,Kannada,Low,2026-08-01T19:12,Synthetic Demo Data
REQ001421,612823,Seegehalli,Bangalore,KARNATAKA,Healthcare,The village needs easier access to primary healthcare center.,English,Medium,2026-09-03T11:12,Synthetic Demo Data
REQ001422,612823,Seegehalli,Bangalore,KARNATAKA,Banking,Residents have limited access to nearby banking services and have to travel 10 km.,English,High,2026-07-16T10:25,Synthetic Demo Data
REQ001423,612823,Seegehalli,Bangalore,KARNATAKA,Water,पीने के साफ पानी की व्यवस्था की जाए।,Hindi,Medium,2026-09-17T12:05,Synthetic Demo Data
REQ001424,612823,Seegehalli,Bangalore,KARNATAKA,Banking,"ಬ್ಯಾಂಕಿಂಗ್ ಸೇವೆಗೆ 10 ಕಿ.ಮೀ ದೂರ ಹೋಗಬೇಕಾಗಿದ್ದು, ಸ್ಥಳೀಯ ಕಿಯೋಸ್ಕ್ ಅಗತ್ಯವಿದೆ.",Kannada,High,2026-07-30T13:21,Synthetic Demo Data
REQ001425,612823,Seegehalli,Bangalore,KARNATAKA,Road,ತಾಲೂಕು ಕೇಂದ್ರಕ್ಕೆ ಸಂಪರ್ಕ ಕಲ್ಪಿಸುವ ರಸ್ತೆ ಸುಧಾರಣೆಗೆ ಗ್ರಾಮಸ್ಥರ ಮನವಿ.,Kannada,Medium,2026-08-08T09:17,Synthetic Demo Data
REQ001426,612823,Seegehalli,Bangalore,KARNATAKA,Waste Management,Residents are requesting a better door-to-door waste collection system.,English,Medium,2026-08-10T07:11,Synthetic Demo Data
REQ001427,612823,Seegehalli,Bangalore,KARNATAKA,Water,ಮೇಲ್ಭಾಗದ ಬಡಾವಣೆಗಳಿಗೆ ನೀರಿನ ಸರಬರಾಜು ಒತ್ತಡ ಸಾಲುತ್ತಿಲ್ಲ.,Kannada,High,2026-08-06T21:17,Synthetic Demo Data
REQ001428,612823,Seegehalli,Bangalore,KARNATAKA,Banking,ಎಟಿಎಂ ಅಥವಾ ಗ್ರಾಮ ಬ್ಯಾಂಕಿಂಗ್ ಸೇವೆ ಒದಗಿಸಲು ಸಾರ್ವಜನಿಕರ ಮನವಿ.,Kannada,High,2026-09-01T17:21,Synthetic Demo Data
REQ001429,612824,Kannahalli,Bangalore,KARNATAKA,Waste Management,ಕಸವನ್ನು ನಿಯಮಿತವಾಗಿ ವಿಲೇವಾರಿ ಮಾಡಲಾಗುತ್ತಿಲ್ಲ.,Kannada,Medium,2026-07-17T16:23,Synthetic Demo Data
REQ001430,612824,Kannahalli,Bangalore,KARNATAKA,Electricity,ಗ್ರಾಮದ ಪ್ರಮುಖ ರಸ್ತೆಗಳಲ್ಲಿ ಬೀದಿದೀಪಗಳ ಸೌಲಭ್ಯ ಕಲ್ಪಿಸಬೇಕಾಗಿದೆ.,Kannada,Medium,2026-08-17T13:41,Synthetic Demo Data
REQ001431,612824,Kannahalli,Bangalore,KARNATAKA,Waste Management,Garbage is not being collected regularly in residential lanes.,English,Low,2026-07-17T09:02,Synthetic Demo Data
REQ001432,612824,Kannahalli,Bangalore,KARNATAKA,Digital Connectivity,The village needs better mobile network coverage in interior areas.,English,Low,2026-07-25T20:59,Synthetic Demo Data
REQ001433,612824,Kannahalli,Bangalore,KARNATAKA,Drainage,Residents are requesting proper concrete covered drainage near residential areas.,English,High,2026-08-30T12:34,Synthetic Demo Data
REQ001434,612824,Kannahalli,Bangalore,KARNATAKA,Public Transport,ಬೆಳಿಗ್ಗೆ ಮತ್ತು ಸಂಜೆ ವೇಳೆಯಲ್ಲಿ ಹೆಚ್ಚಿನ ಬಸ್ ಸಂಚಾರ ಬೇಕಾಗಿದೆ.,Kannada,Medium,2026-08-02T17:57,Synthetic Demo Data
REQ001435,612824,Kannahalli,Bangalore,KARNATAKA,Road,The main approach road near the village is damaged and difficult to use.,English,Low,2026-07-09T21:26,Synthetic Demo Data
REQ001436,612824,Kannahalli,Bangalore,KARNATAKA,Education,स्कूल में बेहतर सुविधाओं और शिक्षकों की मांग है।,Hindi,High,2026-08-05T10:18,Synthetic Demo Data
REQ001437,612824,Kannahalli,Bangalore,KARNATAKA,Water,Water supply pressure is insufficient for residents on higher lanes.,English,High,2026-08-20T21:43,Synthetic Demo Data
REQ001438,612824,Kannahalli,Bangalore,KARNATAKA,Education,ಬಸ್ ಕೊರತೆಯಿಂದ ವಿದ್ಯಾರ್ಥಿಗಳಿಗೆ ಪ್ರೌಢಶಾಲೆಗೆ ಹೋಗಲು ತೊಂದರೆಯಾಗಿದೆ.,Kannada,High,2026-09-04T18:35,Synthetic Demo Data
REQ001439,612824,Kannahalli,Bangalore,KARNATAKA,Electricity,ವೋಲ್ಟೇಜ್ ಏರಿಳಿತದಿಂದ ಪಂಪ್‌ಸೆಟ್‌ಗಳಿಗೆ ತೊಂದರೆಯಾಗುತ್ತಿದೆ.,Kannada,High,2026-07-01T11:36,Synthetic Demo Data
REQ001440,612824,Kannahalli,Bangalore,KARNATAKA,Waste Management,Residents are requesting a better door-to-door waste collection system.,English,Medium,2026-09-06T14:19,Synthetic Demo Data
REQ001441,612824,Kannahalli,Bangalore,KARNATAKA,Banking,ಗ್ರಾಮದಲ್ಲಿ ಬ್ಯಾಂಕ್ ಸೇವೆಗಳು ಮತ್ತು ಸಾಲ ಸೌಲಭ್ಯಗಳು ಸುಲಭವಾಗಿ ಸಿಗುತ್ತಿಲ್ಲ.,Kannada,Medium,2026-07-22T13:02,Synthetic Demo Data
REQ001442,612824,Kannahalli,Bangalore,KARNATAKA,Education,ಗ್ರಾಮದ ಶಾಲಾ ಆವರಣ ಹಾಗೂ ಆಟದ ಮೈದಾನ ದುರಸ್ತಿ ಮಾಡಬೇಕಾಗಿದೆ.,Kannada,High,2026-08-05T10:17,Synthetic Demo Data
REQ001443,612824,Kannahalli,Bangalore,KARNATAKA,Banking,ಎಟಿಎಂ ಅಥವಾ ಗ್ರಾಮ ಬ್ಯಾಂಕಿಂಗ್ ಸೇವೆ ಒದಗಿಸಲು ಸಾರ್ವಜನಿಕರ ಮನವಿ.,Kannada,Low,2026-07-27T09:00,Synthetic Demo Data
REQ001444,612824,Kannahalli,Bangalore,KARNATAKA,Digital Connectivity,Residents have limited access to high-speed internet and CSC services.,English,High,2026-09-09T14:46,Synthetic Demo Data
REQ001445,612824,Kannahalli,Bangalore,KARNATAKA,Drainage,Poor drainage is causing stagnant water and mosquito breeding in the village.,English,High,2026-07-08T06:52,Synthetic Demo Data
REQ001446,612824,Kannahalli,Bangalore,KARNATAKA,Road,Residents are requesting improvement of road connectivity to the taluk center.,English,High,2026-07-03T09:46,Synthetic Demo Data
REQ001447,612824,Kannahalli,Bangalore,KARNATAKA,Electricity,ಗ್ರಾಮದ ಪ್ರಮುಖ ರಸ್ತೆಗಳಲ್ಲಿ ಬೀದಿದೀಪಗಳ ಸೌಲಭ್ಯ ಕಲ್ಪಿಸಬೇಕಾಗಿದೆ.,Kannada,High,2026-09-16T12:52,Synthetic Demo Data
REQ001448,612824,Kannahalli,Bangalore,KARNATAKA,Healthcare,ನಮ್ಮ ಗ್ರಾಮಕ್ಕೆ ಪ್ರಾಥಮಿಕ ಆರೋಗ್ಯ ಕೇಂದ್ರದ ಸುಲಭ ಪ್ರವೇಶ ಬೇಕಾಗಿದೆ.,Kannada,Medium,2026-08-20T10:28,Synthetic Demo Data
REQ001449,612825,Manganahalli,Bangalore,KARNATAKA,Waste Management,Waste is accumulating near residential areas and temple road.,English,High,2026-08-31T08:31,Synthetic Demo Data
REQ001450,612825,Manganahalli,Bangalore,KARNATAKA,Waste Management,ಕಸವನ್ನು ನಿಯಮಿತವಾಗಿ ವಿಲೇವಾರಿ ಮಾಡಲಾಗುತ್ತಿಲ್ಲ.,Kannada,High,2026-09-01T11:41,Synthetic Demo Data
REQ001451,612825,Manganahalli,Bangalore,KARNATAKA,Waste Management,ಕಸವನ್ನು ನಿಯಮಿತವಾಗಿ ವಿಲೇವಾರಿ ಮಾಡಲಾಗುತ್ತಿಲ್ಲ.,Kannada,Low,2026-09-16T12:04,Synthetic Demo Data
REQ001452,612825,Manganahalli,Bangalore,KARNATAKA,Waste Management,ವಸತಿ ಪ್ರದೇಶಗಳ ಬಳಿ ಕಸ ಶೇಖರಣೆಯಾಗುತ್ತಿದೆ.,Kannada,Low,2026-08-21T09:46,Synthetic Demo Data
REQ001453,612825,Manganahalli,Bangalore,KARNATAKA,Healthcare,The village needs easier access to primary healthcare center.,English,Medium,2026-08-18T18:01,Synthetic Demo Data
REQ001454,612825,Manganahalli,Bangalore,KARNATAKA,Drainage,ವಸತಿ ಪ್ರದೇಶದ ಬಳಿ ಕಾಂಕ್ರೀಟ್ ಮುಚ್ಚಿದ ಚರಂಡಿ ನಿರ್ಮಿಸಲು ವಿನಂತಿ.,Kannada,Low,2026-07-17T13:49,Synthetic Demo Data
REQ001455,612825,Manganahalli,Bangalore,KARNATAKA,Drainage,ವಸತಿ ಪ್ರದೇಶದ ಬಳಿ ಕಾಂಕ್ರೀಟ್ ಮುಚ್ಚಿದ ಚರಂಡಿ ನಿರ್ಮಿಸಲು ವಿನಂತಿ.,Kannada,Medium,2026-07-02T09:34,Synthetic Demo Data
REQ001456,612825,Manganahalli,Bangalore,KARNATAKA,Public Transport,ವಿಶ್ವಾಸಾರ್ಹ ಸಾರಿಗೆ ಬಸ್ ಸೇವೆಗಳನ್ನು ಹೆಚ್ಚಿಸಲು ವಿನಂತಿ.,Kannada,High,2026-07-18T21:48,Synthetic Demo Data
REQ001457,612825,Manganahalli,Bangalore,KARNATAKA,Education,ಬಸ್ ಕೊರತೆಯಿಂದ ವಿದ್ಯಾರ್ಥಿಗಳಿಗೆ ಪ್ರೌಢಶಾಲೆಗೆ ಹೋಗಲು ತೊಂದರೆಯಾಗಿದೆ.,Kannada,High,2026-08-31T10:15,Synthetic Demo Data
REQ001458,612825,Manganahalli,Bangalore,KARNATAKA,Water,Water supply pressure is insufficient for residents on higher lanes.,English,Medium,2026-07-03T07:06,Synthetic Demo Data
REQ001459,612825,Manganahalli,Bangalore,KARNATAKA,Healthcare,ಸಂಜೆ 5 ರ ನಂತರ ಸಮೀಪದ ಆರೋಗ್ಯ ಕೇಂದ್ರಕ್ಕೆ ಹೋಗಲು ಕಷ್ಟವಾಗುತ್ತಿದೆ.,Kannada,High,2026-07-29T06:14,Synthetic Demo Data
REQ001460,612825,Manganahalli,Bangalore,KARNATAKA,Healthcare,ಸ್ಥಳೀಯ ಆರೋಗ್ಯ ಸೇವೆಗಳು ಮತ್ತು ಔಷಧಿಗಳ ಲಭ್ಯತೆಯನ್ನು ಸುಧಾರಿಸಲು ವಿನಂತಿ.,Kannada,High,2026-08-19T09:31,Synthetic Demo Data
REQ001461,612825,Manganahalli,Bangalore,KARNATAKA,Waste Management,ಕಸವನ್ನು ನಿಯಮಿತವಾಗಿ ವಿಲೇವಾರಿ ಮಾಡಲಾಗುತ್ತಿಲ್ಲ.,Kannada,Low,2026-08-06T17:04,Synthetic Demo Data
REQ001462,612825,Manganahalli,Bangalore,KARNATAKA,Education,ಬಸ್ ಕೊರತೆಯಿಂದ ವಿದ್ಯಾರ್ಥಿಗಳಿಗೆ ಪ್ರೌಢಶಾಲೆಗೆ ಹೋಗಲು ತೊಂದರೆಯಾಗಿದೆ.,Kannada,Low,2026-09-16T10:11,Synthetic Demo Data
REQ001463,612825,Manganahalli,Bangalore,KARNATAKA,Healthcare,ನಮ್ಮ ಗ್ರಾಮಕ್ಕೆ ಪ್ರಾಥಮಿಕ ಆರೋಗ್ಯ ಕೇಂದ್ರದ ಸುಲಭ ಪ್ರವೇಶ ಬೇಕಾಗಿದೆ.,Kannada,Medium,2026-07-20T15:39,Synthetic Demo Data
REQ001464,612825,Manganahalli,Bangalore,KARNATAKA,Electricity,ಪದೇ ಪದೇ ವಿದ್ಯುತ್ ಕಡಿತವಾಗದಂತೆ ನಿರಂತರ ವಿದ್ಯುತ್ ನೀಡಲು ವಿನಂತಿ.,Kannada,High,2026-09-02T17:59,Synthetic Demo Data
REQ001465,612825,Manganahalli,Bangalore,KARNATAKA,Waste Management,Garbage is not being collected regularly in residential lanes.,English,Medium,2026-07-20T10:20,Synthetic Demo Data
REQ001466,612825,Manganahalli,Bangalore,KARNATAKA,Waste Management,ವಸತಿ ಪ್ರದೇಶಗಳ ಬಳಿ ಕಸ ಶೇಖರಣೆಯಾಗುತ್ತಿದೆ.,Kannada,Low,2026-07-15T19:46,Synthetic Demo Data
REQ001467,612825,Manganahalli,Bangalore,KARNATAKA,Waste Management,ಕಸವನ್ನು ನಿಯಮಿತವಾಗಿ ವಿಲೇವಾರಿ ಮಾಡಲಾಗುತ್ತಿಲ್ಲ.,Kannada,High,2026-08-19T17:20,Synthetic Demo Data
REQ001468,612825,Manganahalli,Bangalore,KARNATAKA,Healthcare,ಸಂಜೆ 5 ರ ನಂತರ ಸಮೀಪದ ಆರೋಗ್ಯ ಕೇಂದ್ರಕ್ಕೆ ಹೋಗಲು ಕಷ್ಟವಾಗುತ್ತಿದೆ.,Kannada,Medium,2026-08-12T10:51,Synthetic Demo Data
REQ001469,612825,Manganahalli,Bangalore,KARNATAKA,Banking,The village needs better access to banking facilities and loan services.,English,Medium,2026-09-02T21:34,Synthetic Demo Data
REQ001470,612825,Manganahalli,Bangalore,KARNATAKA,Healthcare,ನಮ್ಮ ಗ್ರಾಮಕ್ಕೆ ಪ್ರಾಥಮಿಕ ಆರೋಗ್ಯ ಕೇಂದ್ರದ ಸುಲಭ ಪ್ರವೇಶ ಬೇಕಾಗಿದೆ.,Kannada,Medium,2026-08-23T13:44,Synthetic Demo Data
REQ001471,612825,Manganahalli,Bangalore,KARNATAKA,Drainage,ಭಾರೀ ಮಳೆಯಾದಾಗ ಚರಂಡಿ ಉಕ್ಕಿ ಶಾಲೆ ಬಳಿ ನೀರು ನಿಲ್ಲುತ್ತದೆ.,Kannada,Low,2026-07-03T17:35,Synthetic Demo Data
REQ001472,612825,Manganahalli,Bangalore,KARNATAKA,Healthcare,ನಮ್ಮ ಗ್ರಾಮಕ್ಕೆ ಪ್ರಾಥಮಿಕ ಆರೋಗ್ಯ ಕೇಂದ್ರದ ಸುಲಭ ಪ್ರವೇಶ ಬೇಕಾಗಿದೆ.,Kannada,High,2026-08-14T17:54,Synthetic Demo Data
REQ001473,612825,Manganahalli,Bangalore,KARNATAKA,Banking,People are requesting easier access to ATM or banking kiosk services.,English,High,2026-07-19T19:15,Synthetic Demo Data
REQ001474,612825,Manganahalli,Bangalore,KARNATAKA,Waste Management,ಮನೆ ಮನೆಗೆ ತೆರಳಿ ಕಸ ಸಂಗ್ರಹಿಸುವ ವ್ಯವಸ್ಥೆ ಬೇಕು ಎಂದು ನಿವಾಸಿಗಳು ಕೋರುತ್ತಿದ್ದಾರೆ.,Kannada,High,2026-07-19T18:46,Synthetic Demo Data
REQ001475,612825,Manganahalli,Bangalore,KARNATAKA,Water,पीने के साफ पानी की व्यवस्था की जाए।,Hindi,High,2026-07-14T08:30,Synthetic Demo Data
REQ001476,612826,Sonnenahalli,Bangalore,KARNATAKA,Banking,People are requesting easier access to ATM or banking kiosk services.,English,High,2026-07-19T08:15,Synthetic Demo Data
REQ001477,612826,Sonnenahalli,Bangalore,KARNATAKA,Water,The village needs improved access to safe drinking water RO plant.,English,High,2026-07-24T21:47,Synthetic Demo Data
REQ001478,612826,Sonnenahalli,Bangalore,KARNATAKA,Drainage,ಚರಂಡಿ ಕೊರತೆಯಿಂದ ನೀರು ನಿಂತು ಸೊಳ್ಳೆಗಳ ಕಾಟ ಹೆಚ್ಚಾಗಿದೆ.,Kannada,Medium,2026-08-13T20:50,Synthetic Demo Data
REQ001479,612826,Sonnenahalli,Bangalore,KARNATAKA,Public Transport,ಬೆಳಿಗ್ಗೆ ಮತ್ತು ಸಂಜೆ ವೇಳೆಯಲ್ಲಿ ಹೆಚ್ಚಿನ ಬಸ್ ಸಂಚಾರ ಬೇಕಾಗಿದೆ.,Kannada,High,2026-07-05T11:32,Synthetic Demo Data
REQ001480,612826,Sonnenahalli,Bangalore,KARNATAKA,Drainage,ಚರಂಡಿ ಕೊರತೆಯಿಂದ ನೀರು ನಿಂತು ಸೊಳ್ಳೆಗಳ ಕಾಟ ಹೆಚ್ಚಾಗಿದೆ.,Kannada,Medium,2026-08-28T14:58,Synthetic Demo Data
REQ001481,612826,Sonnenahalli,Bangalore,KARNATAKA,Digital Connectivity,ಗ್ರಾಮ ಪಂಚಾಯತ್ ವ್ಯಾಪ್ತಿಯಲ್ಲಿ ಬಾಪೂಜಿ ಸೇವಾ ಕೇಂದ್ರ / ಡಿಜಿಟಲ್ ಕೇಂದ್ರ ಬೇಕು.,Kannada,Medium,2026-07-21T14:05,Synthetic Demo Data
REQ001482,612826,Sonnenahalli,Bangalore,KARNATAKA,Education,स्कूल में बेहतर सुविधाओं और शिक्षकों की मांग है।,Hindi,Medium,2026-08-21T07:14,Synthetic Demo Data
REQ001483,612826,Sonnenahalli,Bangalore,KARNATAKA,Healthcare,Residents are requesting improved local healthcare access and medicine availability.,English,Medium,2026-07-10T20:30,Synthetic Demo Data
REQ001484,612826,Sonnenahalli,Bangalore,KARNATAKA,Road,Residents are requesting improvement of road connectivity to the taluk center.,English,High,2026-08-17T19:12,Synthetic Demo Data
REQ001485,612826,Sonnenahalli,Bangalore,KARNATAKA,Road,ತಾಲೂಕು ಕೇಂದ್ರಕ್ಕೆ ಸಂಪರ್ಕ ಕಲ್ಪಿಸುವ ರಸ್ತೆ ಸುಧಾರಣೆಗೆ ಗ್ರಾಮಸ್ಥರ ಮನವಿ.,Kannada,Medium,2026-08-12T06:15,Synthetic Demo Data
REQ001486,612826,Sonnenahalli,Bangalore,KARNATAKA,Road,ಗ್ರಾಮದ ಮುಖ್ಯ ರಸ್ತೆ ಹಾಳಾಗಿದ್ದು ಸಂಚಾರಕ್ಕೆ ತೊಂದರೆಯಾಗಿದೆ.,Kannada,High,2026-07-02T15:12,Synthetic Demo Data
REQ001487,612826,Sonnenahalli,Bangalore,KARNATAKA,Digital Connectivity,People are requesting a local digital service facility (Bapuji Seva Kendra).,English,High,2026-07-11T07:36,Synthetic Demo Data
REQ001488,612826,Sonnenahalli,Bangalore,KARNATAKA,Banking,ಎಟಿಎಂ ಅಥವಾ ಗ್ರಾಮ ಬ್ಯಾಂಕಿಂಗ್ ಸೇವೆ ಒದಗಿಸಲು ಸಾರ್ವಜನಿಕರ ಮನವಿ.,Kannada,High,2026-08-09T06:22,Synthetic Demo Data
REQ001489,612826,Sonnenahalli,Bangalore,KARNATAKA,Electricity,बिजली की बार-बार कटौती से लोग परेशान हैं।,Hindi,High,2026-08-20T17:08,Synthetic Demo Data
REQ001490,612826,Sonnenahalli,Bangalore,KARNATAKA,Electricity,ವೋಲ್ಟೇಜ್ ಏರಿಳಿತದಿಂದ ಪಂಪ್‌ಸೆಟ್‌ಗಳಿಗೆ ತೊಂದರೆಯಾಗುತ್ತಿದೆ.,Kannada,Low,2026-09-03T09:32,Synthetic Demo Data
REQ001491,612826,Sonnenahalli,Bangalore,KARNATAKA,Banking,"ಬ್ಯಾಂಕಿಂಗ್ ಸೇವೆಗೆ 10 ಕಿ.ಮೀ ದೂರ ಹೋಗಬೇಕಾಗಿದ್ದು, ಸ್ಥಳೀಯ ಕಿಯೋಸ್ಕ್ ಅಗತ್ಯವಿದೆ.",Kannada,Medium,2026-08-31T07:18,Synthetic Demo Data
REQ001492,612826,Sonnenahalli,Bangalore,KARNATAKA,Drainage,Drainage overflows during heavy rain and causes waterlogging near the school.,English,Low,2026-07-12T13:56,Synthetic Demo Data
REQ001493,612826,Sonnenahalli,Bangalore,KARNATAKA,Waste Management,Garbage is not being collected regularly in residential lanes.,English,Medium,2026-07-21T16:28,Synthetic Demo Data
REQ001494,612827,Challahalli,Bangalore,KARNATAKA,Electricity,ವೋಲ್ಟೇಜ್ ಏರಿಳಿತದಿಂದ ಪಂಪ್‌ಸೆಟ್‌ಗಳಿಗೆ ತೊಂದರೆಯಾಗುತ್ತಿದೆ.,Kannada,Medium,2026-08-25T07:57,Synthetic Demo Data
REQ001495,612827,Challahalli,Bangalore,KARNATAKA,Public Transport,The village needs better bus frequency during morning and evening hours.,English,High,2026-09-17T08:09,Synthetic Demo Data
REQ001496,612827,Challahalli,Bangalore,KARNATAKA,Education,स्कूल में बेहतर सुविधाओं और शिक्षकों की मांग है।,Hindi,Low,2026-07-19T15:35,Synthetic Demo Data
REQ001497,612827,Challahalli,Bangalore,KARNATAKA,Banking,People are requesting easier access to ATM or banking kiosk services.,English,Medium,2026-08-28T16:10,Synthetic Demo Data
REQ001498,612827,Challahalli,Bangalore,KARNATAKA,Banking,ಗ್ರಾಮದಲ್ಲಿ ಬ್ಯಾಂಕ್ ಸೇವೆಗಳು ಮತ್ತು ಸಾಲ ಸೌಲಭ್ಯಗಳು ಸುಲಭವಾಗಿ ಸಿಗುತ್ತಿಲ್ಲ.,Kannada,Medium,2026-08-15T08:04,Synthetic Demo Data
REQ001499,612827,Challahalli,Bangalore,KARNATAKA,Waste Management,Waste is accumulating near residential areas and temple road.,English,Low,2026-08-02T20:41,Synthetic Demo Data
REQ001500,612827,Challahalli,Bangalore,KARNATAKA,Banking,Residents have limited access to nearby banking services and have to travel 10 km.,English,Medium,2026-08-16T15:25,Synthetic Demo Data
REQ001501,612827,Challahalli,Bangalore,KARNATAKA,Healthcare,Residents are requesting improved local healthcare access and medicine availability.,English,High,2026-08-16T16:23,Synthetic Demo Data
REQ001502,612827,Challahalli,Bangalore,KARNATAKA,Drainage,ಚರಂಡಿ ಕೊರತೆಯಿಂದ ನೀರು ನಿಂತು ಸೊಳ್ಳೆಗಳ ಕಾಟ ಹೆಚ್ಚಾಗಿದೆ.,Kannada,High,2026-07-06T07:47,Synthetic Demo Data
REQ001503,612827,Challahalli,Bangalore,KARNATAKA,Electricity,The village needs improved electricity infrastructure and street lighting.,English,High,2026-07-14T15:24,Synthetic Demo Data
REQ001504,612827,Challahalli,Bangalore,KARNATAKA,Waste Management,ಕಸವನ್ನು ನಿಯಮಿತವಾಗಿ ವಿಲೇವಾರಿ ಮಾಡಲಾಗುತ್ತಿಲ್ಲ.,Kannada,High,2026-08-29T08:22,Synthetic Demo Data
REQ001505,612827,Challahalli,Bangalore,KARNATAKA,Healthcare,Residents have limited access to a nearby health facility after 5 PM.,English,High,2026-07-24T09:58,Synthetic Demo Data
REQ001506,612827,Challahalli,Bangalore,KARNATAKA,Banking,ಗ್ರಾಮದಲ್ಲಿ ಬ್ಯಾಂಕ್ ಸೇವೆಗಳು ಮತ್ತು ಸಾಲ ಸೌಲಭ್ಯಗಳು ಸುಲಭವಾಗಿ ಸಿಗುತ್ತಿಲ್ಲ.,Kannada,High,2026-08-12T08:20,Synthetic Demo Data
REQ001507,612827,Challahalli,Bangalore,KARNATAKA,Road,The main approach road near the village is damaged and difficult to use.,English,Medium,2026-08-30T09:17,Synthetic Demo Data
REQ001508,612827,Challahalli,Bangalore,KARNATAKA,Healthcare,ಸಂಜೆ 5 ರ ನಂತರ ಸಮೀಪದ ಆರೋಗ್ಯ ಕೇಂದ್ರಕ್ಕೆ ಹೋಗಲು ಕಷ್ಟವಾಗುತ್ತಿದೆ.,Kannada,High,2026-07-28T16:36,Synthetic Demo Data
REQ001509,612828,Haniyur,Bangalore,KARNATAKA,Water,The village needs improved access to safe drinking water RO plant.,English,High,2026-08-16T19:30,Synthetic Demo Data
REQ001510,612828,Haniyur,Bangalore,KARNATAKA,Drainage,ಭಾರೀ ಮಳೆಯಾದಾಗ ಚರಂಡಿ ಉಕ್ಕಿ ಶಾಲೆ ಬಳಿ ನೀರು ನಿಲ್ಲುತ್ತದೆ.,Kannada,Low,2026-08-24T14:16,Synthetic Demo Data
REQ001511,612828,Haniyur,Bangalore,KARNATAKA,Education,ಬಸ್ ಕೊರತೆಯಿಂದ ವಿದ್ಯಾರ್ಥಿಗಳಿಗೆ ಪ್ರೌಢಶಾಲೆಗೆ ಹೋಗಲು ತೊಂದರೆಯಾಗಿದೆ.,Kannada,High,2026-07-11T15:55,Synthetic Demo Data
REQ001512,612828,Haniyur,Bangalore,KARNATAKA,Digital Connectivity,The village needs better mobile network coverage in interior areas.,English,High,2026-08-03T11:53,Synthetic Demo Data
REQ001513,612828,Haniyur,Bangalore,KARNATAKA,Water,The village needs improved access to safe drinking water RO plant.,English,High,2026-08-08T11:12,Synthetic Demo Data
REQ001514,612828,Haniyur,Bangalore,KARNATAKA,Waste Management,ವಸತಿ ಪ್ರದೇಶಗಳ ಬಳಿ ಕಸ ಶೇಖರಣೆಯಾಗುತ್ತಿದೆ.,Kannada,Medium,2026-07-21T19:22,Synthetic Demo Data
REQ001515,612828,Haniyur,Bangalore,KARNATAKA,Banking,People are requesting easier access to ATM or banking kiosk services.,English,Medium,2026-09-15T12:04,Synthetic Demo Data
REQ001516,612828,Haniyur,Bangalore,KARNATAKA,Public Transport,The village needs better bus frequency during morning and evening hours.,English,High,2026-08-10T06:09,Synthetic Demo Data
REQ001517,612828,Haniyur,Bangalore,KARNATAKA,Banking,The village needs better access to banking facilities and loan services.,English,Low,2026-07-15T19:16,Synthetic Demo Data
REQ001518,612828,Haniyur,Bangalore,KARNATAKA,Healthcare,ಸಂಜೆ 5 ರ ನಂತರ ಸಮೀಪದ ಆರೋಗ್ಯ ಕೇಂದ್ರಕ್ಕೆ ಹೋಗಲು ಕಷ್ಟವಾಗುತ್ತಿದೆ.,Kannada,Low,2026-07-17T20:40,Synthetic Demo Data
REQ001519,612828,Haniyur,Bangalore,KARNATAKA,Banking,ಎಟಿಎಂ ಅಥವಾ ಗ್ರಾಮ ಬ್ಯಾಂಕಿಂಗ್ ಸೇವೆ ಒದಗಿಸಲು ಸಾರ್ವಜನಿಕರ ಮನವಿ.,Kannada,Medium,2026-07-25T19:44,Synthetic Demo Data
REQ001520,612828,Haniyur,Bangalore,KARNATAKA,Healthcare,ಸಂಜೆ 5 ರ ನಂತರ ಸಮೀಪದ ಆರೋಗ್ಯ ಕೇಂದ್ರಕ್ಕೆ ಹೋಗಲು ಕಷ್ಟವಾಗುತ್ತಿದೆ.,Kannada,High,2026-07-27T12:43,Synthetic Demo Data
REQ001521,612828,Haniyur,Bangalore,KARNATAKA,Healthcare,ಸಂಜೆ 5 ರ ನಂತರ ಸಮೀಪದ ಆರೋಗ್ಯ ಕೇಂದ್ರಕ್ಕೆ ಹೋಗಲು ಕಷ್ಟವಾಗುತ್ತಿದೆ.,Kannada,High,2026-08-09T09:44,Synthetic Demo Data
REQ001522,612828,Haniyur,Bangalore,KARNATAKA,Healthcare,प्राथमिक स्वास्थ्य केंद्र में बेहतर सुविधाओं की आवश्यकता है।,Hindi,Medium,2026-08-15T19:33,Synthetic Demo Data
REQ001523,612828,Haniyur,Bangalore,KARNATAKA,Banking,ಎಟಿಎಂ ಅಥವಾ ಗ್ರಾಮ ಬ್ಯಾಂಕಿಂಗ್ ಸೇವೆ ಒದಗಿಸಲು ಸಾರ್ವಜನಿಕರ ಮನವಿ.,Kannada,Medium,2026-08-17T11:35,Synthetic Demo Data
REQ001524,612828,Haniyur,Bangalore,KARNATAKA,Education,ಸ್ಥಳೀಯ ಸರ್ಕಾರಿ ಶಾಲೆಯಲ್ಲಿ ಕಂಪ್ಯೂಟರ್ ಹಾಗೂ ಶೌಚಾಲಯ ಸೌಲಭ್ಯ ಕಲ್ಪಿಸಲು ಮನವಿ.,Kannada,High,2026-08-25T15:44,Synthetic Demo Data
REQ001525,612829,Kakkehalli,Bangalore,KARNATAKA,Education,Students have difficulty accessing nearby secondary education without bus.,English,Low,2026-07-14T08:41,Synthetic Demo Data
REQ001526,612829,Kakkehalli,Bangalore,KARNATAKA,Water,Residents report difficulty getting reliable drinking water in summer.,English,Medium,2026-09-08T09:40,Synthetic Demo Data
REQ001527,612829,Kakkehalli,Bangalore,KARNATAKA,Healthcare,The village needs easier access to primary healthcare center.,English,Medium,2026-08-23T12:14,Synthetic Demo Data
REQ001528,612829,Kakkehalli,Bangalore,KARNATAKA,Electricity,People are requesting more reliable power supply without frequent cuts.,English,High,2026-08-30T09:22,Synthetic Demo Data
REQ001529,612829,Kakkehalli,Bangalore,KARNATAKA,Banking,The village needs better access to banking facilities and loan services.,English,Low,2026-08-20T06:23,Synthetic Demo Data
REQ001530,612829,Kakkehalli,Bangalore,KARNATAKA,Electricity,ವೋಲ್ಟೇಜ್ ಏರಿಳಿತದಿಂದ ಪಂಪ್‌ಸೆಟ್‌ಗಳಿಗೆ ತೊಂದರೆಯಾಗುತ್ತಿದೆ.,Kannada,Low,2026-08-03T15:53,Synthetic Demo Data
REQ001531,612829,Kakkehalli,Bangalore,KARNATAKA,Banking,Residents have limited access to nearby banking services and have to travel 10 km.,English,High,2026-08-23T07:00,Synthetic Demo Data
REQ001532,612829,Kakkehalli,Bangalore,KARNATAKA,Water,Water supply pressure is insufficient for residents on higher lanes.,English,Low,2026-09-15T16:21,Synthetic Demo Data
REQ001533,612829,Kakkehalli,Bangalore,KARNATAKA,Waste Management,Waste is accumulating near residential areas and temple road.,English,High,2026-08-20T12:39,Synthetic Demo Data
REQ001534,612829,Kakkehalli,Bangalore,KARNATAKA,Digital Connectivity,The village needs better mobile network coverage in interior areas.,English,Medium,2026-08-19T11:25,Synthetic Demo Data
REQ001535,612829,Kakkehalli,Bangalore,KARNATAKA,Banking,ಗ್ರಾಮದಲ್ಲಿ ಬ್ಯಾಂಕ್ ಸೇವೆಗಳು ಮತ್ತು ಸಾಲ ಸೌಲಭ್ಯಗಳು ಸುಲಭವಾಗಿ ಸಿಗುತ್ತಿಲ್ಲ.,Kannada,High,2026-07-17T09:40,Synthetic Demo Data
REQ001536,612830,Nellukunte,Bangalore,KARNATAKA,Education,ಗ್ರಾಮದ ಶಾಲಾ ಆವರಣ ಹಾಗೂ ಆಟದ ಮೈದಾನ ದುರಸ್ತಿ ಮಾಡಬೇಕಾಗಿದೆ.,Kannada,Low,2026-09-09T11:20,Synthetic Demo Data
REQ001537,612830,Nellukunte,Bangalore,KARNATAKA,Waste Management,ವಸತಿ ಪ್ರದೇಶಗಳ ಬಳಿ ಕಸ ಶೇಖರಣೆಯಾಗುತ್ತಿದೆ.,Kannada,High,2026-09-14T10:01,Synthetic Demo Data
REQ001538,612830,Nellukunte,Bangalore,KARNATAKA,Education,ಬಸ್ ಕೊರತೆಯಿಂದ ವಿದ್ಯಾರ್ಥಿಗಳಿಗೆ ಪ್ರೌಢಶಾಲೆಗೆ ಹೋಗಲು ತೊಂದರೆಯಾಗಿದೆ.,Kannada,Medium,2026-07-04T10:29,Synthetic Demo Data
REQ001539,612830,Nellukunte,Bangalore,KARNATAKA,Education,Students have difficulty accessing nearby secondary education without bus.,English,High,2026-07-29T15:12,Synthetic Demo Data
REQ001540,612830,Nellukunte,Bangalore,KARNATAKA,Education,ಸ್ಥಳೀಯ ಸರ್ಕಾರಿ ಶಾಲೆಯಲ್ಲಿ ಕಂಪ್ಯೂಟರ್ ಹಾಗೂ ಶೌಚಾಲಯ ಸೌಲಭ್ಯ ಕಲ್ಪಿಸಲು ಮನವಿ.,Kannada,Medium,2026-07-07T14:05,Synthetic Demo Data
REQ001541,612830,Nellukunte,Bangalore,KARNATAKA,Banking,Residents have limited access to nearby banking services and have to travel 10 km.,English,Low,2026-07-14T09:29,Synthetic Demo Data
REQ001542,612830,Nellukunte,Bangalore,KARNATAKA,Banking,ಎಟಿಎಂ ಅಥವಾ ಗ್ರಾಮ ಬ್ಯಾಂಕಿಂಗ್ ಸೇವೆ ಒದಗಿಸಲು ಸಾರ್ವಜನಿಕರ ಮನವಿ.,Kannada,High,2026-07-24T08:04,Synthetic Demo Data
REQ001543,612830,Nellukunte,Bangalore,KARNATAKA,Healthcare,ನಮ್ಮ ಗ್ರಾಮಕ್ಕೆ ಪ್ರಾಥಮಿಕ ಆರೋಗ್ಯ ಕೇಂದ್ರದ ಸುಲಭ ಪ್ರವೇಶ ಬೇಕಾಗಿದೆ.,Kannada,Medium,2026-09-01T06:26,Synthetic Demo Data
REQ001544,612830,Nellukunte,Bangalore,KARNATAKA,Drainage,नालियों में पानी भर जाने से जलभराव हो रहा है।,Hindi,High,2026-08-23T18:56,Synthetic Demo Data
REQ001545,612830,Nellukunte,Bangalore,KARNATAKA,Road,The main approach road near the village is damaged and difficult to use.,English,High,2026-07-02T11:42,Synthetic Demo Data
REQ001546,612830,Nellukunte,Bangalore,KARNATAKA,Education,Students have difficulty accessing nearby secondary education without bus.,English,High,2026-08-13T17:30,Synthetic Demo Data
REQ001547,612831,Kadathanamale,Bangalore,KARNATAKA,Banking,People are requesting easier access to ATM or banking kiosk services.,English,High,2026-08-02T09:12,Synthetic Demo Data
REQ001548,612831,Kadathanamale,Bangalore,KARNATAKA,Education,ಗ್ರಾಮದ ಶಾಲಾ ಆವರಣ ಹಾಗೂ ಆಟದ ಮೈದಾನ ದುರಸ್ತಿ ಮಾಡಬೇಕಾಗಿದೆ.,Kannada,Medium,2026-07-20T12:55,Synthetic Demo Data
REQ001549,612831,Kadathanamale,Bangalore,KARNATAKA,Road,The main approach road near the village is damaged and difficult to use.,English,High,2026-07-29T08:46,Synthetic Demo Data
REQ001550,612831,Kadathanamale,Bangalore,KARNATAKA,Public Transport,ಮೆಟ್ರೋ ನಿಲ್ದಾಣಕ್ಕೆ ನೇರ ಬಸ್ ಸಂಪರ್ಕ ಕಲ್ಪಿಸಲು ಗ್ರಾಮಸ್ಥರ ಕೋರಿಕೆ.,Kannada,Medium,2026-07-12T17:45,Synthetic Demo Data
REQ001551,612831,Kadathanamale,Bangalore,KARNATAKA,Healthcare,ಸ್ಥಳೀಯ ಆರೋಗ್ಯ ಸೇವೆಗಳು ಮತ್ತು ಔಷಧಿಗಳ ಲಭ್ಯತೆಯನ್ನು ಸುಧಾರಿಸಲು ವಿನಂತಿ.,Kannada,Low,2026-08-25T18:59,Synthetic Demo Data
REQ001552,612831,Kadathanamale,Bangalore,KARNATAKA,Waste Management,ಮನೆ ಮನೆಗೆ ತೆರಳಿ ಕಸ ಸಂಗ್ರಹಿಸುವ ವ್ಯವಸ್ಥೆ ಬೇಕು ಎಂದು ನಿವಾಸಿಗಳು ಕೋರುತ್ತಿದ್ದಾರೆ.,Kannada,Low,2026-08-05T18:06,Synthetic Demo Data
REQ001553,612831,Kadathanamale,Bangalore,KARNATAKA,Education,Residents are requesting better facilities and computers in the local school.,English,High,2026-07-27T21:27,Synthetic Demo Data
REQ001554,612831,Kadathanamale,Bangalore,KARNATAKA,Banking,"ಬ್ಯಾಂಕಿಂಗ್ ಸೇವೆಗೆ 10 ಕಿ.ಮೀ ದೂರ ಹೋಗಬೇಕಾಗಿದ್ದು, ಸ್ಥಳೀಯ ಕಿಯೋಸ್ಕ್ ಅಗತ್ಯವಿದೆ.",Kannada,High,2026-08-10T09:38,Synthetic Demo Data
REQ001555,612831,Kadathanamale,Bangalore,KARNATAKA,Healthcare,ಸಂಜೆ 5 ರ ನಂತರ ಸಮೀಪದ ಆರೋಗ್ಯ ಕೇಂದ್ರಕ್ಕೆ ಹೋಗಲು ಕಷ್ಟವಾಗುತ್ತಿದೆ.,Kannada,Medium,2026-07-09T20:10,Synthetic Demo Data
REQ001556,612831,Kadathanamale,Bangalore,KARNATAKA,Banking,गांव में एटीएम या बैंकिंग सुविधा उपलब्ध कराई जाए।,Hindi,Medium,2026-08-07T17:25,Synthetic Demo Data
REQ001557,612831,Kadathanamale,Bangalore,KARNATAKA,Water,ಗ್ರಾಮಕ್ಕೆ ಶುದ್ಧ ಕುಡಿಯುವ ನೀರಿನ ಆರ್‌ಒ ಘಟಕದ ಅಗತ್ಯವಿದೆ.,Kannada,Medium,2026-07-24T17:15,Synthetic Demo Data
REQ001558,612831,Kadathanamale,Bangalore,KARNATAKA,Drainage,Poor drainage is causing stagnant water and mosquito breeding in the village.,English,High,2026-08-10T09:00,Synthetic Demo Data
REQ001559,612831,Kadathanamale,Bangalore,KARNATAKA,Road,ತಾಲೂಕು ಕೇಂದ್ರಕ್ಕೆ ಸಂಪರ್ಕ ಕಲ್ಪಿಸುವ ರಸ್ತೆ ಸುಧಾರಣೆಗೆ ಗ್ರಾಮಸ್ಥರ ಮನವಿ.,Kannada,High,2026-09-11T16:57,Synthetic Demo Data
REQ001560,612832,Marasandra Amanikere,Bangalore,KARNATAKA,Waste Management,ವಸತಿ ಪ್ರದೇಶಗಳ ಬಳಿ ಕಸ ಶೇಖರಣೆಯಾಗುತ್ತಿದೆ.,Kannada,Medium,2026-09-06T12:06,Synthetic Demo Data
REQ001561,612832,Marasandra Amanikere,Bangalore,KARNATAKA,Education,The village needs improved educational facilities and playground repair.,English,High,2026-08-23T19:20,Synthetic Demo Data
REQ001562,612832,Marasandra Amanikere,Bangalore,KARNATAKA,Electricity,ಪದೇ ಪದೇ ವಿದ್ಯುತ್ ಕಡಿತವಾಗದಂತೆ ನಿರಂತರ ವಿದ್ಯುತ್ ನೀಡಲು ವಿನಂತಿ.,Kannada,Low,2026-09-02T07:17,Synthetic Demo Data
REQ001563,612832,Marasandra Amanikere,Bangalore,KARNATAKA,Healthcare,ನಮ್ಮ ಗ್ರಾಮಕ್ಕೆ ಪ್ರಾಥಮಿಕ ಆರೋಗ್ಯ ಕೇಂದ್ರದ ಸುಲಭ ಪ್ರವೇಶ ಬೇಕಾಗಿದೆ.,Kannada,Medium,2026-09-14T18:15,Synthetic Demo Data
REQ001564,612832,Marasandra Amanikere,Bangalore,KARNATAKA,Education,ಗ್ರಾಮದ ಶಾಲಾ ಆವರಣ ಹಾಗೂ ಆಟದ ಮೈದಾನ ದುರಸ್ತಿ ಮಾಡಬೇಕಾಗಿದೆ.,Kannada,Medium,2026-09-12T06:58,Synthetic Demo Data
REQ001565,612832,Marasandra Amanikere,Bangalore,KARNATAKA,Healthcare,ಸಂಜೆ 5 ರ ನಂತರ ಸಮೀಪದ ಆರೋಗ್ಯ ಕೇಂದ್ರಕ್ಕೆ ಹೋಗಲು ಕಷ್ಟವಾಗುತ್ತಿದೆ.,Kannada,High,2026-09-07T07:21,Synthetic Demo Data
REQ001566,612832,Marasandra Amanikere,Bangalore,KARNATAKA,Digital Connectivity,ಗ್ರಾಮ ಪಂಚಾಯತ್ ವ್ಯಾಪ್ತಿಯಲ್ಲಿ ಬಾಪೂಜಿ ಸೇವಾ ಕೇಂದ್ರ / ಡಿಜಿಟಲ್ ಕೇಂದ್ರ ಬೇಕು.,Kannada,Low,2026-08-23T15:17,Synthetic Demo Data
REQ001567,612832,Marasandra Amanikere,Bangalore,KARNATAKA,Road,ಗ್ರಾಮದ ಮುಖ್ಯ ರಸ್ತೆ ಹಾಳಾಗಿದ್ದು ಸಂಚಾರಕ್ಕೆ ತೊಂದರೆಯಾಗಿದೆ.,Kannada,Medium,2026-08-10T21:39,Synthetic Demo Data
REQ001568,612832,Marasandra Amanikere,Bangalore,KARNATAKA,Water,ಗ್ರಾಮಕ್ಕೆ ಶುದ್ಧ ಕುಡಿಯುವ ನೀರಿನ ಆರ್‌ಒ ಘಟಕದ ಅಗತ್ಯವಿದೆ.,Kannada,Medium,2026-07-16T17:39,Synthetic Demo Data
REQ001569,612832,Marasandra Amanikere,Bangalore,KARNATAKA,Drainage,ಭಾರೀ ಮಳೆಯಾದಾಗ ಚರಂಡಿ ಉಕ್ಕಿ ಶಾಲೆ ಬಳಿ ನೀರು ನಿಲ್ಲುತ್ತದೆ.,Kannada,High,2026-08-11T19:14,Synthetic Demo Data
REQ001570,612832,Marasandra Amanikere,Bangalore,KARNATAKA,Waste Management,ವಸತಿ ಪ್ರದೇಶಗಳ ಬಳಿ ಕಸ ಶೇಖರಣೆಯಾಗುತ್ತಿದೆ.,Kannada,Low,2026-09-07T06:59,Synthetic Demo Data
REQ001571,612832,Marasandra Amanikere,Bangalore,KARNATAKA,Digital Connectivity,ಗ್ರಾಮ ಪಂಚಾಯತ್ ವ್ಯಾಪ್ತಿಯಲ್ಲಿ ಬಾಪೂಜಿ ಸೇವಾ ಕೇಂದ್ರ / ಡಿಜಿಟಲ್ ಕೇಂದ್ರ ಬೇಕು.,Kannada,High,2026-08-08T08:16,Synthetic Demo Data
REQ001572,612832,Marasandra Amanikere,Bangalore,KARNATAKA,Road,Residents are requesting improvement of road connectivity to the taluk center.,English,High,2026-07-22T10:37,Synthetic Demo Data
REQ001573,612832,Marasandra Amanikere,Bangalore,KARNATAKA,Healthcare,ನಮ್ಮ ಗ್ರಾಮಕ್ಕೆ ಪ್ರಾಥಮಿಕ ಆರೋಗ್ಯ ಕೇಂದ್ರದ ಸುಲಭ ಪ್ರವೇಶ ಬೇಕಾಗಿದೆ.,Kannada,Medium,2026-08-22T20:42,Synthetic Demo Data
REQ001574,612832,Marasandra Amanikere,Bangalore,KARNATAKA,Drainage,ವಸತಿ ಪ್ರದೇಶದ ಬಳಿ ಕಾಂಕ್ರೀಟ್ ಮುಚ್ಚಿದ ಚರಂಡಿ ನಿರ್ಮಿಸಲು ವಿನಂತಿ.,Kannada,Medium,2026-09-01T14:20,Synthetic Demo Data
REQ001575,612832,Marasandra Amanikere,Bangalore,KARNATAKA,Electricity,ಪದೇ ಪದೇ ವಿದ್ಯುತ್ ಕಡಿತವಾಗದಂತೆ ನಿರಂತರ ವಿದ್ಯುತ್ ನೀಡಲು ವಿನಂತಿ.,Kannada,High,2026-08-07T08:22,Synthetic Demo Data
REQ001576,612832,Marasandra Amanikere,Bangalore,KARNATAKA,Education,The village needs improved educational facilities and playground repair.,English,Medium,2026-07-27T08:04,Synthetic Demo Data
REQ001577,612832,Marasandra Amanikere,Bangalore,KARNATAKA,Banking,ಎಟಿಎಂ ಅಥವಾ ಗ್ರಾಮ ಬ್ಯಾಂಕಿಂಗ್ ಸೇವೆ ಒದಗಿಸಲು ಸಾರ್ವಜನಿಕರ ಮನವಿ.,Kannada,Medium,2026-08-29T18:12,Synthetic Demo Data
REQ001578,612832,Marasandra Amanikere,Bangalore,KARNATAKA,Healthcare,ಸ್ಥಳೀಯ ಆರೋಗ್ಯ ಸೇವೆಗಳು ಮತ್ತು ಔಷಧಿಗಳ ಲಭ್ಯತೆಯನ್ನು ಸುಧಾರಿಸಲು ವಿನಂತಿ.,Kannada,Medium,2026-09-04T16:48,Synthetic Demo Data
REQ001579,612832,Marasandra Amanikere,Bangalore,KARNATAKA,Banking,Residents have limited access to nearby banking services and have to travel 10 km.,English,High,2026-09-03T09:58,Synthetic Demo Data
REQ001580,612832,Marasandra Amanikere,Bangalore,KARNATAKA,Drainage,Poor drainage is causing stagnant water and mosquito breeding in the village.,English,Low,2026-09-04T12:49,Synthetic Demo Data
REQ001581,612832,Marasandra Amanikere,Bangalore,KARNATAKA,Healthcare,ಸಂಜೆ 5 ರ ನಂತರ ಸಮೀಪದ ಆರೋಗ್ಯ ಕೇಂದ್ರಕ್ಕೆ ಹೋಗಲು ಕಷ್ಟವಾಗುತ್ತಿದೆ.,Kannada,High,2026-08-09T09:09,Synthetic Demo Data
REQ001582,612832,Marasandra Amanikere,Bangalore,KARNATAKA,Healthcare,ನಮ್ಮ ಗ್ರಾಮಕ್ಕೆ ಪ್ರಾಥಮಿಕ ಆರೋಗ್ಯ ಕೇಂದ್ರದ ಸುಲಭ ಪ್ರವೇಶ ಬೇಕಾಗಿದೆ.,Kannada,High,2026-08-28T11:17,Synthetic Demo Data
REQ001583,612832,Marasandra Amanikere,Bangalore,KARNATAKA,Water,The village needs improved access to safe drinking water RO plant.,English,Medium,2026-07-16T08:22,Synthetic Demo Data
REQ001584,612832,Marasandra Amanikere,Bangalore,KARNATAKA,Healthcare,ಸ್ಥಳೀಯ ಆರೋಗ್ಯ ಸೇವೆಗಳು ಮತ್ತು ಔಷಧಿಗಳ ಲಭ್ಯತೆಯನ್ನು ಸುಧಾರಿಸಲು ವಿನಂತಿ.,Kannada,Medium,2026-08-12T07:28,Synthetic Demo Data
REQ001585,612833,Suradenpura,Bangalore,KARNATAKA,Waste Management,ಮನೆ ಮನೆಗೆ ತೆರಳಿ ಕಸ ಸಂಗ್ರಹಿಸುವ ವ್ಯವಸ್ಥೆ ಬೇಕು ಎಂದು ನಿವಾಸಿಗಳು ಕೋರುತ್ತಿದ್ದಾರೆ.,Kannada,Medium,2026-08-24T12:18,Synthetic Demo Data
REQ001586,612833,Suradenpura,Bangalore,KARNATAKA,Waste Management,ವಸತಿ ಪ್ರದೇಶಗಳ ಬಳಿ ಕಸ ಶೇಖರಣೆಯಾಗುತ್ತಿದೆ.,Kannada,Medium,2026-09-02T19:06,Synthetic Demo Data
REQ001587,612833,Suradenpura,Bangalore,KARNATAKA,Digital Connectivity,People are requesting a local digital service facility (Bapuji Seva Kendra).,English,High,2026-07-07T07:36,Synthetic Demo Data
REQ001588,612833,Suradenpura,Bangalore,KARNATAKA,Waste Management,ಕಸವನ್ನು ನಿಯಮಿತವಾಗಿ ವಿಲೇವಾರಿ ಮಾಡಲಾಗುತ್ತಿಲ್ಲ.,Kannada,High,2026-08-21T18:25,Synthetic Demo Data
REQ001589,612833,Suradenpura,Bangalore,KARNATAKA,Drainage,Residents are requesting proper concrete covered drainage near residential areas.,English,High,2026-07-27T11:50,Synthetic Demo Data
REQ001590,612833,Suradenpura,Bangalore,KARNATAKA,Waste Management,Residents are requesting a better door-to-door waste collection system.,English,Medium,2026-07-01T09:11,Synthetic Demo Data
REQ001591,612833,Suradenpura,Bangalore,KARNATAKA,Healthcare,Residents have limited access to a nearby health facility after 5 PM.,English,Medium,2026-07-31T11:20,Synthetic Demo Data
REQ001592,612833,Suradenpura,Bangalore,KARNATAKA,Digital Connectivity,ಹೈಸ್ಪೀಡ್ ಇಂಟರ್ನೆಟ್ ಮತ್ತು ಸಿಎಸ್ಸಿ ಸೇವೆಗಳು ಲಭ್ಯವಿಲ್ಲ.,Kannada,Low,2026-07-19T06:42,Synthetic Demo Data
REQ001593,612833,Suradenpura,Bangalore,KARNATAKA,Healthcare,ನಮ್ಮ ಗ್ರಾಮಕ್ಕೆ ಪ್ರಾಥಮಿಕ ಆರೋಗ್ಯ ಕೇಂದ್ರದ ಸುಲಭ ಪ್ರವೇಶ ಬೇಕಾಗಿದೆ.,Kannada,Low,2026-07-10T11:43,Synthetic Demo Data
REQ001594,612833,Suradenpura,Bangalore,KARNATAKA,Electricity,ವೋಲ್ಟೇಜ್ ಏರಿಳಿತದಿಂದ ಪಂಪ್‌ಸೆಟ್‌ಗಳಿಗೆ ತೊಂದರೆಯಾಗುತ್ತಿದೆ.,Kannada,Low,2026-09-13T06:31,Synthetic Demo Data
REQ001595,612833,Suradenpura,Bangalore,KARNATAKA,Banking,ಎಟಿಎಂ ಅಥವಾ ಗ್ರಾಮ ಬ್ಯಾಂಕಿಂಗ್ ಸೇವೆ ಒದಗಿಸಲು ಸಾರ್ವಜನಿಕರ ಮನವಿ.,Kannada,Low,2026-09-11T15:53,Synthetic Demo Data
REQ001596,612833,Suradenpura,Bangalore,KARNATAKA,Waste Management,ಕಸವನ್ನು ನಿಯಮಿತವಾಗಿ ವಿಲೇವಾರಿ ಮಾಡಲಾಗುತ್ತಿಲ್ಲ.,Kannada,Medium,2026-07-13T15:51,Synthetic Demo Data
REQ001597,612833,Suradenpura,Bangalore,KARNATAKA,Public Transport,ವಿಶ್ವಾಸಾರ್ಹ ಸಾರಿಗೆ ಬಸ್ ಸೇವೆಗಳನ್ನು ಹೆಚ್ಚಿಸಲು ವಿನಂತಿ.,Kannada,Medium,2026-09-08T14:42,Synthetic Demo Data
REQ001598,612833,Suradenpura,Bangalore,KARNATAKA,Healthcare,ನಮ್ಮ ಗ್ರಾಮಕ್ಕೆ ಪ್ರಾಥಮಿಕ ಆರೋಗ್ಯ ಕೇಂದ್ರದ ಸುಲಭ ಪ್ರವೇಶ ಬೇಕಾಗಿದೆ.,Kannada,Low,2026-08-08T16:57,Synthetic Demo Data
REQ001599,612833,Suradenpura,Bangalore,KARNATAKA,Healthcare,Residents are requesting improved local healthcare access and medicine availability.,English,Medium,2026-08-04T06:09,Synthetic Demo Data
REQ001600,612833,Suradenpura,Bangalore,KARNATAKA,Banking,Residents have limited access to nearby banking services and have to travel 10 km.,English,Low,2026-08-15T21:01,Synthetic Demo Data
REQ001601,612833,Suradenpura,Bangalore,KARNATAKA,Waste Management,Waste is accumulating near residential areas and temple road.,English,Medium,2026-07-12T12:58,Synthetic Demo Data
REQ001602,612833,Suradenpura,Bangalore,KARNATAKA,Banking,The village needs better access to banking facilities and loan services.,English,Low,2026-09-08T20:56,Synthetic Demo Data
REQ001603,612833,Suradenpura,Bangalore,KARNATAKA,Healthcare,ಸ್ಥಳೀಯ ಆರೋಗ್ಯ ಸೇವೆಗಳು ಮತ್ತು ಔಷಧಿಗಳ ಲಭ್ಯತೆಯನ್ನು ಸುಧಾರಿಸಲು ವಿನಂತಿ.,Kannada,High,2026-08-12T18:37,Synthetic Demo Data
REQ001604,612833,Suradenpura,Bangalore,KARNATAKA,Healthcare,प्राथमिक स्वास्थ्य केंद्र में बेहतर सुविधाओं की आवश्यकता है।,Hindi,High,2026-09-13T16:53,Synthetic Demo Data
REQ001605,612833,Suradenpura,Bangalore,KARNATAKA,Education,ಸ್ಥಳೀಯ ಸರ್ಕಾರಿ ಶಾಲೆಯಲ್ಲಿ ಕಂಪ್ಯೂಟರ್ ಹಾಗೂ ಶೌಚಾಲಯ ಸೌಲಭ್ಯ ಕಲ್ಪಿಸಲು ಮನವಿ.,Kannada,Medium,2026-08-14T15:07,Synthetic Demo Data
REQ001606,612834,Adde Vishwanathapura,Bangalore,KARNATAKA,Banking,"ಬ್ಯಾಂಕಿಂಗ್ ಸೇವೆಗೆ 10 ಕಿ.ಮೀ ದೂರ ಹೋಗಬೇಕಾಗಿದ್ದು, ಸ್ಥಳೀಯ ಕಿಯೋಸ್ಕ್ ಅಗತ್ಯವಿದೆ.",Kannada,High,2026-07-20T15:39,Synthetic Demo Data
REQ001607,612834,Adde Vishwanathapura,Bangalore,KARNATAKA,Education,ಸ್ಥಳೀಯ ಸರ್ಕಾರಿ ಶಾಲೆಯಲ್ಲಿ ಕಂಪ್ಯೂಟರ್ ಹಾಗೂ ಶೌಚಾಲಯ ಸೌಲಭ್ಯ ಕಲ್ಪಿಸಲು ಮನವಿ.,Kannada,High,2026-08-07T06:29,Synthetic Demo Data
REQ001608,612834,Adde Vishwanathapura,Bangalore,KARNATAKA,Water,ಮೇಲ್ಭಾಗದ ಬಡಾವಣೆಗಳಿಗೆ ನೀರಿನ ಸರಬರಾಜು ಒತ್ತಡ ಸಾಲುತ್ತಿಲ್ಲ.,Kannada,High,2026-09-01T15:00,Synthetic Demo Data
REQ001609,612834,Adde Vishwanathapura,Bangalore,KARNATAKA,Healthcare,The village needs easier access to primary healthcare center.,English,High,2026-07-18T17:56,Synthetic Demo Data
REQ001610,612834,Adde Vishwanathapura,Bangalore,KARNATAKA,Waste Management,Residents are requesting a better door-to-door waste collection system.,English,Low,2026-09-10T10:05,Synthetic Demo Data
REQ001611,612834,Adde Vishwanathapura,Bangalore,KARNATAKA,Public Transport,ವಿಶ್ವಾಸಾರ್ಹ ಸಾರಿಗೆ ಬಸ್ ಸೇವೆಗಳನ್ನು ಹೆಚ್ಚಿಸಲು ವಿನಂತಿ.,Kannada,High,2026-09-13T08:18,Synthetic Demo Data
REQ001612,612834,Adde Vishwanathapura,Bangalore,KARNATAKA,Waste Management,ವಸತಿ ಪ್ರದೇಶಗಳ ಬಳಿ ಕಸ ಶೇಖರಣೆಯಾಗುತ್ತಿದೆ.,Kannada,High,2026-08-19T19:25,Synthetic Demo Data
REQ001613,612834,Adde Vishwanathapura,Bangalore,KARNATAKA,Banking,ಗ್ರಾಮದಲ್ಲಿ ಬ್ಯಾಂಕ್ ಸೇವೆಗಳು ಮತ್ತು ಸಾಲ ಸೌಲಭ್ಯಗಳು ಸುಲಭವಾಗಿ ಸಿಗುತ್ತಿಲ್ಲ.,Kannada,Low,2026-09-15T15:11,Synthetic Demo Data
REQ001614,612834,Adde Vishwanathapura,Bangalore,KARNATAKA,Education,Residents are requesting better facilities and computers in the local school.,English,Low,2026-07-18T12:16,Synthetic Demo Data
REQ001615,612834,Adde Vishwanathapura,Bangalore,KARNATAKA,Drainage,Poor drainage is causing stagnant water and mosquito breeding in the village.,English,High,2026-08-08T20:34,Synthetic Demo Data
REQ001616,612834,Adde Vishwanathapura,Bangalore,KARNATAKA,Waste Management,Waste is accumulating near residential areas and temple road.,English,High,2026-09-06T20:44,Synthetic Demo Data
REQ001617,612834,Adde Vishwanathapura,Bangalore,KARNATAKA,Road,The road becomes waterlogged and difficult to travel on during the rainy season.,English,Medium,2026-08-15T19:29,Synthetic Demo Data
REQ001618,612834,Adde Vishwanathapura,Bangalore,KARNATAKA,Healthcare,ನಮ್ಮ ಗ್ರಾಮಕ್ಕೆ ಪ್ರಾಥಮಿಕ ಆರೋಗ್ಯ ಕೇಂದ್ರದ ಸುಲಭ ಪ್ರವೇಶ ಬೇಕಾಗಿದೆ.,Kannada,Low,2026-07-04T19:05,Synthetic Demo Data
REQ001619,612834,Adde Vishwanathapura,Bangalore,KARNATAKA,Public Transport,Residents report limited public transport access to metro/train stations.,English,Medium,2026-09-13T17:08,Synthetic Demo Data
REQ001620,612834,Adde Vishwanathapura,Bangalore,KARNATAKA,Digital Connectivity,Residents have limited access to high-speed internet and CSC services.,English,High,2026-08-20T10:25,Synthetic Demo Data
REQ001621,612834,Adde Vishwanathapura,Bangalore,KARNATAKA,Digital Connectivity,ಗ್ರಾಮದ ಒಳಭಾಗದಲ್ಲಿ ಮೊಬೈಲ್ ನೆಟ್‌ವರ್ಕ್ ಸಿಗುತ್ತಿಲ್ಲ.,Kannada,Medium,2026-07-07T08:03,Synthetic Demo Data
REQ001622,612834,Adde Vishwanathapura,Bangalore,KARNATAKA,Waste Management,गांव में कचरा समय पर नहीं उठाया जा रहा है।,Hindi,High,2026-07-13T15:36,Synthetic Demo Data
REQ001623,612834,Adde Vishwanathapura,Bangalore,KARNATAKA,Healthcare,ನಮ್ಮ ಗ್ರಾಮಕ್ಕೆ ಪ್ರಾಥಮಿಕ ಆರೋಗ್ಯ ಕೇಂದ್ರದ ಸುಲಭ ಪ್ರವೇಶ ಬೇಕಾಗಿದೆ.,Kannada,High,2026-09-13T07:44,Synthetic Demo Data
REQ001624,612834,Adde Vishwanathapura,Bangalore,KARNATAKA,Waste Management,ಮನೆ ಮನೆಗೆ ತೆರಳಿ ಕಸ ಸಂಗ್ರಹಿಸುವ ವ್ಯವಸ್ಥೆ ಬೇಕು ಎಂದು ನಿವಾಸಿಗಳು ಕೋರುತ್ತಿದ್ದಾರೆ.,Kannada,Low,2026-07-18T13:57,Synthetic Demo Data
REQ001625,612834,Adde Vishwanathapura,Bangalore,KARNATAKA,Digital Connectivity,Residents have limited access to high-speed internet and CSC services.,English,Medium,2026-07-01T21:39,Synthetic Demo Data
REQ001626,612834,Adde Vishwanathapura,Bangalore,KARNATAKA,Digital Connectivity,ಗ್ರಾಮ ಪಂಚಾಯತ್ ವ್ಯಾಪ್ತಿಯಲ್ಲಿ ಬಾಪೂಜಿ ಸೇವಾ ಕೇಂದ್ರ / ಡಿಜಿಟಲ್ ಕೇಂದ್ರ ಬೇಕು.,Kannada,High,2026-07-16T09:15,Synthetic Demo Data
REQ001627,612835,Arakere,Bangalore,KARNATAKA,Waste Management,ಮನೆ ಮನೆಗೆ ತೆರಳಿ ಕಸ ಸಂಗ್ರಹಿಸುವ ವ್ಯವಸ್ಥೆ ಬೇಕು ಎಂದು ನಿವಾಸಿಗಳು ಕೋರುತ್ತಿದ್ದಾರೆ.,Kannada,Medium,2026-07-08T09:19,Synthetic Demo Data
REQ001628,612835,Arakere,Bangalore,KARNATAKA,Healthcare,प्राथमिक स्वास्थ्य केंद्र में बेहतर सुविधाओं की आवश्यकता है।,Hindi,Low,2026-09-08T14:52,Synthetic Demo Data
REQ001629,612835,Arakere,Bangalore,KARNATAKA,Education,ಗ್ರಾಮದ ಶಾಲಾ ಆವರಣ ಹಾಗೂ ಆಟದ ಮೈದಾನ ದುರಸ್ತಿ ಮಾಡಬೇಕಾಗಿದೆ.,Kannada,Medium,2026-08-25T10:40,Synthetic Demo Data
REQ001630,612835,Arakere,Bangalore,KARNATAKA,Water,ಮೇಲ್ಭಾಗದ ಬಡಾವಣೆಗಳಿಗೆ ನೀರಿನ ಸರಬರಾಜು ಒತ್ತಡ ಸಾಲುತ್ತಿಲ್ಲ.,Kannada,Medium,2026-07-22T12:30,Synthetic Demo Data
REQ001631,612835,Arakere,Bangalore,KARNATAKA,Healthcare,ನಮ್ಮ ಗ್ರಾಮಕ್ಕೆ ಪ್ರಾಥಮಿಕ ಆರೋಗ್ಯ ಕೇಂದ್ರದ ಸುಲಭ ಪ್ರವೇಶ ಬೇಕಾಗಿದೆ.,Kannada,Low,2026-09-02T17:42,Synthetic Demo Data
REQ001632,612835,Arakere,Bangalore,KARNATAKA,Waste Management,ಕಸವನ್ನು ನಿಯಮಿತವಾಗಿ ವಿಲೇವಾರಿ ಮಾಡಲಾಗುತ್ತಿಲ್ಲ.,Kannada,Medium,2026-08-24T10:01,Synthetic Demo Data
REQ001633,612835,Arakere,Bangalore,KARNATAKA,Waste Management,ವಸತಿ ಪ್ರದೇಶಗಳ ಬಳಿ ಕಸ ಶೇಖರಣೆಯಾಗುತ್ತಿದೆ.,Kannada,High,2026-08-08T07:41,Synthetic Demo Data
REQ001634,612835,Arakere,Bangalore,KARNATAKA,Digital Connectivity,Residents have limited access to high-speed internet and CSC services.,English,High,2026-08-15T10:29,Synthetic Demo Data
REQ001635,612835,Arakere,Bangalore,KARNATAKA,Banking,ಎಟಿಎಂ ಅಥವಾ ಗ್ರಾಮ ಬ್ಯಾಂಕಿಂಗ್ ಸೇವೆ ಒದಗಿಸಲು ಸಾರ್ವಜನಿಕರ ಮನವಿ.,Kannada,Low,2026-08-15T12:22,Synthetic Demo Data
REQ001636,612835,Arakere,Bangalore,KARNATAKA,Banking,"ಬ್ಯಾಂಕಿಂಗ್ ಸೇವೆಗೆ 10 ಕಿ.ಮೀ ದೂರ ಹೋಗಬೇಕಾಗಿದ್ದು, ಸ್ಥಳೀಯ ಕಿಯೋಸ್ಕ್ ಅಗತ್ಯವಿದೆ.",Kannada,High,2026-07-20T17:41,Synthetic Demo Data
REQ001637,612835,Arakere,Bangalore,KARNATAKA,Public Transport,ವಿಶ್ವಾಸಾರ್ಹ ಸಾರಿಗೆ ಬಸ್ ಸೇವೆಗಳನ್ನು ಹೆಚ್ಚಿಸಲು ವಿನಂತಿ.,Kannada,Low,2026-07-18T14:50,Synthetic Demo Data
REQ001638,612835,Arakere,Bangalore,KARNATAKA,Electricity,ವೋಲ್ಟೇಜ್ ಏರಿಳಿತದಿಂದ ಪಂಪ್‌ಸೆಟ್‌ಗಳಿಗೆ ತೊಂದರೆಯಾಗುತ್ತಿದೆ.,Kannada,High,2026-08-31T18:30,Synthetic Demo Data
REQ001639,612835,Arakere,Bangalore,KARNATAKA,Education,ಗ್ರಾಮದ ಶಾಲಾ ಆವರಣ ಹಾಗೂ ಆಟದ ಮೈದಾನ ದುರಸ್ತಿ ಮಾಡಬೇಕಾಗಿದೆ.,Kannada,Low,2026-09-06T14:08,Synthetic Demo Data
REQ001640,612835,Arakere,Bangalore,KARNATAKA,Public Transport,People are requesting more reliable BMTC/KSRTC public transport services.,English,High,2026-08-21T08:02,Synthetic Demo Data
REQ001641,612835,Arakere,Bangalore,KARNATAKA,Water,Residents report difficulty getting reliable drinking water in summer.,English,High,2026-07-14T21:59,Synthetic Demo Data
REQ001642,612836,Byrapura,Bangalore,KARNATAKA,Digital Connectivity,ಗ್ರಾಮ ಪಂಚಾಯತ್ ವ್ಯಾಪ್ತಿಯಲ್ಲಿ ಬಾಪೂಜಿ ಸೇವಾ ಕೇಂದ್ರ / ಡಿಜಿಟಲ್ ಕೇಂದ್ರ ಬೇಕು.,Kannada,Low,2026-07-31T09:57,Synthetic Demo Data
REQ001643,612836,Byrapura,Bangalore,KARNATAKA,Banking,The village needs better access to banking facilities and loan services.,English,Medium,2026-08-23T08:03,Synthetic Demo Data
REQ001644,612836,Byrapura,Bangalore,KARNATAKA,Education,ಗ್ರಾಮದ ಶಾಲಾ ಆವರಣ ಹಾಗೂ ಆಟದ ಮೈದಾನ ದುರಸ್ತಿ ಮಾಡಬೇಕಾಗಿದೆ.,Kannada,High,2026-08-17T06:59,Synthetic Demo Data
REQ001645,612836,Byrapura,Bangalore,KARNATAKA,Drainage,ಚರಂಡಿ ಕೊರತೆಯಿಂದ ನೀರು ನಿಂತು ಸೊಳ್ಳೆಗಳ ಕಾಟ ಹೆಚ್ಚಾಗಿದೆ.,Kannada,Medium,2026-09-12T12:12,Synthetic Demo Data
REQ001646,612836,Byrapura,Bangalore,KARNATAKA,Waste Management,ವಸತಿ ಪ್ರದೇಶಗಳ ಬಳಿ ಕಸ ಶೇಖರಣೆಯಾಗುತ್ತಿದೆ.,Kannada,High,2026-07-21T19:52,Synthetic Demo Data
REQ001647,612836,Byrapura,Bangalore,KARNATAKA,Healthcare,The village needs easier access to primary healthcare center.,English,Medium,2026-07-13T12:02,Synthetic Demo Data
REQ001648,612836,Byrapura,Bangalore,KARNATAKA,Electricity,Residents report voltage fluctuations affecting agriculture pump sets.,English,Medium,2026-09-11T08:21,Synthetic Demo Data
REQ001649,612836,Byrapura,Bangalore,KARNATAKA,Drainage,Residents are requesting proper concrete covered drainage near residential areas.,English,Medium,2026-09-02T12:53,Synthetic Demo Data
REQ001650,612836,Byrapura,Bangalore,KARNATAKA,Drainage,Residents are requesting proper concrete covered drainage near residential areas.,English,Medium,2026-09-10T10:51,Synthetic Demo Data
REQ001651,612836,Byrapura,Bangalore,KARNATAKA,Water,ಗ್ರಾಮಕ್ಕೆ ಶುದ್ಧ ಕುಡಿಯುವ ನೀರಿನ ಆರ್‌ಒ ಘಟಕದ ಅಗತ್ಯವಿದೆ.,Kannada,Low,2026-09-11T08:08,Synthetic Demo Data
REQ001652,612836,Byrapura,Bangalore,KARNATAKA,Electricity,ಪದೇ ಪದೇ ವಿದ್ಯುತ್ ಕಡಿತವಾಗದಂತೆ ನಿರಂತರ ವಿದ್ಯುತ್ ನೀಡಲು ವಿನಂತಿ.,Kannada,Medium,2026-07-07T16:01,Synthetic Demo Data
REQ001653,612836,Byrapura,Bangalore,KARNATAKA,Waste Management,Waste is accumulating near residential areas and temple road.,English,Medium,2026-08-15T08:55,Synthetic Demo Data
REQ001654,612836,Byrapura,Bangalore,KARNATAKA,Banking,गांव में एटीएम या बैंकिंग सुविधा उपलब्ध कराई जाए।,Hindi,Medium,2026-07-31T15:25,Synthetic Demo Data
REQ001655,612836,Byrapura,Bangalore,KARNATAKA,Education,ಬಸ್ ಕೊರತೆಯಿಂದ ವಿದ್ಯಾರ್ಥಿಗಳಿಗೆ ಪ್ರೌಢಶಾಲೆಗೆ ಹೋಗಲು ತೊಂದರೆಯಾಗಿದೆ.,Kannada,Medium,2026-08-03T06:02,Synthetic Demo Data
REQ001656,612837,Channasandra,Bangalore,KARNATAKA,Road,ತಾಲೂಕು ಕೇಂದ್ರಕ್ಕೆ ಸಂಪರ್ಕ ಕಲ್ಪಿಸುವ ರಸ್ತೆ ಸುಧಾರಣೆಗೆ ಗ್ರಾಮಸ್ಥರ ಮನವಿ.,Kannada,Low,2026-07-08T10:13,Synthetic Demo Data
REQ001657,612837,Channasandra,Bangalore,KARNATAKA,Healthcare,Residents are requesting improved local healthcare access and medicine availability.,English,Low,2026-07-08T13:31,Synthetic Demo Data
REQ001658,612837,Channasandra,Bangalore,KARNATAKA,Drainage,Residents are requesting proper concrete covered drainage near residential areas.,English,Medium,2026-07-05T17:04,Synthetic Demo Data
REQ001659,612837,Channasandra,Bangalore,KARNATAKA,Banking,Residents have limited access to nearby banking services and have to travel 10 km.,English,Low,2026-09-09T21:08,Synthetic Demo Data
REQ001660,612837,Channasandra,Bangalore,KARNATAKA,Waste Management,ಕಸವನ್ನು ನಿಯಮಿತವಾಗಿ ವಿಲೇವಾರಿ ಮಾಡಲಾಗುತ್ತಿಲ್ಲ.,Kannada,Medium,2026-07-29T17:27,Synthetic Demo Data
REQ001661,612837,Channasandra,Bangalore,KARNATAKA,Healthcare,The village needs easier access to primary healthcare center.,English,High,2026-07-08T06:49,Synthetic Demo Data
REQ001662,612837,Channasandra,Bangalore,KARNATAKA,Electricity,ಗ್ರಾಮದ ಪ್ರಮುಖ ರಸ್ತೆಗಳಲ್ಲಿ ಬೀದಿದೀಪಗಳ ಸೌಲಭ್ಯ ಕಲ್ಪಿಸಬೇಕಾಗಿದೆ.,Kannada,Low,2026-07-03T21:03,Synthetic Demo Data
REQ001663,612837,Channasandra,Bangalore,KARNATAKA,Healthcare,ನಮ್ಮ ಗ್ರಾಮಕ್ಕೆ ಪ್ರಾಥಮಿಕ ಆರೋಗ್ಯ ಕೇಂದ್ರದ ಸುಲಭ ಪ್ರವೇಶ ಬೇಕಾಗಿದೆ.,Kannada,Medium,2026-08-24T10:07,Synthetic Demo Data
REQ001664,612837,Channasandra,Bangalore,KARNATAKA,Healthcare,Residents have limited access to a nearby health facility after 5 PM.,English,Medium,2026-08-13T19:58,Synthetic Demo Data
REQ001665,612837,Channasandra,Bangalore,KARNATAKA,Water,ಮೇಲ್ಭಾಗದ ಬಡಾವಣೆಗಳಿಗೆ ನೀರಿನ ಸರಬರಾಜು ಒತ್ತಡ ಸಾಲುತ್ತಿಲ್ಲ.,Kannada,High,2026-08-22T07:51,Synthetic Demo Data
REQ001666,612837,Channasandra,Bangalore,KARNATAKA,Water,Residents report difficulty getting reliable drinking water in summer.,English,High,2026-07-17T20:11,Synthetic Demo Data
REQ001667,612838,Kamakshipura,Bangalore,KARNATAKA,Waste Management,ಮನೆ ಮನೆಗೆ ತೆರಳಿ ಕಸ ಸಂಗ್ರಹಿಸುವ ವ್ಯವಸ್ಥೆ ಬೇಕು ಎಂದು ನಿವಾಸಿಗಳು ಕೋರುತ್ತಿದ್ದಾರೆ.,Kannada,Medium,2026-08-01T15:08,Synthetic Demo Data
REQ001668,612838,Kamakshipura,Bangalore,KARNATAKA,Education,ಬಸ್ ಕೊರತೆಯಿಂದ ವಿದ್ಯಾರ್ಥಿಗಳಿಗೆ ಪ್ರೌಢಶಾಲೆಗೆ ಹೋಗಲು ತೊಂದರೆಯಾಗಿದೆ.,Kannada,Medium,2026-07-10T14:34,Synthetic Demo Data
REQ001669,612838,Kamakshipura,Bangalore,KARNATAKA,Waste Management,Waste is accumulating near residential areas and temple road.,English,Low,2026-07-29T20:45,Synthetic Demo Data
REQ001670,612838,Kamakshipura,Bangalore,KARNATAKA,Waste Management,ಮನೆ ಮನೆಗೆ ತೆರಳಿ ಕಸ ಸಂಗ್ರಹಿಸುವ ವ್ಯವಸ್ಥೆ ಬೇಕು ಎಂದು ನಿವಾಸಿಗಳು ಕೋರುತ್ತಿದ್ದಾರೆ.,Kannada,High,2026-08-01T14:20,Synthetic Demo Data
REQ001671,612838,Kamakshipura,Bangalore,KARNATAKA,Public Transport,ಬೆಳಿಗ್ಗೆ ಮತ್ತು ಸಂಜೆ ವೇಳೆಯಲ್ಲಿ ಹೆಚ್ಚಿನ ಬಸ್ ಸಂಚಾರ ಬೇಕಾಗಿದೆ.,Kannada,High,2026-08-22T21:17,Synthetic Demo Data
REQ001672,612838,Kamakshipura,Bangalore,KARNATAKA,Drainage,Residents are requesting proper concrete covered drainage near residential areas.,English,High,2026-09-09T12:07,Synthetic Demo Data
REQ001673,612838,Kamakshipura,Bangalore,KARNATAKA,Road,The main approach road near the village is damaged and difficult to use.,English,High,2026-07-31T20:41,Synthetic Demo Data
REQ001674,612838,Kamakshipura,Bangalore,KARNATAKA,Electricity,बिजली की बार-बार कटौती से लोग परेशान हैं।,Hindi,Medium,2026-07-05T14:17,Synthetic Demo Data
REQ001675,612838,Kamakshipura,Bangalore,KARNATAKA,Education,ಬಸ್ ಕೊರತೆಯಿಂದ ವಿದ್ಯಾರ್ಥಿಗಳಿಗೆ ಪ್ರೌಢಶಾಲೆಗೆ ಹೋಗಲು ತೊಂದರೆಯಾಗಿದೆ.,Kannada,High,2026-09-17T18:31,Synthetic Demo Data
REQ001676,612838,Kamakshipura,Bangalore,KARNATAKA,Water,ಗ್ರಾಮಕ್ಕೆ ಶುದ್ಧ ಕುಡಿಯುವ ನೀರಿನ ಆರ್‌ಒ ಘಟಕದ ಅಗತ್ಯವಿದೆ.,Kannada,High,2026-07-27T18:11,Synthetic Demo Data
REQ001677,612838,Kamakshipura,Bangalore,KARNATAKA,Digital Connectivity,ಗ್ರಾಮದ ಒಳಭಾಗದಲ್ಲಿ ಮೊಬೈಲ್ ನೆಟ್‌ವರ್ಕ್ ಸಿಗುತ್ತಿಲ್ಲ.,Kannada,High,2026-09-08T17:59,Synthetic Demo Data
REQ001678,612838,Kamakshipura,Bangalore,KARNATAKA,Water,The village needs improved access to safe drinking water RO plant.,English,Low,2026-08-03T12:48,Synthetic Demo Data
REQ001679,612838,Kamakshipura,Bangalore,KARNATAKA,Water,Water supply pressure is insufficient for residents on higher lanes.,English,Medium,2026-08-24T07:51,Synthetic Demo Data
REQ001680,612838,Kamakshipura,Bangalore,KARNATAKA,Drainage,ವಸತಿ ಪ್ರದೇಶದ ಬಳಿ ಕಾಂಕ್ರೀಟ್ ಮುಚ್ಚಿದ ಚರಂಡಿ ನಿರ್ಮಿಸಲು ವಿನಂತಿ.,Kannada,Low,2026-08-06T20:27,Synthetic Demo Data
REQ001681,612839,Seeresandra,Bangalore,KARNATAKA,Education,The village needs improved educational facilities and playground repair.,English,High,2026-08-18T20:47,Synthetic Demo Data
REQ001682,612839,Seeresandra,Bangalore,KARNATAKA,Banking,ಎಟಿಎಂ ಅಥವಾ ಗ್ರಾಮ ಬ್ಯಾಂಕಿಂಗ್ ಸೇವೆ ಒದಗಿಸಲು ಸಾರ್ವಜನಿಕರ ಮನವಿ.,Kannada,High,2026-08-05T08:15,Synthetic Demo Data
REQ001683,612839,Seeresandra,Bangalore,KARNATAKA,Electricity,ಗ್ರಾಮದ ಪ್ರಮುಖ ರಸ್ತೆಗಳಲ್ಲಿ ಬೀದಿದೀಪಗಳ ಸೌಲಭ್ಯ ಕಲ್ಪಿಸಬೇಕಾಗಿದೆ.,Kannada,Medium,2026-09-17T14:23,Synthetic Demo Data
REQ001684,612839,Seeresandra,Bangalore,KARNATAKA,Road,ಮಳೆಗಾಲದಲ್ಲಿ ರಸ್ತೆಯಲ್ಲಿ ನೀರು ನಿಂತು ವಾಹನ ಚಾಲನೆ ಕಷ್ಟವಾಗುತ್ತದೆ.,Kannada,Low,2026-09-16T06:07,Synthetic Demo Data
REQ001685,612839,Seeresandra,Bangalore,KARNATAKA,Healthcare,Residents have limited access to a nearby health facility after 5 PM.,English,Low,2026-08-26T20:01,Synthetic Demo Data
REQ001686,612839,Seeresandra,Bangalore,KARNATAKA,Healthcare,ಸಂಜೆ 5 ರ ನಂತರ ಸಮೀಪದ ಆರೋಗ್ಯ ಕೇಂದ್ರಕ್ಕೆ ಹೋಗಲು ಕಷ್ಟವಾಗುತ್ತಿದೆ.,Kannada,Medium,2026-09-10T12:26,Synthetic Demo Data
REQ001687,612839,Seeresandra,Bangalore,KARNATAKA,Water,The village needs improved access to safe drinking water RO plant.,English,Low,2026-09-09T16:04,Synthetic Demo Data
REQ001688,612839,Seeresandra,Bangalore,KARNATAKA,Healthcare,ಸಂಜೆ 5 ರ ನಂತರ ಸಮೀಪದ ಆರೋಗ್ಯ ಕೇಂದ್ರಕ್ಕೆ ಹೋಗಲು ಕಷ್ಟವಾಗುತ್ತಿದೆ.,Kannada,High,2026-09-02T10:14,Synthetic Demo Data
REQ001689,612839,Seeresandra,Bangalore,KARNATAKA,Digital Connectivity,ಗ್ರಾಮದ ಒಳಭಾಗದಲ್ಲಿ ಮೊಬೈಲ್ ನೆಟ್‌ವರ್ಕ್ ಸಿಗುತ್ತಿಲ್ಲ.,Kannada,Medium,2026-07-30T09:41,Synthetic Demo Data
REQ001690,612839,Seeresandra,Bangalore,KARNATAKA,Water,The village needs improved access to safe drinking water RO plant.,English,Medium,2026-07-06T13:03,Synthetic Demo Data
REQ001691,612839,Seeresandra,Bangalore,KARNATAKA,Banking,गांव में एटीएम या बैंकिंग सुविधा उपलब्ध कराई जाए।,Hindi,High,2026-08-15T07:38,Synthetic Demo Data
REQ001692,612839,Seeresandra,Bangalore,KARNATAKA,Road,ಮಳೆಗಾಲದಲ್ಲಿ ರಸ್ತೆಯಲ್ಲಿ ನೀರು ನಿಂತು ವಾಹನ ಚಾಲನೆ ಕಷ್ಟವಾಗುತ್ತದೆ.,Kannada,Medium,2026-09-04T08:15,Synthetic Demo Data
REQ001693,612839,Seeresandra,Bangalore,KARNATAKA,Waste Management,Residents are requesting a better door-to-door waste collection system.,English,Medium,2026-08-24T15:09,Synthetic Demo Data
REQ001694,612840,Byatha,Bangalore,KARNATAKA,Water,The village needs improved access to safe drinking water RO plant.,English,High,2026-08-22T17:30,Synthetic Demo Data
REQ001695,612840,Byatha,Bangalore,KARNATAKA,Banking,ಎಟಿಎಂ ಅಥವಾ ಗ್ರಾಮ ಬ್ಯಾಂಕಿಂಗ್ ಸೇವೆ ಒದಗಿಸಲು ಸಾರ್ವಜನಿಕರ ಮನವಿ.,Kannada,High,2026-07-06T15:59,Synthetic Demo Data
REQ001696,612840,Byatha,Bangalore,KARNATAKA,Drainage,Drainage overflows during heavy rain and causes waterlogging near the school.,English,Medium,2026-08-10T17:13,Synthetic Demo Data
REQ001697,612840,Byatha,Bangalore,KARNATAKA,Healthcare,Residents are requesting improved local healthcare access and medicine availability.,English,Medium,2026-08-18T08:04,Synthetic Demo Data
REQ001698,612840,Byatha,Bangalore,KARNATAKA,Banking,गांव में एटीएम या बैंकिंग सुविधा उपलब्ध कराई जाए।,Hindi,Medium,2026-09-12T19:34,Synthetic Demo Data
REQ001699,612840,Byatha,Bangalore,KARNATAKA,Electricity,The village needs improved electricity infrastructure and street lighting.,English,Medium,2026-09-16T21:42,Synthetic Demo Data
REQ001700,612840,Byatha,Bangalore,KARNATAKA,Digital Connectivity,ಹೈಸ್ಪೀಡ್ ಇಂಟರ್ನೆಟ್ ಮತ್ತು ಸಿಎಸ್ಸಿ ಸೇವೆಗಳು ಲಭ್ಯವಿಲ್ಲ.,Kannada,High,2026-09-12T15:58,Synthetic Demo Data
REQ001701,612840,Byatha,Bangalore,KARNATAKA,Waste Management,ವಸತಿ ಪ್ರದೇಶಗಳ ಬಳಿ ಕಸ ಶೇಖರಣೆಯಾಗುತ್ತಿದೆ.,Kannada,High,2026-08-10T09:44,Synthetic Demo Data
REQ001702,612840,Byatha,Bangalore,KARNATAKA,Waste Management,Waste is accumulating near residential areas and temple road.,English,Medium,2026-08-15T08:58,Synthetic Demo Data
REQ001703,612840,Byatha,Bangalore,KARNATAKA,Healthcare,ನಮ್ಮ ಗ್ರಾಮಕ್ಕೆ ಪ್ರಾಥಮಿಕ ಆರೋಗ್ಯ ಕೇಂದ್ರದ ಸುಲಭ ಪ್ರವೇಶ ಬೇಕಾಗಿದೆ.,Kannada,Medium,2026-08-23T13:36,Synthetic Demo Data
REQ001704,612840,Byatha,Bangalore,KARNATAKA,Banking,गांव में एटीएम या बैंकिंग सुविधा उपलब्ध कराई जाए।,Hindi,High,2026-08-22T10:38,Synthetic Demo Data
REQ001705,612840,Byatha,Bangalore,KARNATAKA,Waste Management,ವಸತಿ ಪ್ರದೇಶಗಳ ಬಳಿ ಕಸ ಶೇಖರಣೆಯಾಗುತ್ತಿದೆ.,Kannada,High,2026-08-22T19:32,Synthetic Demo Data
REQ001706,612840,Byatha,Bangalore,KARNATAKA,Banking,Residents have limited access to nearby banking services and have to travel 10 km.,English,Low,2026-07-26T11:56,Synthetic Demo Data
REQ001707,612840,Byatha,Bangalore,KARNATAKA,Education,ಸ್ಥಳೀಯ ಸರ್ಕಾರಿ ಶಾಲೆಯಲ್ಲಿ ಕಂಪ್ಯೂಟರ್ ಹಾಗೂ ಶೌಚಾಲಯ ಸೌಲಭ್ಯ ಕಲ್ಪಿಸಲು ಮನವಿ.,Kannada,High,2026-09-09T21:47,Synthetic Demo Data
REQ001708,612840,Byatha,Bangalore,KARNATAKA,Drainage,Poor drainage is causing stagnant water and mosquito breeding in the village.,English,High,2026-07-22T08:08,Synthetic Demo Data
REQ001709,612840,Byatha,Bangalore,KARNATAKA,Education,ಸ್ಥಳೀಯ ಸರ್ಕಾರಿ ಶಾಲೆಯಲ್ಲಿ ಕಂಪ್ಯೂಟರ್ ಹಾಗೂ ಶೌಚಾಲಯ ಸೌಲಭ್ಯ ಕಲ್ಪಿಸಲು ಮನವಿ.,Kannada,Low,2026-08-15T10:25,Synthetic Demo Data
REQ001710,612841,Kakolu,Bangalore,KARNATAKA,Public Transport,ಮೆಟ್ರೋ ನಿಲ್ದಾಣಕ್ಕೆ ನೇರ ಬಸ್ ಸಂಪರ್ಕ ಕಲ್ಪಿಸಲು ಗ್ರಾಮಸ್ಥರ ಕೋರಿಕೆ.,Kannada,High,2026-08-13T09:46,Synthetic Demo Data
REQ001711,612841,Kakolu,Bangalore,KARNATAKA,Water,The village needs improved access to safe drinking water RO plant.,English,Low,2026-08-22T20:47,Synthetic Demo Data
REQ001712,612841,Kakolu,Bangalore,KARNATAKA,Banking,ಗ್ರಾಮದಲ್ಲಿ ಬ್ಯಾಂಕ್ ಸೇವೆಗಳು ಮತ್ತು ಸಾಲ ಸೌಲಭ್ಯಗಳು ಸುಲಭವಾಗಿ ಸಿಗುತ್ತಿಲ್ಲ.,Kannada,Medium,2026-07-24T08:09,Synthetic Demo Data
REQ001713,612841,Kakolu,Bangalore,KARNATAKA,Banking,The village needs better access to banking facilities and loan services.,English,Medium,2026-08-28T18:20,Synthetic Demo Data
REQ001714,612841,Kakolu,Bangalore,KARNATAKA,Healthcare,ಸ್ಥಳೀಯ ಆರೋಗ್ಯ ಸೇವೆಗಳು ಮತ್ತು ಔಷಧಿಗಳ ಲಭ್ಯತೆಯನ್ನು ಸುಧಾರಿಸಲು ವಿನಂತಿ.,Kannada,High,2026-07-13T13:19,Synthetic Demo Data
REQ001715,612841,Kakolu,Bangalore,KARNATAKA,Healthcare,ಸ್ಥಳೀಯ ಆರೋಗ್ಯ ಸೇವೆಗಳು ಮತ್ತು ಔಷಧಿಗಳ ಲಭ್ಯತೆಯನ್ನು ಸುಧಾರಿಸಲು ವಿನಂತಿ.,Kannada,Low,2026-09-13T19:18,Synthetic Demo Data
REQ001716,612841,Kakolu,Bangalore,KARNATAKA,Waste Management,ಕಸವನ್ನು ನಿಯಮಿತವಾಗಿ ವಿಲೇವಾರಿ ಮಾಡಲಾಗುತ್ತಿಲ್ಲ.,Kannada,Low,2026-07-06T12:27,Synthetic Demo Data
REQ001717,612841,Kakolu,Bangalore,KARNATAKA,Education,The village needs improved educational facilities and playground repair.,English,High,2026-08-14T15:10,Synthetic Demo Data
REQ001718,612841,Kakolu,Bangalore,KARNATAKA,Drainage,ಚರಂಡಿ ಕೊರತೆಯಿಂದ ನೀರು ನಿಂತು ಸೊಳ್ಳೆಗಳ ಕಾಟ ಹೆಚ್ಚಾಗಿದೆ.,Kannada,High,2026-07-22T15:58,Synthetic Demo Data
REQ001719,612841,Kakolu,Bangalore,KARNATAKA,Waste Management,Garbage is not being collected regularly in residential lanes.,English,Low,2026-08-05T10:06,Synthetic Demo Data
REQ001720,612841,Kakolu,Bangalore,KARNATAKA,Waste Management,Garbage is not being collected regularly in residential lanes.,English,High,2026-07-06T12:00,Synthetic Demo Data
REQ001721,612841,Kakolu,Bangalore,KARNATAKA,Healthcare,Residents have limited access to a nearby health facility after 5 PM.,English,High,2026-09-12T19:46,Synthetic Demo Data
REQ001722,612841,Kakolu,Bangalore,KARNATAKA,Healthcare,ಸಂಜೆ 5 ರ ನಂತರ ಸಮೀಪದ ಆರೋಗ್ಯ ಕೇಂದ್ರಕ್ಕೆ ಹೋಗಲು ಕಷ್ಟವಾಗುತ್ತಿದೆ.,Kannada,High,2026-07-15T09:28,Synthetic Demo Data
REQ001723,612841,Kakolu,Bangalore,KARNATAKA,Banking,ಎಟಿಎಂ ಅಥವಾ ಗ್ರಾಮ ಬ್ಯಾಂಕಿಂಗ್ ಸೇವೆ ಒದಗಿಸಲು ಸಾರ್ವಜನಿಕರ ಮನವಿ.,Kannada,Low,2026-08-05T09:22,Synthetic Demo Data
REQ001724,612841,Kakolu,Bangalore,KARNATAKA,Electricity,People are requesting more reliable power supply without frequent cuts.,English,Medium,2026-08-11T11:32,Synthetic Demo Data
REQ001725,612841,Kakolu,Bangalore,KARNATAKA,Waste Management,ಮನೆ ಮನೆಗೆ ತೆರಳಿ ಕಸ ಸಂಗ್ರಹಿಸುವ ವ್ಯವಸ್ಥೆ ಬೇಕು ಎಂದು ನಿವಾಸಿಗಳು ಕೋರುತ್ತಿದ್ದಾರೆ.,Kannada,Medium,2026-07-10T16:57,Synthetic Demo Data
REQ001726,612841,Kakolu,Bangalore,KARNATAKA,Banking,"ಬ್ಯಾಂಕಿಂಗ್ ಸೇವೆಗೆ 10 ಕಿ.ಮೀ ದೂರ ಹೋಗಬೇಕಾಗಿದ್ದು, ಸ್ಥಳೀಯ ಕಿಯೋಸ್ಕ್ ಅಗತ್ಯವಿದೆ.",Kannada,Medium,2026-08-10T12:53,Synthetic Demo Data
REQ001727,612841,Kakolu,Bangalore,KARNATAKA,Education,The village needs improved educational facilities and playground repair.,English,High,2026-07-02T13:08,Synthetic Demo Data
REQ001728,612842,Budumanahalli,Bangalore,KARNATAKA,Healthcare,The village needs easier access to primary healthcare center.,English,Medium,2026-08-03T21:09,Synthetic Demo Data
REQ001729,612842,Budumanahalli,Bangalore,KARNATAKA,Healthcare,ಸಂಜೆ 5 ರ ನಂತರ ಸಮೀಪದ ಆರೋಗ್ಯ ಕೇಂದ್ರಕ್ಕೆ ಹೋಗಲು ಕಷ್ಟವಾಗುತ್ತಿದೆ.,Kannada,High,2026-07-26T08:33,Synthetic Demo Data
REQ001730,612842,Budumanahalli,Bangalore,KARNATAKA,Banking,People are requesting easier access to ATM or banking kiosk services.,English,Medium,2026-09-01T12:45,Synthetic Demo Data
REQ001731,612842,Budumanahalli,Bangalore,KARNATAKA,Drainage,ಚರಂಡಿ ಕೊರತೆಯಿಂದ ನೀರು ನಿಂತು ಸೊಳ್ಳೆಗಳ ಕಾಟ ಹೆಚ್ಚಾಗಿದೆ.,Kannada,Medium,2026-09-13T13:40,Synthetic Demo Data
REQ001732,612842,Budumanahalli,Bangalore,KARNATAKA,Waste Management,ಕಸವನ್ನು ನಿಯಮಿತವಾಗಿ ವಿಲೇವಾರಿ ಮಾಡಲಾಗುತ್ತಿಲ್ಲ.,Kannada,Low,2026-07-30T15:42,Synthetic Demo Data
REQ001733,612842,Budumanahalli,Bangalore,KARNATAKA,Healthcare,Residents have limited access to a nearby health facility after 5 PM.,English,Medium,2026-09-08T21:18,Synthetic Demo Data
REQ001734,612842,Budumanahalli,Bangalore,KARNATAKA,Water,ಗ್ರಾಮಕ್ಕೆ ಶುದ್ಧ ಕುಡಿಯುವ ನೀರಿನ ಆರ್‌ಒ ಘಟಕದ ಅಗತ್ಯವಿದೆ.,Kannada,Medium,2026-08-27T16:15,Synthetic Demo Data
REQ001735,612842,Budumanahalli,Bangalore,KARNATAKA,Digital Connectivity,ಹೈಸ್ಪೀಡ್ ಇಂಟರ್ನೆಟ್ ಮತ್ತು ಸಿಎಸ್ಸಿ ಸೇವೆಗಳು ಲಭ್ಯವಿಲ್ಲ.,Kannada,Low,2026-07-15T17:44,Synthetic Demo Data
REQ001736,612842,Budumanahalli,Bangalore,KARNATAKA,Road,ತಾಲೂಕು ಕೇಂದ್ರಕ್ಕೆ ಸಂಪರ್ಕ ಕಲ್ಪಿಸುವ ರಸ್ತೆ ಸುಧಾರಣೆಗೆ ಗ್ರಾಮಸ್ಥರ ಮನವಿ.,Kannada,Low,2026-09-01T19:43,Synthetic Demo Data
REQ001737,612842,Budumanahalli,Bangalore,KARNATAKA,Waste Management,ಮನೆ ಮನೆಗೆ ತೆರಳಿ ಕಸ ಸಂಗ್ರಹಿಸುವ ವ್ಯವಸ್ಥೆ ಬೇಕು ಎಂದು ನಿವಾಸಿಗಳು ಕೋರುತ್ತಿದ್ದಾರೆ.,Kannada,High,2026-08-22T07:35,Synthetic Demo Data
REQ001738,612842,Budumanahalli,Bangalore,KARNATAKA,Public Transport,ಮೆಟ್ರೋ ನಿಲ್ದಾಣಕ್ಕೆ ನೇರ ಬಸ್ ಸಂಪರ್ಕ ಕಲ್ಪಿಸಲು ಗ್ರಾಮಸ್ಥರ ಕೋರಿಕೆ.,Kannada,Medium,2026-08-26T19:25,Synthetic Demo Data
REQ001739,612842,Budumanahalli,Bangalore,KARNATAKA,Waste Management,ವಸತಿ ಪ್ರದೇಶಗಳ ಬಳಿ ಕಸ ಶೇಖರಣೆಯಾಗುತ್ತಿದೆ.,Kannada,Medium,2026-08-13T07:19,Synthetic Demo Data
REQ001740,612842,Budumanahalli,Bangalore,KARNATAKA,Healthcare,ನಮ್ಮ ಗ್ರಾಮಕ್ಕೆ ಪ್ರಾಥಮಿಕ ಆರೋಗ್ಯ ಕೇಂದ್ರದ ಸುಲಭ ಪ್ರವೇಶ ಬೇಕಾಗಿದೆ.,Kannada,Medium,2026-07-15T16:08,Synthetic Demo Data
REQ001741,612843,Shanubhoganahalli,Bangalore,KARNATAKA,Education,ಗ್ರಾಮದ ಶಾಲಾ ಆವರಣ ಹಾಗೂ ಆಟದ ಮೈದಾನ ದುರಸ್ತಿ ಮಾಡಬೇಕಾಗಿದೆ.,Kannada,High,2026-08-18T08:49,Synthetic Demo Data
REQ001742,612843,Shanubhoganahalli,Bangalore,KARNATAKA,Public Transport,People are requesting more reliable BMTC/KSRTC public transport services.,English,High,2026-07-07T12:23,Synthetic Demo Data
REQ001743,612843,Shanubhoganahalli,Bangalore,KARNATAKA,Education,स्कूल में बेहतर सुविधाओं और शिक्षकों की मांग है।,Hindi,Medium,2026-07-30T15:51,Synthetic Demo Data
REQ001744,612843,Shanubhoganahalli,Bangalore,KARNATAKA,Waste Management,ವಸತಿ ಪ್ರದೇಶಗಳ ಬಳಿ ಕಸ ಶೇಖರಣೆಯಾಗುತ್ತಿದೆ.,Kannada,High,2026-08-01T06:02,Synthetic Demo Data
REQ001745,612843,Shanubhoganahalli,Bangalore,KARNATAKA,Banking,Residents have limited access to nearby banking services and have to travel 10 km.,English,High,2026-08-20T21:02,Synthetic Demo Data
REQ001746,612843,Shanubhoganahalli,Bangalore,KARNATAKA,Waste Management,ಕಸವನ್ನು ನಿಯಮಿತವಾಗಿ ವಿಲೇವಾರಿ ಮಾಡಲಾಗುತ್ತಿಲ್ಲ.,Kannada,Medium,2026-08-01T07:17,Synthetic Demo Data
REQ001747,612843,Shanubhoganahalli,Bangalore,KARNATAKA,Public Transport,Residents report limited public transport access to metro/train stations.,English,Medium,2026-07-17T14:55,Synthetic Demo Data
REQ001748,612843,Shanubhoganahalli,Bangalore,KARNATAKA,Drainage,ವಸತಿ ಪ್ರದೇಶದ ಬಳಿ ಕಾಂಕ್ರೀಟ್ ಮುಚ್ಚಿದ ಚರಂಡಿ ನಿರ್ಮಿಸಲು ವಿನಂತಿ.,Kannada,Medium,2026-08-23T06:00,Synthetic Demo Data
REQ001749,612843,Shanubhoganahalli,Bangalore,KARNATAKA,Public Transport,ಬೆಳಿಗ್ಗೆ ಮತ್ತು ಸಂಜೆ ವೇಳೆಯಲ್ಲಿ ಹೆಚ್ಚಿನ ಬಸ್ ಸಂಚಾರ ಬೇಕಾಗಿದೆ.,Kannada,High,2026-09-14T18:12,Synthetic Demo Data
REQ001750,612843,Shanubhoganahalli,Bangalore,KARNATAKA,Banking,The village needs better access to banking facilities and loan services.,English,Medium,2026-07-03T15:17,Synthetic Demo Data
REQ001751,612843,Shanubhoganahalli,Bangalore,KARNATAKA,Education,ಗ್ರಾಮದ ಶಾಲಾ ಆವರಣ ಹಾಗೂ ಆಟದ ಮೈದಾನ ದುರಸ್ತಿ ಮಾಡಬೇಕಾಗಿದೆ.,Kannada,Medium,2026-08-18T15:27,Synthetic Demo Data
REQ001752,612843,Shanubhoganahalli,Bangalore,KARNATAKA,Drainage,नालियों में पानी भर जाने से जलभराव हो रहा है।,Hindi,High,2026-08-06T13:24,Synthetic Demo Data
REQ001753,612843,Shanubhoganahalli,Bangalore,KARNATAKA,Water,ಗ್ರಾಮಕ್ಕೆ ಶುದ್ಧ ಕುಡಿಯುವ ನೀರಿನ ಆರ್‌ಒ ಘಟಕದ ಅಗತ್ಯವಿದೆ.,Kannada,Low,2026-09-08T09:28,Synthetic Demo Data
REQ001754,612843,Shanubhoganahalli,Bangalore,KARNATAKA,Road,सड़क की हालत खराब है और मरम्मत की जरूरत है।,Hindi,Medium,2026-08-27T17:30,Synthetic Demo Data
REQ001755,612843,Shanubhoganahalli,Bangalore,KARNATAKA,Education,Residents are requesting better facilities and computers in the local school.,English,High,2026-07-11T09:35,Synthetic Demo Data
REQ001756,612843,Shanubhoganahalli,Bangalore,KARNATAKA,Waste Management,Waste is accumulating near residential areas and temple road.,English,Medium,2026-07-11T10:25,Synthetic Demo Data
REQ001757,612844,Chokkanahalli,Bangalore,KARNATAKA,Education,ಗ್ರಾಮದ ಶಾಲಾ ಆವರಣ ಹಾಗೂ ಆಟದ ಮೈದಾನ ದುರಸ್ತಿ ಮಾಡಬೇಕಾಗಿದೆ.,Kannada,Low,2026-07-30T07:49,Synthetic Demo Data
REQ001758,612844,Chokkanahalli,Bangalore,KARNATAKA,Healthcare,ಸ್ಥಳೀಯ ಆರೋಗ್ಯ ಸೇವೆಗಳು ಮತ್ತು ಔಷಧಿಗಳ ಲಭ್ಯತೆಯನ್ನು ಸುಧಾರಿಸಲು ವಿನಂತಿ.,Kannada,High,2026-07-20T07:20,Synthetic Demo Data
REQ001759,612844,Chokkanahalli,Bangalore,KARNATAKA,Digital Connectivity,People are requesting a local digital service facility (Bapuji Seva Kendra).,English,High,2026-07-27T21:34,Synthetic Demo Data
REQ001760,612844,Chokkanahalli,Bangalore,KARNATAKA,Healthcare,प्राथमिक स्वास्थ्य केंद्र में बेहतर सुविधाओं की आवश्यकता है।,Hindi,High,2026-08-31T08:58,Synthetic Demo Data
REQ001761,612844,Chokkanahalli,Bangalore,KARNATAKA,Drainage,Poor drainage is causing stagnant water and mosquito breeding in the village.,English,High,2026-07-02T11:33,Synthetic Demo Data
REQ001762,612844,Chokkanahalli,Bangalore,KARNATAKA,Public Transport,ಮೆಟ್ರೋ ನಿಲ್ದಾಣಕ್ಕೆ ನೇರ ಬಸ್ ಸಂಪರ್ಕ ಕಲ್ಪಿಸಲು ಗ್ರಾಮಸ್ಥರ ಕೋರಿಕೆ.,Kannada,Low,2026-07-15T07:56,Synthetic Demo Data
REQ001763,612844,Chokkanahalli,Bangalore,KARNATAKA,Healthcare,ಸ್ಥಳೀಯ ಆರೋಗ್ಯ ಸೇವೆಗಳು ಮತ್ತು ಔಷಧಿಗಳ ಲಭ್ಯತೆಯನ್ನು ಸುಧಾರಿಸಲು ವಿನಂತಿ.,Kannada,Medium,2026-09-09T19:25,Synthetic Demo Data
REQ001764,612844,Chokkanahalli,Bangalore,KARNATAKA,Water,ಗ್ರಾಮಕ್ಕೆ ಶುದ್ಧ ಕುಡಿಯುವ ನೀರಿನ ಆರ್‌ಒ ಘಟಕದ ಅಗತ್ಯವಿದೆ.,Kannada,Medium,2026-08-04T16:39,Synthetic Demo Data
REQ001765,612844,Chokkanahalli,Bangalore,KARNATAKA,Banking,People are requesting easier access to ATM or banking kiosk services.,English,High,2026-09-05T12:51,Synthetic Demo Data
REQ001766,612844,Chokkanahalli,Bangalore,KARNATAKA,Education,The village needs improved educational facilities and playground repair.,English,Medium,2026-08-30T20:13,Synthetic Demo Data
REQ001767,612844,Chokkanahalli,Bangalore,KARNATAKA,Banking,Residents have limited access to nearby banking services and have to travel 10 km.,English,Low,2026-07-18T11:33,Synthetic Demo Data
REQ001768,612844,Chokkanahalli,Bangalore,KARNATAKA,Public Transport,ಮೆಟ್ರೋ ನಿಲ್ದಾಣಕ್ಕೆ ನೇರ ಬಸ್ ಸಂಪರ್ಕ ಕಲ್ಪಿಸಲು ಗ್ರಾಮಸ್ಥರ ಕೋರಿಕೆ.,Kannada,Medium,2026-07-20T21:04,Synthetic Demo Data
REQ001769,612845,Sreeramanahalli,Bangalore,KARNATAKA,Banking,"ಬ್ಯಾಂಕಿಂಗ್ ಸೇವೆಗೆ 10 ಕಿ.ಮೀ ದೂರ ಹೋಗಬೇಕಾಗಿದ್ದು, ಸ್ಥಳೀಯ ಕಿಯೋಸ್ಕ್ ಅಗತ್ಯವಿದೆ.",Kannada,High,2026-07-13T20:21,Synthetic Demo Data
REQ001770,612845,Sreeramanahalli,Bangalore,KARNATAKA,Drainage,Residents are requesting proper concrete covered drainage near residential areas.,English,High,2026-08-14T13:22,Synthetic Demo Data
REQ001771,612845,Sreeramanahalli,Bangalore,KARNATAKA,Digital Connectivity,Residents have limited access to high-speed internet and CSC services.,English,High,2026-08-24T15:23,Synthetic Demo Data
REQ001772,612845,Sreeramanahalli,Bangalore,KARNATAKA,Digital Connectivity,ಹೈಸ್ಪೀಡ್ ಇಂಟರ್ನೆಟ್ ಮತ್ತು ಸಿಎಸ್ಸಿ ಸೇವೆಗಳು ಲಭ್ಯವಿಲ್ಲ.,Kannada,Medium,2026-07-26T08:37,Synthetic Demo Data
REQ001773,612845,Sreeramanahalli,Bangalore,KARNATAKA,Waste Management,Waste is accumulating near residential areas and temple road.,English,High,2026-09-11T09:08,Synthetic Demo Data
REQ001774,612845,Sreeramanahalli,Bangalore,KARNATAKA,Electricity,Residents report voltage fluctuations affecting agriculture pump sets.,English,High,2026-09-14T14:51,Synthetic Demo Data
REQ001775,612845,Sreeramanahalli,Bangalore,KARNATAKA,Public Transport,Residents report limited public transport access to metro/train stations.,English,High,2026-07-01T13:13,Synthetic Demo Data
REQ001776,612845,Sreeramanahalli,Bangalore,KARNATAKA,Drainage,Drainage overflows during heavy rain and causes waterlogging near the school.,English,High,2026-08-30T06:20,Synthetic Demo Data
REQ001777,612845,Sreeramanahalli,Bangalore,KARNATAKA,Drainage,नालियों में पानी भर जाने से जलभराव हो रहा है।,Hindi,Medium,2026-08-26T19:42,Synthetic Demo Data
REQ001778,612845,Sreeramanahalli,Bangalore,KARNATAKA,Healthcare,ನಮ್ಮ ಗ್ರಾಮಕ್ಕೆ ಪ್ರಾಥಮಿಕ ಆರೋಗ್ಯ ಕೇಂದ್ರದ ಸುಲಭ ಪ್ರವೇಶ ಬೇಕಾಗಿದೆ.,Kannada,High,2026-08-20T18:49,Synthetic Demo Data
REQ001779,612845,Sreeramanahalli,Bangalore,KARNATAKA,Healthcare,ಸಂಜೆ 5 ರ ನಂತರ ಸಮೀಪದ ಆರೋಗ್ಯ ಕೇಂದ್ರಕ್ಕೆ ಹೋಗಲು ಕಷ್ಟವಾಗುತ್ತಿದೆ.,Kannada,Low,2026-08-10T08:56,Synthetic Demo Data
REQ001780,612845,Sreeramanahalli,Bangalore,KARNATAKA,Education,ಬಸ್ ಕೊರತೆಯಿಂದ ವಿದ್ಯಾರ್ಥಿಗಳಿಗೆ ಪ್ರೌಢಶಾಲೆಗೆ ಹೋಗಲು ತೊಂದರೆಯಾಗಿದೆ.,Kannada,Low,2026-08-05T10:53,Synthetic Demo Data
REQ001781,612845,Sreeramanahalli,Bangalore,KARNATAKA,Healthcare,ಸ್ಥಳೀಯ ಆರೋಗ್ಯ ಸೇವೆಗಳು ಮತ್ತು ಔಷಧಿಗಳ ಲಭ್ಯತೆಯನ್ನು ಸುಧಾರಿಸಲು ವಿನಂತಿ.,Kannada,Medium,2026-07-16T19:41,Synthetic Demo Data
REQ001782,612845,Sreeramanahalli,Bangalore,KARNATAKA,Road,ತಾಲೂಕು ಕೇಂದ್ರಕ್ಕೆ ಸಂಪರ್ಕ ಕಲ್ಪಿಸುವ ರಸ್ತೆ ಸುಧಾರಣೆಗೆ ಗ್ರಾಮಸ್ಥರ ಮನವಿ.,Kannada,Low,2026-08-14T19:13,Synthetic Demo Data
REQ001783,612845,Sreeramanahalli,Bangalore,KARNATAKA,Education,Students have difficulty accessing nearby secondary education without bus.,English,Medium,2026-07-23T06:12,Synthetic Demo Data
REQ001784,612845,Sreeramanahalli,Bangalore,KARNATAKA,Healthcare,ನಮ್ಮ ಗ್ರಾಮಕ್ಕೆ ಪ್ರಾಥಮಿಕ ಆರೋಗ್ಯ ಕೇಂದ್ರದ ಸುಲಭ ಪ್ರವೇಶ ಬೇಕಾಗಿದೆ.,Kannada,Medium,2026-08-12T09:58,Synthetic Demo Data
REQ001785,612845,Sreeramanahalli,Bangalore,KARNATAKA,Road,ಗ್ರಾಮದ ಮುಖ್ಯ ರಸ್ತೆ ಹಾಳಾಗಿದ್ದು ಸಂಚಾರಕ್ಕೆ ತೊಂದರೆಯಾಗಿದೆ.,Kannada,Medium,2026-07-05T14:41,Synthetic Demo Data
REQ001786,612846,Sadenahalli,Bangalore,KARNATAKA,Healthcare,ಸ್ಥಳೀಯ ಆರೋಗ್ಯ ಸೇವೆಗಳು ಮತ್ತು ಔಷಧಿಗಳ ಲಭ್ಯತೆಯನ್ನು ಸುಧಾರಿಸಲು ವಿನಂತಿ.,Kannada,Medium,2026-08-05T07:36,Synthetic Demo Data
REQ001787,612846,Sadenahalli,Bangalore,KARNATAKA,Electricity,Residents report voltage fluctuations affecting agriculture pump sets.,English,Low,2026-08-28T21:11,Synthetic Demo Data
REQ001788,612846,Sadenahalli,Bangalore,KARNATAKA,Healthcare,Residents are requesting improved local healthcare access and medicine availability.,English,Low,2026-07-05T17:01,Synthetic Demo Data
REQ001789,612846,Sadenahalli,Bangalore,KARNATAKA,Education,The village needs improved educational facilities and playground repair.,English,Medium,2026-07-17T08:26,Synthetic Demo Data
REQ001790,612846,Sadenahalli,Bangalore,KARNATAKA,Banking,ಗ್ರಾಮದಲ್ಲಿ ಬ್ಯಾಂಕ್ ಸೇವೆಗಳು ಮತ್ತು ಸಾಲ ಸೌಲಭ್ಯಗಳು ಸುಲಭವಾಗಿ ಸಿಗುತ್ತಿಲ್ಲ.,Kannada,Medium,2026-07-08T16:06,Synthetic Demo Data
REQ001791,612846,Sadenahalli,Bangalore,KARNATAKA,Banking,ಎಟಿಎಂ ಅಥವಾ ಗ್ರಾಮ ಬ್ಯಾಂಕಿಂಗ್ ಸೇವೆ ಒದಗಿಸಲು ಸಾರ್ವಜನಿಕರ ಮನವಿ.,Kannada,Medium,2026-07-03T16:53,Synthetic Demo Data
REQ001792,612846,Sadenahalli,Bangalore,KARNATAKA,Digital Connectivity,The village needs better mobile network coverage in interior areas.,English,High,2026-09-14T17:33,Synthetic Demo Data
REQ001793,612846,Sadenahalli,Bangalore,KARNATAKA,Water,The village needs improved access to safe drinking water RO plant.,English,Low,2026-07-08T08:12,Synthetic Demo Data
REQ001794,612846,Sadenahalli,Bangalore,KARNATAKA,Electricity,ಗ್ರಾಮದ ಪ್ರಮುಖ ರಸ್ತೆಗಳಲ್ಲಿ ಬೀದಿದೀಪಗಳ ಸೌಲಭ್ಯ ಕಲ್ಪಿಸಬೇಕಾಗಿದೆ.,Kannada,High,2026-07-23T20:02,Synthetic Demo Data
REQ001795,612846,Sadenahalli,Bangalore,KARNATAKA,Waste Management,ಮನೆ ಮನೆಗೆ ತೆರಳಿ ಕಸ ಸಂಗ್ರಹಿಸುವ ವ್ಯವಸ್ಥೆ ಬೇಕು ಎಂದು ನಿವಾಸಿಗಳು ಕೋರುತ್ತಿದ್ದಾರೆ.,Kannada,Medium,2026-07-01T15:17,Synthetic Demo Data
REQ001796,612846,Sadenahalli,Bangalore,KARNATAKA,Education,ಸ್ಥಳೀಯ ಸರ್ಕಾರಿ ಶಾಲೆಯಲ್ಲಿ ಕಂಪ್ಯೂಟರ್ ಹಾಗೂ ಶೌಚಾಲಯ ಸೌಲಭ್ಯ ಕಲ್ಪಿಸಲು ಮನವಿ.,Kannada,Medium,2026-07-12T20:05,Synthetic Demo Data
REQ001797,612846,Sadenahalli,Bangalore,KARNATAKA,Drainage,ವಸತಿ ಪ್ರದೇಶದ ಬಳಿ ಕಾಂಕ್ರೀಟ್ ಮುಚ್ಚಿದ ಚರಂಡಿ ನಿರ್ಮಿಸಲು ವಿನಂತಿ.,Kannada,High,2026-08-10T06:49,Synthetic Demo Data
REQ001798,612846,Sadenahalli,Bangalore,KARNATAKA,Waste Management,ಮನೆ ಮನೆಗೆ ತೆರಳಿ ಕಸ ಸಂಗ್ರಹಿಸುವ ವ್ಯವಸ್ಥೆ ಬೇಕು ಎಂದು ನಿವಾಸಿಗಳು ಕೋರುತ್ತಿದ್ದಾರೆ.,Kannada,Medium,2026-07-11T13:19,Synthetic Demo Data
REQ001799,612846,Sadenahalli,Bangalore,KARNATAKA,Banking,People are requesting easier access to ATM or banking kiosk services.,English,Medium,2026-07-17T15:03,Synthetic Demo Data
REQ001800,612846,Sadenahalli,Bangalore,KARNATAKA,Healthcare,ಸಂಜೆ 5 ರ ನಂತರ ಸಮೀಪದ ಆರೋಗ್ಯ ಕೇಂದ್ರಕ್ಕೆ ಹೋಗಲು ಕಷ್ಟವಾಗುತ್ತಿದೆ.,Kannada,High,2026-08-10T19:14,Synthetic Demo Data
REQ001801,612846,Sadenahalli,Bangalore,KARNATAKA,Banking,ಎಟಿಎಂ ಅಥವಾ ಗ್ರಾಮ ಬ್ಯಾಂಕಿಂಗ್ ಸೇವೆ ಒದಗಿಸಲು ಸಾರ್ವಜನಿಕರ ಮನವಿ.,Kannada,High,2026-08-07T14:44,Synthetic Demo Data
REQ001802,612846,Sadenahalli,Bangalore,KARNATAKA,Healthcare,ಸಂಜೆ 5 ರ ನಂತರ ಸಮೀಪದ ಆರೋಗ್ಯ ಕೇಂದ್ರಕ್ಕೆ ಹೋಗಲು ಕಷ್ಟವಾಗುತ್ತಿದೆ.,Kannada,Medium,2026-08-14T20:53,Synthetic Demo Data
REQ001803,612846,Sadenahalli,Bangalore,KARNATAKA,Digital Connectivity,People are requesting a local digital service facility (Bapuji Seva Kendra).,English,Low,2026-09-13T18:09,Synthetic Demo Data
REQ001804,612846,Sadenahalli,Bangalore,KARNATAKA,Healthcare,ಸ್ಥಳೀಯ ಆರೋಗ್ಯ ಸೇವೆಗಳು ಮತ್ತು ಔಷಧಿಗಳ ಲಭ್ಯತೆಯನ್ನು ಸುಧಾರಿಸಲು ವಿನಂತಿ.,Kannada,Medium,2026-08-06T12:21,Synthetic Demo Data
REQ001805,612847,Adiganahalli,Bangalore,KARNATAKA,Public Transport,ವಿಶ್ವಾಸಾರ್ಹ ಸಾರಿಗೆ ಬಸ್ ಸೇವೆಗಳನ್ನು ಹೆಚ್ಚಿಸಲು ವಿನಂತಿ.,Kannada,Medium,2026-07-12T12:16,Synthetic Demo Data
REQ001806,612847,Adiganahalli,Bangalore,KARNATAKA,Waste Management,ಕಸವನ್ನು ನಿಯಮಿತವಾಗಿ ವಿಲೇವಾರಿ ಮಾಡಲಾಗುತ್ತಿಲ್ಲ.,Kannada,Medium,2026-07-24T21:08,Synthetic Demo Data
REQ001807,612847,Adiganahalli,Bangalore,KARNATAKA,Healthcare,ಸ್ಥಳೀಯ ಆರೋಗ್ಯ ಸೇವೆಗಳು ಮತ್ತು ಔಷಧಿಗಳ ಲಭ್ಯತೆಯನ್ನು ಸುಧಾರಿಸಲು ವಿನಂತಿ.,Kannada,Medium,2026-09-14T07:20,Synthetic Demo Data
REQ001808,612847,Adiganahalli,Bangalore,KARNATAKA,Public Transport,The village needs better bus frequency during morning and evening hours.,English,High,2026-08-30T16:21,Synthetic Demo Data
REQ001809,612847,Adiganahalli,Bangalore,KARNATAKA,Digital Connectivity,ಹೈಸ್ಪೀಡ್ ಇಂಟರ್ನೆಟ್ ಮತ್ತು ಸಿಎಸ್ಸಿ ಸೇವೆಗಳು ಲಭ್ಯವಿಲ್ಲ.,Kannada,High,2026-08-29T11:48,Synthetic Demo Data
REQ001810,612847,Adiganahalli,Bangalore,KARNATAKA,Water,The village needs improved access to safe drinking water RO plant.,English,Medium,2026-08-25T18:30,Synthetic Demo Data
REQ001811,612847,Adiganahalli,Bangalore,KARNATAKA,Banking,ಗ್ರಾಮದಲ್ಲಿ ಬ್ಯಾಂಕ್ ಸೇವೆಗಳು ಮತ್ತು ಸಾಲ ಸೌಲಭ್ಯಗಳು ಸುಲಭವಾಗಿ ಸಿಗುತ್ತಿಲ್ಲ.,Kannada,Medium,2026-08-31T18:19,Synthetic Demo Data
REQ001812,612847,Adiganahalli,Bangalore,KARNATAKA,Water,Residents report difficulty getting reliable drinking water in summer.,English,Medium,2026-09-03T09:26,Synthetic Demo Data
REQ001813,612847,Adiganahalli,Bangalore,KARNATAKA,Healthcare,ಸ್ಥಳೀಯ ಆರೋಗ್ಯ ಸೇವೆಗಳು ಮತ್ತು ಔಷಧಿಗಳ ಲಭ್ಯತೆಯನ್ನು ಸುಧಾರಿಸಲು ವಿನಂತಿ.,Kannada,Medium,2026-07-04T11:32,Synthetic Demo Data
REQ001814,612847,Adiganahalli,Bangalore,KARNATAKA,Waste Management,ಮನೆ ಮನೆಗೆ ತೆರಳಿ ಕಸ ಸಂಗ್ರಹಿಸುವ ವ್ಯವಸ್ಥೆ ಬೇಕು ಎಂದು ನಿವಾಸಿಗಳು ಕೋರುತ್ತಿದ್ದಾರೆ.,Kannada,Low,2026-09-06T12:36,Synthetic Demo Data
REQ001815,612847,Adiganahalli,Bangalore,KARNATAKA,Electricity,ವೋಲ್ಟೇಜ್ ಏರಿಳಿತದಿಂದ ಪಂಪ್‌ಸೆಟ್‌ಗಳಿಗೆ ತೊಂದರೆಯಾಗುತ್ತಿದೆ.,Kannada,Medium,2026-07-07T08:19,Synthetic Demo Data
REQ001816,612847,Adiganahalli,Bangalore,KARNATAKA,Electricity,ವೋಲ್ಟೇಜ್ ಏರಿಳಿತದಿಂದ ಪಂಪ್‌ಸೆಟ್‌ಗಳಿಗೆ ತೊಂದರೆಯಾಗುತ್ತಿದೆ.,Kannada,Medium,2026-07-22T20:00,Synthetic Demo Data
REQ001817,612847,Adiganahalli,Bangalore,KARNATAKA,Public Transport,ಬೆಳಿಗ್ಗೆ ಮತ್ತು ಸಂಜೆ ವೇಳೆಯಲ್ಲಿ ಹೆಚ್ಚಿನ ಬಸ್ ಸಂಚಾರ ಬೇಕಾಗಿದೆ.,Kannada,High,2026-07-11T11:15,Synthetic Demo Data
REQ001818,612847,Adiganahalli,Bangalore,KARNATAKA,Banking,"ಬ್ಯಾಂಕಿಂಗ್ ಸೇವೆಗೆ 10 ಕಿ.ಮೀ ದೂರ ಹೋಗಬೇಕಾಗಿದ್ದು, ಸ್ಥಳೀಯ ಕಿಯೋಸ್ಕ್ ಅಗತ್ಯವಿದೆ.",Kannada,High,2026-09-10T17:00,Synthetic Demo Data
REQ001819,612847,Adiganahalli,Bangalore,KARNATAKA,Healthcare,ಸಂಜೆ 5 ರ ನಂತರ ಸಮೀಪದ ಆರೋಗ್ಯ ಕೇಂದ್ರಕ್ಕೆ ಹೋಗಲು ಕಷ್ಟವಾಗುತ್ತಿದೆ.,Kannada,Medium,2026-08-20T12:58,Synthetic Demo Data
REQ001820,612847,Adiganahalli,Bangalore,KARNATAKA,Healthcare,ಸಂಜೆ 5 ರ ನಂತರ ಸಮೀಪದ ಆರೋಗ್ಯ ಕೇಂದ್ರಕ್ಕೆ ಹೋಗಲು ಕಷ್ಟವಾಗುತ್ತಿದೆ.,Kannada,Medium,2026-07-13T18:08,Synthetic Demo Data
REQ001821,612847,Adiganahalli,Bangalore,KARNATAKA,Healthcare,Residents have limited access to a nearby health facility after 5 PM.,English,Medium,2026-08-06T19:38,Synthetic Demo Data
REQ001822,612847,Adiganahalli,Bangalore,KARNATAKA,Healthcare,ಸಂಜೆ 5 ರ ನಂತರ ಸಮೀಪದ ಆರೋಗ್ಯ ಕೇಂದ್ರಕ್ಕೆ ಹೋಗಲು ಕಷ್ಟವಾಗುತ್ತಿದೆ.,Kannada,Medium,2026-09-14T06:14,Synthetic Demo Data
REQ001823,612847,Adiganahalli,Bangalore,KARNATAKA,Banking,ಎಟಿಎಂ ಅಥವಾ ಗ್ರಾಮ ಬ್ಯಾಂಕಿಂಗ್ ಸೇವೆ ಒದಗಿಸಲು ಸಾರ್ವಜನಿಕರ ಮನವಿ.,Kannada,Medium,2026-08-13T06:39,Synthetic Demo Data
REQ001824,612847,Adiganahalli,Bangalore,KARNATAKA,Digital Connectivity,ಗ್ರಾಮ ಪಂಚಾಯತ್ ವ್ಯಾಪ್ತಿಯಲ್ಲಿ ಬಾಪೂಜಿ ಸೇವಾ ಕೇಂದ್ರ / ಡಿಜಿಟಲ್ ಕೇಂದ್ರ ಬೇಕು.,Kannada,Medium,2026-07-18T21:12,Synthetic Demo Data
REQ001825,612847,Adiganahalli,Bangalore,KARNATAKA,Water,ಬೇಸಿಗೆಯಲ್ಲಿ ಶುದ್ಧ ಕುಡಿಯುವ ನೀರಿನ ಕೊರತೆ ಎದುರಾಗುತ್ತಿದೆ.,Kannada,High,2026-07-24T19:09,Synthetic Demo Data
REQ001826,612847,Adiganahalli,Bangalore,KARNATAKA,Road,ತಾಲೂಕು ಕೇಂದ್ರಕ್ಕೆ ಸಂಪರ್ಕ ಕಲ್ಪಿಸುವ ರಸ್ತೆ ಸುಧಾರಣೆಗೆ ಗ್ರಾಮಸ್ಥರ ಮನವಿ.,Kannada,High,2026-08-23T11:10,Synthetic Demo Data
REQ001827,612847,Adiganahalli,Bangalore,KARNATAKA,Healthcare,ನಮ್ಮ ಗ್ರಾಮಕ್ಕೆ ಪ್ರಾಥಮಿಕ ಆರೋಗ್ಯ ಕೇಂದ್ರದ ಸುಲಭ ಪ್ರವೇಶ ಬೇಕಾಗಿದೆ.,Kannada,Medium,2026-07-11T17:43,Synthetic Demo Data
REQ001828,612847,Adiganahalli,Bangalore,KARNATAKA,Electricity,Residents report voltage fluctuations affecting agriculture pump sets.,English,Low,2026-07-02T11:20,Synthetic Demo Data
REQ001829,612848,Rajanukunte,Bangalore,KARNATAKA,Drainage,ವಸತಿ ಪ್ರದೇಶದ ಬಳಿ ಕಾಂಕ್ರೀಟ್ ಮುಚ್ಚಿದ ಚರಂಡಿ ನಿರ್ಮಿಸಲು ವಿನಂತಿ.,Kannada,Medium,2026-09-01T18:27,Synthetic Demo Data
REQ001830,612848,Rajanukunte,Bangalore,KARNATAKA,Electricity,ವೋಲ್ಟೇಜ್ ಏರಿಳಿತದಿಂದ ಪಂಪ್‌ಸೆಟ್‌ಗಳಿಗೆ ತೊಂದರೆಯಾಗುತ್ತಿದೆ.,Kannada,Medium,2026-07-15T20:32,Synthetic Demo Data
REQ001831,612848,Rajanukunte,Bangalore,KARNATAKA,Road,ತಾಲೂಕು ಕೇಂದ್ರಕ್ಕೆ ಸಂಪರ್ಕ ಕಲ್ಪಿಸುವ ರಸ್ತೆ ಸುಧಾರಣೆಗೆ ಗ್ರಾಮಸ್ಥರ ಮನವಿ.,Kannada,Low,2026-08-16T09:50,Synthetic Demo Data
REQ001832,612848,Rajanukunte,Bangalore,KARNATAKA,Waste Management,ವಸತಿ ಪ್ರದೇಶಗಳ ಬಳಿ ಕಸ ಶೇಖರಣೆಯಾಗುತ್ತಿದೆ.,Kannada,Low,2026-07-11T10:00,Synthetic Demo Data
REQ001833,612848,Rajanukunte,Bangalore,KARNATAKA,Waste Management,Residents are requesting a better door-to-door waste collection system.,English,High,2026-09-04T20:27,Synthetic Demo Data
REQ001834,612848,Rajanukunte,Bangalore,KARNATAKA,Water,ಬೇಸಿಗೆಯಲ್ಲಿ ಶುದ್ಧ ಕುಡಿಯುವ ನೀರಿನ ಕೊರತೆ ಎದುರಾಗುತ್ತಿದೆ.,Kannada,Low,2026-08-28T17:03,Synthetic Demo Data
REQ001835,612848,Rajanukunte,Bangalore,KARNATAKA,Banking,The village needs better access to banking facilities and loan services.,English,Medium,2026-08-07T06:34,Synthetic Demo Data
REQ001836,612848,Rajanukunte,Bangalore,KARNATAKA,Waste Management,ವಸತಿ ಪ್ರದೇಶಗಳ ಬಳಿ ಕಸ ಶೇಖರಣೆಯಾಗುತ್ತಿದೆ.,Kannada,High,2026-08-11T15:40,Synthetic Demo Data
REQ001837,612848,Rajanukunte,Bangalore,KARNATAKA,Water,ಮೇಲ್ಭಾಗದ ಬಡಾವಣೆಗಳಿಗೆ ನೀರಿನ ಸರಬರಾಜು ಒತ್ತಡ ಸಾಲುತ್ತಿಲ್ಲ.,Kannada,High,2026-08-20T13:11,Synthetic Demo Data
REQ001838,612848,Rajanukunte,Bangalore,KARNATAKA,Drainage,ವಸತಿ ಪ್ರದೇಶದ ಬಳಿ ಕಾಂಕ್ರೀಟ್ ಮುಚ್ಚಿದ ಚರಂಡಿ ನಿರ್ಮಿಸಲು ವಿನಂತಿ.,Kannada,High,2026-09-02T19:57,Synthetic Demo Data
REQ001839,612848,Rajanukunte,Bangalore,KARNATAKA,Waste Management,गांव में कचरा समय पर नहीं उठाया जा रहा है।,Hindi,Medium,2026-09-06T20:02,Synthetic Demo Data
REQ001840,612848,Rajanukunte,Bangalore,KARNATAKA,Water,ಬೇಸಿಗೆಯಲ್ಲಿ ಶುದ್ಧ ಕುಡಿಯುವ ನೀರಿನ ಕೊರತೆ ಎದುರಾಗುತ್ತಿದೆ.,Kannada,Medium,2026-07-13T18:32,Synthetic Demo Data
REQ001841,612848,Rajanukunte,Bangalore,KARNATAKA,Banking,"ಬ್ಯಾಂಕಿಂಗ್ ಸೇವೆಗೆ 10 ಕಿ.ಮೀ ದೂರ ಹೋಗಬೇಕಾಗಿದ್ದು, ಸ್ಥಳೀಯ ಕಿಯೋಸ್ಕ್ ಅಗತ್ಯವಿದೆ.",Kannada,Medium,2026-08-24T18:01,Synthetic Demo Data
REQ001842,612848,Rajanukunte,Bangalore,KARNATAKA,Waste Management,Residents are requesting a better door-to-door waste collection system.,English,Medium,2026-07-11T19:07,Synthetic Demo Data
REQ001843,612848,Rajanukunte,Bangalore,KARNATAKA,Electricity,Residents report voltage fluctuations affecting agriculture pump sets.,English,Medium,2026-09-08T13:44,Synthetic Demo Data
REQ001844,612848,Rajanukunte,Bangalore,KARNATAKA,Electricity,ವೋಲ್ಟೇಜ್ ಏರಿಳಿತದಿಂದ ಪಂಪ್‌ಸೆಟ್‌ಗಳಿಗೆ ತೊಂದರೆಯಾಗುತ್ತಿದೆ.,Kannada,High,2026-08-25T14:47,Synthetic Demo Data
REQ001845,612848,Rajanukunte,Bangalore,KARNATAKA,Public Transport,ವಿಶ್ವಾಸಾರ್ಹ ಸಾರಿಗೆ ಬಸ್ ಸೇವೆಗಳನ್ನು ಹೆಚ್ಚಿಸಲು ವಿನಂತಿ.,Kannada,Medium,2026-09-16T18:58,Synthetic Demo Data
REQ001846,612848,Rajanukunte,Bangalore,KARNATAKA,Waste Management,ಕಸವನ್ನು ನಿಯಮಿತವಾಗಿ ವಿಲೇವಾರಿ ಮಾಡಲಾಗುತ್ತಿಲ್ಲ.,Kannada,Medium,2026-07-03T19:42,Synthetic Demo Data
REQ001847,612848,Rajanukunte,Bangalore,KARNATAKA,Drainage,ವಸತಿ ಪ್ರದೇಶದ ಬಳಿ ಕಾಂಕ್ರೀಟ್ ಮುಚ್ಚಿದ ಚರಂಡಿ ನಿರ್ಮಿಸಲು ವಿನಂತಿ.,Kannada,Medium,2026-08-10T09:14,Synthetic Demo Data
REQ001848,612848,Rajanukunte,Bangalore,KARNATAKA,Waste Management,Garbage is not being collected regularly in residential lanes.,English,High,2026-08-06T20:37,Synthetic Demo Data
REQ001849,612848,Rajanukunte,Bangalore,KARNATAKA,Road,The road becomes waterlogged and difficult to travel on during the rainy season.,English,Medium,2026-09-10T06:21,Synthetic Demo Data
REQ001850,612848,Rajanukunte,Bangalore,KARNATAKA,Waste Management,ವಸತಿ ಪ್ರದೇಶಗಳ ಬಳಿ ಕಸ ಶೇಖರಣೆಯಾಗುತ್ತಿದೆ.,Kannada,High,2026-09-02T12:34,Synthetic Demo Data
REQ001851,612848,Rajanukunte,Bangalore,KARNATAKA,Public Transport,Residents report limited public transport access to metro/train stations.,English,Medium,2026-09-12T08:40,Synthetic Demo Data
REQ001852,612848,Rajanukunte,Bangalore,KARNATAKA,Healthcare,प्राथमिक स्वास्थ्य केंद्र में बेहतर सुविधाओं की आवश्यकता है।,Hindi,High,2026-09-06T17:19,Synthetic Demo Data
REQ001853,612848,Rajanukunte,Bangalore,KARNATAKA,Waste Management,ಮನೆ ಮನೆಗೆ ತೆರಳಿ ಕಸ ಸಂಗ್ರಹಿಸುವ ವ್ಯವಸ್ಥೆ ಬೇಕು ಎಂದು ನಿವಾಸಿಗಳು ಕೋರುತ್ತಿದ್ದಾರೆ.,Kannada,Medium,2026-07-20T11:39,Synthetic Demo Data
REQ001854,612848,Rajanukunte,Bangalore,KARNATAKA,Road,ಗ್ರಾಮದ ಮುಖ್ಯ ರಸ್ತೆ ಹಾಳಾಗಿದ್ದು ಸಂಚಾರಕ್ಕೆ ತೊಂದರೆಯಾಗಿದೆ.,Kannada,Medium,2026-08-06T21:15,Synthetic Demo Data
REQ001855,612848,Rajanukunte,Bangalore,KARNATAKA,Road,ತಾಲೂಕು ಕೇಂದ್ರಕ್ಕೆ ಸಂಪರ್ಕ ಕಲ್ಪಿಸುವ ರಸ್ತೆ ಸುಧಾರಣೆಗೆ ಗ್ರಾಮಸ್ಥರ ಮನವಿ.,Kannada,Medium,2026-07-16T09:25,Synthetic Demo Data
REQ001856,612848,Rajanukunte,Bangalore,KARNATAKA,Waste Management,गांव में कचरा समय पर नहीं उठाया जा रहा है।,Hindi,High,2026-07-21T18:35,Synthetic Demo Data
REQ001857,612848,Rajanukunte,Bangalore,KARNATAKA,Road,Residents are requesting improvement of road connectivity to the taluk center.,English,Low,2026-08-05T16:49,Synthetic Demo Data
REQ001858,612848,Rajanukunte,Bangalore,KARNATAKA,Road,ಮಳೆಗಾಲದಲ್ಲಿ ರಸ್ತೆಯಲ್ಲಿ ನೀರು ನಿಂತು ವಾಹನ ಚಾಲನೆ ಕಷ್ಟವಾಗುತ್ತದೆ.,Kannada,Low,2026-08-10T18:14,Synthetic Demo Data
REQ001859,612848,Rajanukunte,Bangalore,KARNATAKA,Banking,ಗ್ರಾಮದಲ್ಲಿ ಬ್ಯಾಂಕ್ ಸೇವೆಗಳು ಮತ್ತು ಸಾಲ ಸೌಲಭ್ಯಗಳು ಸುಲಭವಾಗಿ ಸಿಗುತ್ತಿಲ್ಲ.,Kannada,High,2026-08-27T11:59,Synthetic Demo Data
REQ001860,612848,Rajanukunte,Bangalore,KARNATAKA,Banking,ಎಟಿಎಂ ಅಥವಾ ಗ್ರಾಮ ಬ್ಯಾಂಕಿಂಗ್ ಸೇವೆ ಒದಗಿಸಲು ಸಾರ್ವಜನಿಕರ ಮನವಿ.,Kannada,Medium,2026-08-12T20:41,Synthetic Demo Data
REQ001861,612848,Rajanukunte,Bangalore,KARNATAKA,Waste Management,Waste is accumulating near residential areas and temple road.,English,Medium,2026-08-23T19:26,Synthetic Demo Data
REQ001862,612848,Rajanukunte,Bangalore,KARNATAKA,Waste Management,ಕಸವನ್ನು ನಿಯಮಿತವಾಗಿ ವಿಲೇವಾರಿ ಮಾಡಲಾಗುತ್ತಿಲ್ಲ.,Kannada,High,2026-09-03T08:38,Synthetic Demo Data
REQ001863,612848,Rajanukunte,Bangalore,KARNATAKA,Education,ಬಸ್ ಕೊರತೆಯಿಂದ ವಿದ್ಯಾರ್ಥಿಗಳಿಗೆ ಪ್ರೌಢಶಾಲೆಗೆ ಹೋಗಲು ತೊಂದರೆಯಾಗಿದೆ.,Kannada,High,2026-08-01T11:36,Synthetic Demo Data
REQ001864,612849,Ittagallpura,Bangalore,KARNATAKA,Digital Connectivity,Residents have limited access to high-speed internet and CSC services.,English,High,2026-09-15T18:35,Synthetic Demo Data
REQ001865,612849,Ittagallpura,Bangalore,KARNATAKA,Healthcare,ನಮ್ಮ ಗ್ರಾಮಕ್ಕೆ ಪ್ರಾಥಮಿಕ ಆರೋಗ್ಯ ಕೇಂದ್ರದ ಸುಲಭ ಪ್ರವೇಶ ಬೇಕಾಗಿದೆ.,Kannada,Medium,2026-07-31T11:30,Synthetic Demo Data
REQ001866,612849,Ittagallpura,Bangalore,KARNATAKA,Banking,The village needs better access to banking facilities and loan services.,English,High,2026-07-09T06:13,Synthetic Demo Data
REQ001867,612849,Ittagallpura,Bangalore,KARNATAKA,Education,ಗ್ರಾಮದ ಶಾಲಾ ಆವರಣ ಹಾಗೂ ಆಟದ ಮೈದಾನ ದುರಸ್ತಿ ಮಾಡಬೇಕಾಗಿದೆ.,Kannada,Medium,2026-07-31T11:29,Synthetic Demo Data
REQ001868,612849,Ittagallpura,Bangalore,KARNATAKA,Healthcare,ಸ್ಥಳೀಯ ಆರೋಗ್ಯ ಸೇವೆಗಳು ಮತ್ತು ಔಷಧಿಗಳ ಲಭ್ಯತೆಯನ್ನು ಸುಧಾರಿಸಲು ವಿನಂತಿ.,Kannada,Low,2026-07-21T13:29,Synthetic Demo Data
REQ001869,612849,Ittagallpura,Bangalore,KARNATAKA,Public Transport,ವಿಶ್ವಾಸಾರ್ಹ ಸಾರಿಗೆ ಬಸ್ ಸೇವೆಗಳನ್ನು ಹೆಚ್ಚಿಸಲು ವಿನಂತಿ.,Kannada,High,2026-08-22T21:55,Synthetic Demo Data
REQ001870,612849,Ittagallpura,Bangalore,KARNATAKA,Healthcare,Residents have limited access to a nearby health facility after 5 PM.,English,Low,2026-09-07T09:45,Synthetic Demo Data
REQ001871,612849,Ittagallpura,Bangalore,KARNATAKA,Electricity,The village needs improved electricity infrastructure and street lighting.,English,Medium,2026-08-26T21:52,Synthetic Demo Data
REQ001872,612849,Ittagallpura,Bangalore,KARNATAKA,Public Transport,ಮೆಟ್ರೋ ನಿಲ್ದಾಣಕ್ಕೆ ನೇರ ಬಸ್ ಸಂಪರ್ಕ ಕಲ್ಪಿಸಲು ಗ್ರಾಮಸ್ಥರ ಕೋರಿಕೆ.,Kannada,Low,2026-07-06T17:25,Synthetic Demo Data
REQ001873,612849,Ittagallpura,Bangalore,KARNATAKA,Public Transport,ವಿಶ್ವಾಸಾರ್ಹ ಸಾರಿಗೆ ಬಸ್ ಸೇವೆಗಳನ್ನು ಹೆಚ್ಚಿಸಲು ವಿನಂತಿ.,Kannada,Medium,2026-07-16T09:09,Synthetic Demo Data
REQ001874,612849,Ittagallpura,Bangalore,KARNATAKA,Banking,Residents have limited access to nearby banking services and have to travel 10 km.,English,Medium,2026-07-15T11:23,Synthetic Demo Data
REQ001875,612849,Ittagallpura,Bangalore,KARNATAKA,Healthcare,ನಮ್ಮ ಗ್ರಾಮಕ್ಕೆ ಪ್ರಾಥಮಿಕ ಆರೋಗ್ಯ ಕೇಂದ್ರದ ಸುಲಭ ಪ್ರವೇಶ ಬೇಕಾಗಿದೆ.,Kannada,Medium,2026-07-27T14:06,Synthetic Demo Data
REQ001876,612849,Ittagallpura,Bangalore,KARNATAKA,Road,Residents are requesting improvement of road connectivity to the taluk center.,English,Low,2026-09-01T13:48,Synthetic Demo Data
REQ001877,612850,Dibburu,Bangalore,KARNATAKA,Waste Management,ವಸತಿ ಪ್ರದೇಶಗಳ ಬಳಿ ಕಸ ಶೇಖರಣೆಯಾಗುತ್ತಿದೆ.,Kannada,High,2026-08-27T14:36,Synthetic Demo Data
REQ001878,612850,Dibburu,Bangalore,KARNATAKA,Waste Management,ಕಸವನ್ನು ನಿಯಮಿತವಾಗಿ ವಿಲೇವಾರಿ ಮಾಡಲಾಗುತ್ತಿಲ್ಲ.,Kannada,High,2026-08-06T06:14,Synthetic Demo Data
REQ001879,612850,Dibburu,Bangalore,KARNATAKA,Banking,Residents have limited access to nearby banking services and have to travel 10 km.,English,High,2026-07-21T15:30,Synthetic Demo Data
REQ001880,612850,Dibburu,Bangalore,KARNATAKA,Public Transport,The village needs better bus frequency during morning and evening hours.,English,Medium,2026-07-17T10:38,Synthetic Demo Data
REQ001881,612850,Dibburu,Bangalore,KARNATAKA,Waste Management,ಮನೆ ಮನೆಗೆ ತೆರಳಿ ಕಸ ಸಂಗ್ರಹಿಸುವ ವ್ಯವಸ್ಥೆ ಬೇಕು ಎಂದು ನಿವಾಸಿಗಳು ಕೋರುತ್ತಿದ್ದಾರೆ.,Kannada,High,2026-07-28T15:09,Synthetic Demo Data
REQ001882,612850,Dibburu,Bangalore,KARNATAKA,Education,ಗ್ರಾಮದ ಶಾಲಾ ಆವರಣ ಹಾಗೂ ಆಟದ ಮೈದಾನ ದುರಸ್ತಿ ಮಾಡಬೇಕಾಗಿದೆ.,Kannada,Medium,2026-09-05T18:30,Synthetic Demo Data
REQ001883,612850,Dibburu,Bangalore,KARNATAKA,Education,ಸ್ಥಳೀಯ ಸರ್ಕಾರಿ ಶಾಲೆಯಲ್ಲಿ ಕಂಪ್ಯೂಟರ್ ಹಾಗೂ ಶೌಚಾಲಯ ಸೌಲಭ್ಯ ಕಲ್ಪಿಸಲು ಮನವಿ.,Kannada,Medium,2026-09-14T16:33,Synthetic Demo Data
REQ001884,612850,Dibburu,Bangalore,KARNATAKA,Road,Residents are requesting improvement of road connectivity to the taluk center.,English,Medium,2026-09-06T21:11,Synthetic Demo Data
REQ001885,612850,Dibburu,Bangalore,KARNATAKA,Healthcare,ಸ್ಥಳೀಯ ಆರೋಗ್ಯ ಸೇವೆಗಳು ಮತ್ತು ಔಷಧಿಗಳ ಲಭ್ಯತೆಯನ್ನು ಸುಧಾರಿಸಲು ವಿನಂತಿ.,Kannada,Low,2026-08-13T13:19,Synthetic Demo Data
REQ001886,612850,Dibburu,Bangalore,KARNATAKA,Waste Management,ಮನೆ ಮನೆಗೆ ತೆರಳಿ ಕಸ ಸಂಗ್ರಹಿಸುವ ವ್ಯವಸ್ಥೆ ಬೇಕು ಎಂದು ನಿವಾಸಿಗಳು ಕೋರುತ್ತಿದ್ದಾರೆ.,Kannada,Medium,2026-07-16T12:22,Synthetic Demo Data
REQ001887,612850,Dibburu,Bangalore,KARNATAKA,Healthcare,Residents are requesting improved local healthcare access and medicine availability.,English,Low,2026-09-06T13:47,Synthetic Demo Data
REQ001888,612850,Dibburu,Bangalore,KARNATAKA,Waste Management,Waste is accumulating near residential areas and temple road.,English,Medium,2026-08-12T08:17,Synthetic Demo Data
REQ001889,612850,Dibburu,Bangalore,KARNATAKA,Education,ಗ್ರಾಮದ ಶಾಲಾ ಆವರಣ ಹಾಗೂ ಆಟದ ಮೈದಾನ ದುರಸ್ತಿ ಮಾಡಬೇಕಾಗಿದೆ.,Kannada,Medium,2026-07-11T07:28,Synthetic Demo Data
REQ001890,612850,Dibburu,Bangalore,KARNATAKA,Education,ಸ್ಥಳೀಯ ಸರ್ಕಾರಿ ಶಾಲೆಯಲ್ಲಿ ಕಂಪ್ಯೂಟರ್ ಹಾಗೂ ಶೌಚಾಲಯ ಸೌಲಭ್ಯ ಕಲ್ಪಿಸಲು ಮನವಿ.,Kannada,Medium,2026-07-24T13:14,Synthetic Demo Data
REQ001891,612851,Koluvarayanahalli,Bangalore,KARNATAKA,Digital Connectivity,ಗ್ರಾಮ ಪಂಚಾಯತ್ ವ್ಯಾಪ್ತಿಯಲ್ಲಿ ಬಾಪೂಜಿ ಸೇವಾ ಕೇಂದ್ರ / ಡಿಜಿಟಲ್ ಕೇಂದ್ರ ಬೇಕು.,Kannada,Low,2026-08-04T14:05,Synthetic Demo Data
REQ001892,612851,Koluvarayanahalli,Bangalore,KARNATAKA,Public Transport,The village needs better bus frequency during morning and evening hours.,English,Low,2026-07-17T15:03,Synthetic Demo Data
REQ001893,612851,Koluvarayanahalli,Bangalore,KARNATAKA,Waste Management,ಮನೆ ಮನೆಗೆ ತೆರಳಿ ಕಸ ಸಂಗ್ರಹಿಸುವ ವ್ಯವಸ್ಥೆ ಬೇಕು ಎಂದು ನಿವಾಸಿಗಳು ಕೋರುತ್ತಿದ್ದಾರೆ.,Kannada,Medium,2026-07-13T07:20,Synthetic Demo Data
REQ001894,612851,Koluvarayanahalli,Bangalore,KARNATAKA,Electricity,ವೋಲ್ಟೇಜ್ ಏರಿಳಿತದಿಂದ ಪಂಪ್‌ಸೆಟ್‌ಗಳಿಗೆ ತೊಂದರೆಯಾಗುತ್ತಿದೆ.,Kannada,High,2026-07-11T21:12,Synthetic Demo Data
REQ001895,612851,Koluvarayanahalli,Bangalore,KARNATAKA,Drainage,Residents are requesting proper concrete covered drainage near residential areas.,English,Medium,2026-09-11T06:37,Synthetic Demo Data
REQ001896,612851,Koluvarayanahalli,Bangalore,KARNATAKA,Healthcare,Residents are requesting improved local healthcare access and medicine availability.,English,Low,2026-07-25T20:00,Synthetic Demo Data
REQ001897,612851,Koluvarayanahalli,Bangalore,KARNATAKA,Waste Management,ವಸತಿ ಪ್ರದೇಶಗಳ ಬಳಿ ಕಸ ಶೇಖರಣೆಯಾಗುತ್ತಿದೆ.,Kannada,Medium,2026-07-23T16:32,Synthetic Demo Data
REQ001898,612851,Koluvarayanahalli,Bangalore,KARNATAKA,Healthcare,ಸ್ಥಳೀಯ ಆರೋಗ್ಯ ಸೇವೆಗಳು ಮತ್ತು ಔಷಧಿಗಳ ಲಭ್ಯತೆಯನ್ನು ಸುಧಾರಿಸಲು ವಿನಂತಿ.,Kannada,High,2026-09-07T13:21,Synthetic Demo Data
REQ001899,612851,Koluvarayanahalli,Bangalore,KARNATAKA,Waste Management,Waste is accumulating near residential areas and temple road.,English,Medium,2026-07-15T11:31,Synthetic Demo Data
REQ001900,612851,Koluvarayanahalli,Bangalore,KARNATAKA,Water,Water supply pressure is insufficient for residents on higher lanes.,English,Medium,2026-07-21T11:04,Synthetic Demo Data
REQ001901,612851,Koluvarayanahalli,Bangalore,KARNATAKA,Electricity,People are requesting more reliable power supply without frequent cuts.,English,Low,2026-08-26T16:40,Synthetic Demo Data
REQ001902,612851,Koluvarayanahalli,Bangalore,KARNATAKA,Digital Connectivity,People are requesting a local digital service facility (Bapuji Seva Kendra).,English,Medium,2026-07-30T12:19,Synthetic Demo Data
REQ001903,612852,Seethakempanahalli,Bangalore,KARNATAKA,Healthcare,ಸ್ಥಳೀಯ ಆರೋಗ್ಯ ಸೇವೆಗಳು ಮತ್ತು ಔಷಧಿಗಳ ಲಭ್ಯತೆಯನ್ನು ಸುಧಾರಿಸಲು ವಿನಂತಿ.,Kannada,Medium,2026-08-08T12:36,Synthetic Demo Data
REQ001904,612852,Seethakempanahalli,Bangalore,KARNATAKA,Digital Connectivity,ಗ್ರಾಮ ಪಂಚಾಯತ್ ವ್ಯಾಪ್ತಿಯಲ್ಲಿ ಬಾಪೂಜಿ ಸೇವಾ ಕೇಂದ್ರ / ಡಿಜಿಟಲ್ ಕೇಂದ್ರ ಬೇಕು.,Kannada,Medium,2026-07-22T11:39,Synthetic Demo Data
REQ001905,612852,Seethakempanahalli,Bangalore,KARNATAKA,Digital Connectivity,ಗ್ರಾಮದ ಒಳಭಾಗದಲ್ಲಿ ಮೊಬೈಲ್ ನೆಟ್‌ವರ್ಕ್ ಸಿಗುತ್ತಿಲ್ಲ.,Kannada,Low,2026-09-15T19:49,Synthetic Demo Data
REQ001906,612852,Seethakempanahalli,Bangalore,KARNATAKA,Public Transport,ಮೆಟ್ರೋ ನಿಲ್ದಾಣಕ್ಕೆ ನೇರ ಬಸ್ ಸಂಪರ್ಕ ಕಲ್ಪಿಸಲು ಗ್ರಾಮಸ್ಥರ ಕೋರಿಕೆ.,Kannada,Medium,2026-08-08T17:09,Synthetic Demo Data
REQ001907,612852,Seethakempanahalli,Bangalore,KARNATAKA,Waste Management,Residents are requesting a better door-to-door waste collection system.,English,High,2026-08-09T19:36,Synthetic Demo Data
REQ001908,612852,Seethakempanahalli,Bangalore,KARNATAKA,Healthcare,ಸಂಜೆ 5 ರ ನಂತರ ಸಮೀಪದ ಆರೋಗ್ಯ ಕೇಂದ್ರಕ್ಕೆ ಹೋಗಲು ಕಷ್ಟವಾಗುತ್ತಿದೆ.,Kannada,High,2026-08-22T17:41,Synthetic Demo Data
REQ001909,612852,Seethakempanahalli,Bangalore,KARNATAKA,Electricity,बिजली की बार-बार कटौती से लोग परेशान हैं।,Hindi,High,2026-07-26T12:42,Synthetic Demo Data
REQ001910,612852,Seethakempanahalli,Bangalore,KARNATAKA,Public Transport,ಮೆಟ್ರೋ ನಿಲ್ದಾಣಕ್ಕೆ ನೇರ ಬಸ್ ಸಂಪರ್ಕ ಕಲ್ಪಿಸಲು ಗ್ರಾಮಸ್ಥರ ಕೋರಿಕೆ.,Kannada,High,2026-08-24T18:20,Synthetic Demo Data
REQ001911,612852,Seethakempanahalli,Bangalore,KARNATAKA,Education,Students have difficulty accessing nearby secondary education without bus.,English,Medium,2026-08-26T14:06,Synthetic Demo Data
REQ001912,612852,Seethakempanahalli,Bangalore,KARNATAKA,Drainage,ವಸತಿ ಪ್ರದೇಶದ ಬಳಿ ಕಾಂಕ್ರೀಟ್ ಮುಚ್ಚಿದ ಚರಂಡಿ ನಿರ್ಮಿಸಲು ವಿನಂತಿ.,Kannada,Medium,2026-09-14T21:02,Synthetic Demo Data
REQ001913,612852,Seethakempanahalli,Bangalore,KARNATAKA,Electricity,ಗ್ರಾಮದ ಪ್ರಮುಖ ರಸ್ತೆಗಳಲ್ಲಿ ಬೀದಿದೀಪಗಳ ಸೌಲಭ್ಯ ಕಲ್ಪಿಸಬೇಕಾಗಿದೆ.,Kannada,Medium,2026-08-05T18:03,Synthetic Demo Data
REQ001914,612852,Seethakempanahalli,Bangalore,KARNATAKA,Drainage,Poor drainage is causing stagnant water and mosquito breeding in the village.,English,Medium,2026-08-26T15:07,Synthetic Demo Data
REQ001915,612852,Seethakempanahalli,Bangalore,KARNATAKA,Healthcare,The village needs easier access to primary healthcare center.,English,High,2026-08-22T10:55,Synthetic Demo Data
REQ001916,612852,Seethakempanahalli,Bangalore,KARNATAKA,Waste Management,ಕಸವನ್ನು ನಿಯಮಿತವಾಗಿ ವಿಲೇವಾರಿ ಮಾಡಲಾಗುತ್ತಿಲ್ಲ.,Kannada,Medium,2026-08-26T13:20,Synthetic Demo Data
REQ001917,612852,Seethakempanahalli,Bangalore,KARNATAKA,Education,Residents are requesting better facilities and computers in the local school.,English,Medium,2026-08-07T06:08,Synthetic Demo Data
REQ001918,612853,Hesaraghatta Grass Farm,Bangalore,KARNATAKA,Public Transport,ವಿಶ್ವಾಸಾರ್ಹ ಸಾರಿಗೆ ಬಸ್ ಸೇವೆಗಳನ್ನು ಹೆಚ್ಚಿಸಲು ವಿನಂತಿ.,Kannada,Medium,2026-08-10T17:57,Synthetic Demo Data
REQ001919,612853,Hesaraghatta Grass Farm,Bangalore,KARNATAKA,Public Transport,The village needs better bus frequency during morning and evening hours.,English,High,2026-08-29T13:29,Synthetic Demo Data
REQ001920,612853,Hesaraghatta Grass Farm,Bangalore,KARNATAKA,Road,ಮಳೆಗಾಲದಲ್ಲಿ ರಸ್ತೆಯಲ್ಲಿ ನೀರು ನಿಂತು ವಾಹನ ಚಾಲನೆ ಕಷ್ಟವಾಗುತ್ತದೆ.,Kannada,High,2026-09-16T06:08,Synthetic Demo Data
REQ001921,612853,Hesaraghatta Grass Farm,Bangalore,KARNATAKA,Drainage,ಚರಂಡಿ ಕೊರತೆಯಿಂದ ನೀರು ನಿಂತು ಸೊಳ್ಳೆಗಳ ಕಾಟ ಹೆಚ್ಚಾಗಿದೆ.,Kannada,Low,2026-07-07T07:58,Synthetic Demo Data
REQ001922,612853,Hesaraghatta Grass Farm,Bangalore,KARNATAKA,Banking,"ಬ್ಯಾಂಕಿಂಗ್ ಸೇವೆಗೆ 10 ಕಿ.ಮೀ ದೂರ ಹೋಗಬೇಕಾಗಿದ್ದು, ಸ್ಥಳೀಯ ಕಿಯೋಸ್ಕ್ ಅಗತ್ಯವಿದೆ.",Kannada,Medium,2026-07-05T16:50,Synthetic Demo Data
REQ001923,612853,Hesaraghatta Grass Farm,Bangalore,KARNATAKA,Healthcare,ಸಂಜೆ 5 ರ ನಂತರ ಸಮೀಪದ ಆರೋಗ್ಯ ಕೇಂದ್ರಕ್ಕೆ ಹೋಗಲು ಕಷ್ಟವಾಗುತ್ತಿದೆ.,Kannada,Medium,2026-07-10T08:35,Synthetic Demo Data
REQ001924,612853,Hesaraghatta Grass Farm,Bangalore,KARNATAKA,Public Transport,ವಿಶ್ವಾಸಾರ್ಹ ಸಾರಿಗೆ ಬಸ್ ಸೇವೆಗಳನ್ನು ಹೆಚ್ಚಿಸಲು ವಿನಂತಿ.,Kannada,Low,2026-07-12T20:39,Synthetic Demo Data
REQ001925,612853,Hesaraghatta Grass Farm,Bangalore,KARNATAKA,Education,ಬಸ್ ಕೊರತೆಯಿಂದ ವಿದ್ಯಾರ್ಥಿಗಳಿಗೆ ಪ್ರೌಢಶಾಲೆಗೆ ಹೋಗಲು ತೊಂದರೆಯಾಗಿದೆ.,Kannada,Medium,2026-08-25T14:29,Synthetic Demo Data
REQ001926,612853,Hesaraghatta Grass Farm,Bangalore,KARNATAKA,Healthcare,Residents are requesting improved local healthcare access and medicine availability.,English,High,2026-08-12T08:11,Synthetic Demo Data
REQ001927,612853,Hesaraghatta Grass Farm,Bangalore,KARNATAKA,Education,ಗ್ರಾಮದ ಶಾಲಾ ಆವರಣ ಹಾಗೂ ಆಟದ ಮೈದಾನ ದುರಸ್ತಿ ಮಾಡಬೇಕಾಗಿದೆ.,Kannada,Medium,2026-08-25T06:25,Synthetic Demo Data
REQ001928,612854,Dasenahalli,Bangalore,KARNATAKA,Education,ಸ್ಥಳೀಯ ಸರ್ಕಾರಿ ಶಾಲೆಯಲ್ಲಿ ಕಂಪ್ಯೂಟರ್ ಹಾಗೂ ಶೌಚಾಲಯ ಸೌಲಭ್ಯ ಕಲ್ಪಿಸಲು ಮನವಿ.,Kannada,High,2026-07-29T16:27,Synthetic Demo Data
REQ001929,612854,Dasenahalli,Bangalore,KARNATAKA,Waste Management,Residents are requesting a better door-to-door waste collection system.,English,Medium,2026-08-11T20:41,Synthetic Demo Data
REQ001930,612854,Dasenahalli,Bangalore,KARNATAKA,Digital Connectivity,The village needs better mobile network coverage in interior areas.,English,Low,2026-09-12T10:12,Synthetic Demo Data
REQ001931,612854,Dasenahalli,Bangalore,KARNATAKA,Electricity,ಪದೇ ಪದೇ ವಿದ್ಯುತ್ ಕಡಿತವಾಗದಂತೆ ನಿರಂತರ ವಿದ್ಯುತ್ ನೀಡಲು ವಿನಂತಿ.,Kannada,High,2026-09-07T07:49,Synthetic Demo Data
REQ001932,612854,Dasenahalli,Bangalore,KARNATAKA,Drainage,ಭಾರೀ ಮಳೆಯಾದಾಗ ಚರಂಡಿ ಉಕ್ಕಿ ಶಾಲೆ ಬಳಿ ನೀರು ನಿಲ್ಲುತ್ತದೆ.,Kannada,High,2026-08-10T13:42,Synthetic Demo Data
REQ001933,612854,Dasenahalli,Bangalore,KARNATAKA,Waste Management,ವಸತಿ ಪ್ರದೇಶಗಳ ಬಳಿ ಕಸ ಶೇಖರಣೆಯಾಗುತ್ತಿದೆ.,Kannada,Low,2026-07-30T12:49,Synthetic Demo Data
REQ001934,612854,Dasenahalli,Bangalore,KARNATAKA,Road,ತಾಲೂಕು ಕೇಂದ್ರಕ್ಕೆ ಸಂಪರ್ಕ ಕಲ್ಪಿಸುವ ರಸ್ತೆ ಸುಧಾರಣೆಗೆ ಗ್ರಾಮಸ್ಥರ ಮನವಿ.,Kannada,High,2026-08-18T06:28,Synthetic Demo Data
REQ001935,612854,Dasenahalli,Bangalore,KARNATAKA,Banking,People are requesting easier access to ATM or banking kiosk services.,English,Medium,2026-08-27T20:25,Synthetic Demo Data
REQ001936,612854,Dasenahalli,Bangalore,KARNATAKA,Waste Management,Residents are requesting a better door-to-door waste collection system.,English,Low,2026-07-12T11:32,Synthetic Demo Data
REQ001937,612854,Dasenahalli,Bangalore,KARNATAKA,Banking,People are requesting easier access to ATM or banking kiosk services.,English,High,2026-07-27T09:31,Synthetic Demo Data
REQ001938,612854,Dasenahalli,Bangalore,KARNATAKA,Public Transport,ಮೆಟ್ರೋ ನಿಲ್ದಾಣಕ್ಕೆ ನೇರ ಬಸ್ ಸಂಪರ್ಕ ಕಲ್ಪಿಸಲು ಗ್ರಾಮಸ್ಥರ ಕೋರಿಕೆ.,Kannada,Medium,2026-07-27T08:51,Synthetic Demo Data
REQ001939,612854,Dasenahalli,Bangalore,KARNATAKA,Healthcare,ಸ್ಥಳೀಯ ಆರೋಗ್ಯ ಸೇವೆಗಳು ಮತ್ತು ಔಷಧಿಗಳ ಲಭ್ಯತೆಯನ್ನು ಸುಧಾರಿಸಲು ವಿನಂತಿ.,Kannada,High,2026-08-28T06:00,Synthetic Demo Data
REQ001940,612854,Dasenahalli,Bangalore,KARNATAKA,Healthcare,ನಮ್ಮ ಗ್ರಾಮಕ್ಕೆ ಪ್ರಾಥಮಿಕ ಆರೋಗ್ಯ ಕೇಂದ್ರದ ಸುಲಭ ಪ್ರವೇಶ ಬೇಕಾಗಿದೆ.,Kannada,Medium,2026-08-09T08:27,Synthetic Demo Data
REQ001941,612854,Dasenahalli,Bangalore,KARNATAKA,Banking,People are requesting easier access to ATM or banking kiosk services.,English,Low,2026-07-11T18:56,Synthetic Demo Data
REQ001942,612854,Dasenahalli,Bangalore,KARNATAKA,Healthcare,प्राथमिक स्वास्थ्य केंद्र में बेहतर सुविधाओं की आवश्यकता है।,Hindi,Medium,2026-08-11T07:09,Synthetic Demo Data
REQ001943,612854,Dasenahalli,Bangalore,KARNATAKA,Banking,ಎಟಿಎಂ ಅಥವಾ ಗ್ರಾಮ ಬ್ಯಾಂಕಿಂಗ್ ಸೇವೆ ಒದಗಿಸಲು ಸಾರ್ವಜನಿಕರ ಮನವಿ.,Kannada,High,2026-07-20T10:44,Synthetic Demo Data
REQ001944,612855,Kalenahalli,Bangalore,KARNATAKA,Healthcare,ಸ್ಥಳೀಯ ಆರೋಗ್ಯ ಸೇವೆಗಳು ಮತ್ತು ಔಷಧಿಗಳ ಲಭ್ಯತೆಯನ್ನು ಸುಧಾರಿಸಲು ವಿನಂತಿ.,Kannada,Low,2026-08-07T17:39,Synthetic Demo Data
REQ001945,612855,Kalenahalli,Bangalore,KARNATAKA,Healthcare,ನಮ್ಮ ಗ್ರಾಮಕ್ಕೆ ಪ್ರಾಥಮಿಕ ಆರೋಗ್ಯ ಕೇಂದ್ರದ ಸುಲಭ ಪ್ರವೇಶ ಬೇಕಾಗಿದೆ.,Kannada,High,2026-09-05T10:47,Synthetic Demo Data
REQ001946,612855,Kalenahalli,Bangalore,KARNATAKA,Electricity,Residents report voltage fluctuations affecting agriculture pump sets.,English,Low,2026-07-15T11:01,Synthetic Demo Data
REQ001947,612855,Kalenahalli,Bangalore,KARNATAKA,Healthcare,ಸ್ಥಳೀಯ ಆರೋಗ್ಯ ಸೇವೆಗಳು ಮತ್ತು ಔಷಧಿಗಳ ಲಭ್ಯತೆಯನ್ನು ಸುಧಾರಿಸಲು ವಿನಂತಿ.,Kannada,Medium,2026-08-03T16:01,Synthetic Demo Data
REQ001948,612855,Kalenahalli,Bangalore,KARNATAKA,Electricity,ವೋಲ್ಟೇಜ್ ಏರಿಳಿತದಿಂದ ಪಂಪ್‌ಸೆಟ್‌ಗಳಿಗೆ ತೊಂದರೆಯಾಗುತ್ತಿದೆ.,Kannada,High,2026-07-19T19:02,Synthetic Demo Data
REQ001949,612855,Kalenahalli,Bangalore,KARNATAKA,Healthcare,Residents are requesting improved local healthcare access and medicine availability.,English,Medium,2026-07-21T09:00,Synthetic Demo Data
REQ001950,612855,Kalenahalli,Bangalore,KARNATAKA,Road,ತಾಲೂಕು ಕೇಂದ್ರಕ್ಕೆ ಸಂಪರ್ಕ ಕಲ್ಪಿಸುವ ರಸ್ತೆ ಸುಧಾರಣೆಗೆ ಗ್ರಾಮಸ್ಥರ ಮನವಿ.,Kannada,Low,2026-07-15T21:29,Synthetic Demo Data
REQ001951,612855,Kalenahalli,Bangalore,KARNATAKA,Banking,Residents have limited access to nearby banking services and have to travel 10 km.,English,Medium,2026-09-16T06:19,Synthetic Demo Data
REQ001952,612855,Kalenahalli,Bangalore,KARNATAKA,Healthcare,Residents have limited access to a nearby health facility after 5 PM.,English,High,2026-09-08T17:39,Synthetic Demo Data
REQ001953,612855,Kalenahalli,Bangalore,KARNATAKA,Digital Connectivity,ಹೈಸ್ಪೀಡ್ ಇಂಟರ್ನೆಟ್ ಮತ್ತು ಸಿಎಸ್ಸಿ ಸೇವೆಗಳು ಲಭ್ಯವಿಲ್ಲ.,Kannada,Medium,2026-09-12T12:08,Synthetic Demo Data
REQ001954,612855,Kalenahalli,Bangalore,KARNATAKA,Waste Management,ಕಸವನ್ನು ನಿಯಮಿತವಾಗಿ ವಿಲೇವಾರಿ ಮಾಡಲಾಗುತ್ತಿಲ್ಲ.,Kannada,High,2026-07-11T09:45,Synthetic Demo Data
REQ001955,612856,Mathkur,Bangalore,KARNATAKA,Road,The main approach road near the village is damaged and difficult to use.,English,High,2026-08-02T11:46,Synthetic Demo Data
REQ001956,612856,Mathkur,Bangalore,KARNATAKA,Public Transport,ಮೆಟ್ರೋ ನಿಲ್ದಾಣಕ್ಕೆ ನೇರ ಬಸ್ ಸಂಪರ್ಕ ಕಲ್ಪಿಸಲು ಗ್ರಾಮಸ್ಥರ ಕೋರಿಕೆ.,Kannada,Medium,2026-09-05T14:48,Synthetic Demo Data
REQ001957,612856,Mathkur,Bangalore,KARNATAKA,Banking,ಗ್ರಾಮದಲ್ಲಿ ಬ್ಯಾಂಕ್ ಸೇವೆಗಳು ಮತ್ತು ಸಾಲ ಸೌಲಭ್ಯಗಳು ಸುಲಭವಾಗಿ ಸಿಗುತ್ತಿಲ್ಲ.,Kannada,Medium,2026-09-13T07:47,Synthetic Demo Data
REQ001958,612856,Mathkur,Bangalore,KARNATAKA,Banking,ಎಟಿಎಂ ಅಥವಾ ಗ್ರಾಮ ಬ್ಯಾಂಕಿಂಗ್ ಸೇವೆ ಒದಗಿಸಲು ಸಾರ್ವಜನಿಕರ ಮನವಿ.,Kannada,Medium,2026-07-24T06:09,Synthetic Demo Data
REQ001959,612856,Mathkur,Bangalore,KARNATAKA,Digital Connectivity,People are requesting a local digital service facility (Bapuji Seva Kendra).,English,High,2026-08-11T06:36,Synthetic Demo Data
REQ001960,612856,Mathkur,Bangalore,KARNATAKA,Healthcare,The village needs easier access to primary healthcare center.,English,Medium,2026-09-12T18:28,Synthetic Demo Data
REQ001961,612856,Mathkur,Bangalore,KARNATAKA,Banking,ಗ್ರಾಮದಲ್ಲಿ ಬ್ಯಾಂಕ್ ಸೇವೆಗಳು ಮತ್ತು ಸಾಲ ಸೌಲಭ್ಯಗಳು ಸುಲಭವಾಗಿ ಸಿಗುತ್ತಿಲ್ಲ.,Kannada,Medium,2026-07-16T14:41,Synthetic Demo Data
REQ001962,612856,Mathkur,Bangalore,KARNATAKA,Electricity,Residents report voltage fluctuations affecting agriculture pump sets.,English,Low,2026-07-24T14:21,Synthetic Demo Data
REQ001963,612856,Mathkur,Bangalore,KARNATAKA,Electricity,ಗ್ರಾಮದ ಪ್ರಮುಖ ರಸ್ತೆಗಳಲ್ಲಿ ಬೀದಿದೀಪಗಳ ಸೌಲಭ್ಯ ಕಲ್ಪಿಸಬೇಕಾಗಿದೆ.,Kannada,Medium,2026-07-13T16:48,Synthetic Demo Data
REQ001964,612856,Mathkur,Bangalore,KARNATAKA,Education,ಸ್ಥಳೀಯ ಸರ್ಕಾರಿ ಶಾಲೆಯಲ್ಲಿ ಕಂಪ್ಯೂಟರ್ ಹಾಗೂ ಶೌಚಾಲಯ ಸೌಲಭ್ಯ ಕಲ್ಪಿಸಲು ಮನವಿ.,Kannada,Medium,2026-07-04T10:06,Synthetic Demo Data
REQ001965,612856,Mathkur,Bangalore,KARNATAKA,Waste Management,ಕಸವನ್ನು ನಿಯಮಿತವಾಗಿ ವಿಲೇವಾರಿ ಮಾಡಲಾಗುತ್ತಿಲ್ಲ.,Kannada,High,2026-08-07T10:55,Synthetic Demo Data
REQ001966,612856,Mathkur,Bangalore,KARNATAKA,Road,ಮಳೆಗಾಲದಲ್ಲಿ ರಸ್ತೆಯಲ್ಲಿ ನೀರು ನಿಂತು ವಾಹನ ಚಾಲನೆ ಕಷ್ಟವಾಗುತ್ತದೆ.,Kannada,Low,2026-07-11T11:25,Synthetic Demo Data
REQ001967,612856,Mathkur,Bangalore,KARNATAKA,Banking,Residents have limited access to nearby banking services and have to travel 10 km.,English,High,2026-07-29T06:12,Synthetic Demo Data
REQ001968,612856,Mathkur,Bangalore,KARNATAKA,Electricity,ಗ್ರಾಮದ ಪ್ರಮುಖ ರಸ್ತೆಗಳಲ್ಲಿ ಬೀದಿದೀಪಗಳ ಸೌಲಭ್ಯ ಕಲ್ಪಿಸಬೇಕಾಗಿದೆ.,Kannada,Medium,2026-09-11T07:51,Synthetic Demo Data
REQ001969,612856,Mathkur,Bangalore,KARNATAKA,Education,ಗ್ರಾಮದ ಶಾಲಾ ಆವರಣ ಹಾಗೂ ಆಟದ ಮೈದಾನ ದುರಸ್ತಿ ಮಾಡಬೇಕಾಗಿದೆ.,Kannada,Low,2026-09-06T11:23,Synthetic Demo Data
REQ001970,612856,Mathkur,Bangalore,KARNATAKA,Waste Management,Residents are requesting a better door-to-door waste collection system.,English,Medium,2026-07-29T10:34,Synthetic Demo Data
REQ001971,612856,Mathkur,Bangalore,KARNATAKA,Banking,People are requesting easier access to ATM or banking kiosk services.,English,High,2026-08-21T15:24,Synthetic Demo Data
REQ001972,612857,Linganahalli,Bangalore,KARNATAKA,Banking,गांव में एटीएम या बैंकिंग सुविधा उपलब्ध कराई जाए।,Hindi,Medium,2026-07-18T15:00,Synthetic Demo Data
REQ001973,612857,Linganahalli,Bangalore,KARNATAKA,Drainage,Residents are requesting proper concrete covered drainage near residential areas.,English,High,2026-09-17T08:03,Synthetic Demo Data
REQ001974,612857,Linganahalli,Bangalore,KARNATAKA,Public Transport,ಮೆಟ್ರೋ ನಿಲ್ದಾಣಕ್ಕೆ ನೇರ ಬಸ್ ಸಂಪರ್ಕ ಕಲ್ಪಿಸಲು ಗ್ರಾಮಸ್ಥರ ಕೋರಿಕೆ.,Kannada,Low,2026-08-01T18:50,Synthetic Demo Data
REQ001975,612857,Linganahalli,Bangalore,KARNATAKA,Waste Management,ಮನೆ ಮನೆಗೆ ತೆರಳಿ ಕಸ ಸಂಗ್ರಹಿಸುವ ವ್ಯವಸ್ಥೆ ಬೇಕು ಎಂದು ನಿವಾಸಿಗಳು ಕೋರುತ್ತಿದ್ದಾರೆ.,Kannada,High,2026-08-14T08:14,Synthetic Demo Data
REQ001976,612857,Linganahalli,Bangalore,KARNATAKA,Banking,ಗ್ರಾಮದಲ್ಲಿ ಬ್ಯಾಂಕ್ ಸೇವೆಗಳು ಮತ್ತು ಸಾಲ ಸೌಲಭ್ಯಗಳು ಸುಲಭವಾಗಿ ಸಿಗುತ್ತಿಲ್ಲ.,Kannada,High,2026-09-13T10:13,Synthetic Demo Data
REQ001977,612857,Linganahalli,Bangalore,KARNATAKA,Healthcare,Residents have limited access to a nearby health facility after 5 PM.,English,High,2026-07-16T15:33,Synthetic Demo Data
REQ001978,612857,Linganahalli,Bangalore,KARNATAKA,Drainage,Poor drainage is causing stagnant water and mosquito breeding in the village.,English,High,2026-08-26T15:52,Synthetic Demo Data
REQ001979,612857,Linganahalli,Bangalore,KARNATAKA,Drainage,Poor drainage is causing stagnant water and mosquito breeding in the village.,English,High,2026-08-13T14:02,Synthetic Demo Data
REQ001980,612857,Linganahalli,Bangalore,KARNATAKA,Healthcare,The village needs easier access to primary healthcare center.,English,Medium,2026-08-24T11:56,Synthetic Demo Data
REQ001981,612857,Linganahalli,Bangalore,KARNATAKA,Public Transport,Residents report limited public transport access to metro/train stations.,English,Medium,2026-07-29T09:05,Synthetic Demo Data
REQ001982,612857,Linganahalli,Bangalore,KARNATAKA,Banking,Residents have limited access to nearby banking services and have to travel 10 km.,English,Low,2026-07-31T21:53,Synthetic Demo Data
REQ001983,612857,Linganahalli,Bangalore,KARNATAKA,Public Transport,ಬೆಳಿಗ್ಗೆ ಮತ್ತು ಸಂಜೆ ವೇಳೆಯಲ್ಲಿ ಹೆಚ್ಚಿನ ಬಸ್ ಸಂಚಾರ ಬೇಕಾಗಿದೆ.,Kannada,Medium,2026-08-05T14:57,Synthetic Demo Data
REQ001984,612857,Linganahalli,Bangalore,KARNATAKA,Waste Management,ವಸತಿ ಪ್ರದೇಶಗಳ ಬಳಿ ಕಸ ಶೇಖರಣೆಯಾಗುತ್ತಿದೆ.,Kannada,Medium,2026-08-02T17:05,Synthetic Demo Data
REQ001985,612858,Muthagada Halli,Bangalore,KARNATAKA,Water,The village needs improved access to safe drinking water RO plant.,English,High,2026-09-02T13:37,Synthetic Demo Data
REQ001986,612858,Muthagada Halli,Bangalore,KARNATAKA,Healthcare,ಸ್ಥಳೀಯ ಆರೋಗ್ಯ ಸೇವೆಗಳು ಮತ್ತು ಔಷಧಿಗಳ ಲಭ್ಯತೆಯನ್ನು ಸುಧಾರಿಸಲು ವಿನಂತಿ.,Kannada,Medium,2026-09-16T18:38,Synthetic Demo Data
REQ001987,612858,Muthagada Halli,Bangalore,KARNATAKA,Healthcare,Residents have limited access to a nearby health facility after 5 PM.,English,High,2026-07-14T09:36,Synthetic Demo Data
REQ001988,612858,Muthagada Halli,Bangalore,KARNATAKA,Drainage,नालियों में पानी भर जाने से जलभराव हो रहा है।,Hindi,Medium,2026-09-16T19:52,Synthetic Demo Data
REQ001989,612858,Muthagada Halli,Bangalore,KARNATAKA,Healthcare,Residents have limited access to a nearby health facility after 5 PM.,English,Medium,2026-08-26T20:36,Synthetic Demo Data
REQ001990,612858,Muthagada Halli,Bangalore,KARNATAKA,Banking,ಗ್ರಾಮದಲ್ಲಿ ಬ್ಯಾಂಕ್ ಸೇವೆಗಳು ಮತ್ತು ಸಾಲ ಸೌಲಭ್ಯಗಳು ಸುಲಭವಾಗಿ ಸಿಗುತ್ತಿಲ್ಲ.,Kannada,Low,2026-08-25T06:13,Synthetic Demo Data
REQ001991,612858,Muthagada Halli,Bangalore,KARNATAKA,Education,ಸ್ಥಳೀಯ ಸರ್ಕಾರಿ ಶಾಲೆಯಲ್ಲಿ ಕಂಪ್ಯೂಟರ್ ಹಾಗೂ ಶೌಚಾಲಯ ಸೌಲಭ್ಯ ಕಲ್ಪಿಸಲು ಮನವಿ.,Kannada,High,2026-08-22T06:46,Synthetic Demo Data
REQ001992,612858,Muthagada Halli,Bangalore,KARNATAKA,Healthcare,Residents have limited access to a nearby health facility after 5 PM.,English,Low,2026-08-14T17:15,Synthetic Demo Data
REQ001993,612858,Muthagada Halli,Bangalore,KARNATAKA,Waste Management,Waste is accumulating near residential areas and temple road.,English,Medium,2026-08-03T11:13,Synthetic Demo Data
REQ001994,612858,Muthagada Halli,Bangalore,KARNATAKA,Education,The village needs improved educational facilities and playground repair.,English,High,2026-08-21T17:49,Synthetic Demo Data
REQ001995,612858,Muthagada Halli,Bangalore,KARNATAKA,Electricity,People are requesting more reliable power supply without frequent cuts.,English,High,2026-09-17T13:20,Synthetic Demo Data
REQ001996,612858,Muthagada Halli,Bangalore,KARNATAKA,Banking,"ಬ್ಯಾಂಕಿಂಗ್ ಸೇವೆಗೆ 10 ಕಿ.ಮೀ ದೂರ ಹೋಗಬೇಕಾಗಿದ್ದು, ಸ್ಥಳೀಯ ಕಿಯೋಸ್ಕ್ ಅಗತ್ಯವಿದೆ.",Kannada,High,2026-08-21T16:39,Synthetic Demo Data
REQ001997,612859,Madappanahalli,Bangalore,KARNATAKA,Healthcare,ಸಂಜೆ 5 ರ ನಂತರ ಸಮೀಪದ ಆರೋಗ್ಯ ಕೇಂದ್ರಕ್ಕೆ ಹೋಗಲು ಕಷ್ಟವಾಗುತ್ತಿದೆ.,Kannada,High,2026-09-01T17:21,Synthetic Demo Data
REQ001998,612859,Madappanahalli,Bangalore,KARNATAKA,Electricity,People are requesting more reliable power supply without frequent cuts.,English,Low,2026-08-11T06:07,Synthetic Demo Data
REQ001999,612859,Madappanahalli,Bangalore,KARNATAKA,Waste Management,ಮನೆ ಮನೆಗೆ ತೆರಳಿ ಕಸ ಸಂಗ್ರಹಿಸುವ ವ್ಯವಸ್ಥೆ ಬೇಕು ಎಂದು ನಿವಾಸಿಗಳು ಕೋರುತ್ತಿದ್ದಾರೆ.,Kannada,Medium,2026-09-10T15:48,Synthetic Demo Data
REQ002000,612859,Madappanahalli,Bangalore,KARNATAKA,Education,ಗ್ರಾಮದ ಶಾಲಾ ಆವರಣ ಹಾಗೂ ಆಟದ ಮೈದಾನ ದುರಸ್ತಿ ಮಾಡಬೇಕಾಗಿದೆ.,Kannada,Medium,2026-07-26T08:05,Synthetic Demo Data
REQ002001,612859,Madappanahalli,Bangalore,KARNATAKA,Public Transport,People are requesting more reliable BMTC/KSRTC public transport services.,English,Medium,2026-08-03T10:45,Synthetic Demo Data
REQ002002,612859,Madappanahalli,Bangalore,KARNATAKA,Road,ಗ್ರಾಮದ ಮುಖ್ಯ ರಸ್ತೆ ಹಾಳಾಗಿದ್ದು ಸಂಚಾರಕ್ಕೆ ತೊಂದರೆಯಾಗಿದೆ.,Kannada,Low,2026-07-14T15:39,Synthetic Demo Data
REQ002003,612859,Madappanahalli,Bangalore,KARNATAKA,Education,ಬಸ್ ಕೊರತೆಯಿಂದ ವಿದ್ಯಾರ್ಥಿಗಳಿಗೆ ಪ್ರೌಢಶಾಲೆಗೆ ಹೋಗಲು ತೊಂದರೆಯಾಗಿದೆ.,Kannada,Medium,2026-07-06T13:35,Synthetic Demo Data
REQ002004,612859,Madappanahalli,Bangalore,KARNATAKA,Waste Management,गांव में कचरा समय पर नहीं उठाया जा रहा है।,Hindi,Medium,2026-07-29T13:56,Synthetic Demo Data
REQ002005,612859,Madappanahalli,Bangalore,KARNATAKA,Waste Management,Garbage is not being collected regularly in residential lanes.,English,High,2026-08-07T13:01,Synthetic Demo Data
REQ002006,612859,Madappanahalli,Bangalore,KARNATAKA,Banking,ಗ್ರಾಮದಲ್ಲಿ ಬ್ಯಾಂಕ್ ಸೇವೆಗಳು ಮತ್ತು ಸಾಲ ಸೌಲಭ್ಯಗಳು ಸುಲಭವಾಗಿ ಸಿಗುತ್ತಿಲ್ಲ.,Kannada,Medium,2026-09-09T12:26,Synthetic Demo Data
REQ002007,612859,Madappanahalli,Bangalore,KARNATAKA,Waste Management,ವಸತಿ ಪ್ರದೇಶಗಳ ಬಳಿ ಕಸ ಶೇಖರಣೆಯಾಗುತ್ತಿದೆ.,Kannada,Medium,2026-08-19T14:45,Synthetic Demo Data
REQ002008,612859,Madappanahalli,Bangalore,KARNATAKA,Electricity,ವೋಲ್ಟೇಜ್ ಏರಿಳಿತದಿಂದ ಪಂಪ್‌ಸೆಟ್‌ಗಳಿಗೆ ತೊಂದರೆಯಾಗುತ್ತಿದೆ.,Kannada,Medium,2026-08-16T13:20,Synthetic Demo Data
REQ002009,612859,Madappanahalli,Bangalore,KARNATAKA,Healthcare,ಸ್ಥಳೀಯ ಆರೋಗ್ಯ ಸೇವೆಗಳು ಮತ್ತು ಔಷಧಿಗಳ ಲಭ್ಯತೆಯನ್ನು ಸುಧಾರಿಸಲು ವಿನಂತಿ.,Kannada,High,2026-08-01T10:06,Synthetic Demo Data
REQ002010,612859,Madappanahalli,Bangalore,KARNATAKA,Banking,Residents have limited access to nearby banking services and have to travel 10 km.,English,Medium,2026-09-07T16:06,Synthetic Demo Data
REQ002011,612859,Madappanahalli,Bangalore,KARNATAKA,Electricity,The village needs improved electricity infrastructure and street lighting.,English,High,2026-09-09T13:29,Synthetic Demo Data
REQ002012,612859,Madappanahalli,Bangalore,KARNATAKA,Waste Management,Waste is accumulating near residential areas and temple road.,English,Medium,2026-09-02T19:04,Synthetic Demo Data
REQ002013,612859,Madappanahalli,Bangalore,KARNATAKA,Banking,"ಬ್ಯಾಂಕಿಂಗ್ ಸೇವೆಗೆ 10 ಕಿ.ಮೀ ದೂರ ಹೋಗಬೇಕಾಗಿದ್ದು, ಸ್ಥಳೀಯ ಕಿಯೋಸ್ಕ್ ಅಗತ್ಯವಿದೆ.",Kannada,Medium,2026-07-08T17:30,Synthetic Demo Data
REQ002014,612860,Krishnarajapura,Bangalore,KARNATAKA,Banking,"ಬ್ಯಾಂಕಿಂಗ್ ಸೇವೆಗೆ 10 ಕಿ.ಮೀ ದೂರ ಹೋಗಬೇಕಾಗಿದ್ದು, ಸ್ಥಳೀಯ ಕಿಯೋಸ್ಕ್ ಅಗತ್ಯವಿದೆ.",Kannada,Medium,2026-08-05T14:57,Synthetic Demo Data
REQ002015,612860,Krishnarajapura,Bangalore,KARNATAKA,Public Transport,Residents report limited public transport access to metro/train stations.,English,Medium,2026-07-18T18:13,Synthetic Demo Data
REQ002016,612860,Krishnarajapura,Bangalore,KARNATAKA,Digital Connectivity,ಗ್ರಾಮದ ಒಳಭಾಗದಲ್ಲಿ ಮೊಬೈಲ್ ನೆಟ್‌ವರ್ಕ್ ಸಿಗುತ್ತಿಲ್ಲ.,Kannada,Medium,2026-08-12T13:36,Synthetic Demo Data
REQ002017,612860,Krishnarajapura,Bangalore,KARNATAKA,Electricity,ವೋಲ್ಟೇಜ್ ಏರಿಳಿತದಿಂದ ಪಂಪ್‌ಸೆಟ್‌ಗಳಿಗೆ ತೊಂದರೆಯಾಗುತ್ತಿದೆ.,Kannada,High,2026-09-08T16:55,Synthetic Demo Data
REQ002018,612860,Krishnarajapura,Bangalore,KARNATAKA,Water,Water supply pressure is insufficient for residents on higher lanes.,English,Medium,2026-09-14T09:49,Synthetic Demo Data
REQ002019,612860,Krishnarajapura,Bangalore,KARNATAKA,Banking,Residents have limited access to nearby banking services and have to travel 10 km.,English,Medium,2026-07-21T12:15,Synthetic Demo Data
REQ002020,612860,Krishnarajapura,Bangalore,KARNATAKA,Banking,People are requesting easier access to ATM or banking kiosk services.,English,Low,2026-07-04T21:46,Synthetic Demo Data
REQ002021,612860,Krishnarajapura,Bangalore,KARNATAKA,Drainage,ಚರಂಡಿ ಕೊರತೆಯಿಂದ ನೀರು ನಿಂತು ಸೊಳ್ಳೆಗಳ ಕಾಟ ಹೆಚ್ಚಾಗಿದೆ.,Kannada,Medium,2026-08-19T19:24,Synthetic Demo Data
REQ002022,612860,Krishnarajapura,Bangalore,KARNATAKA,Digital Connectivity,ಹೈಸ್ಪೀಡ್ ಇಂಟರ್ನೆಟ್ ಮತ್ತು ಸಿಎಸ್ಸಿ ಸೇವೆಗಳು ಲಭ್ಯವಿಲ್ಲ.,Kannada,High,2026-08-09T17:11,Synthetic Demo Data
REQ002023,612860,Krishnarajapura,Bangalore,KARNATAKA,Digital Connectivity,Residents have limited access to high-speed internet and CSC services.,English,High,2026-08-03T18:12,Synthetic Demo Data
REQ002024,612861,Mylappanahalli,Bangalore,KARNATAKA,Waste Management,गांव में कचरा समय पर नहीं उठाया जा रहा है।,Hindi,High,2026-08-27T09:33,Synthetic Demo Data
REQ002025,612861,Mylappanahalli,Bangalore,KARNATAKA,Waste Management,Garbage is not being collected regularly in residential lanes.,English,Low,2026-07-08T17:06,Synthetic Demo Data
REQ002026,612861,Mylappanahalli,Bangalore,KARNATAKA,Waste Management,गांव में कचरा समय पर नहीं उठाया जा रहा है।,Hindi,High,2026-08-11T18:19,Synthetic Demo Data
REQ002027,612861,Mylappanahalli,Bangalore,KARNATAKA,Water,Water supply pressure is insufficient for residents on higher lanes.,English,Medium,2026-07-09T11:12,Synthetic Demo Data
REQ002028,612861,Mylappanahalli,Bangalore,KARNATAKA,Digital Connectivity,ಗ್ರಾಮದ ಒಳಭಾಗದಲ್ಲಿ ಮೊಬೈಲ್ ನೆಟ್‌ವರ್ಕ್ ಸಿಗುತ್ತಿಲ್ಲ.,Kannada,High,2026-08-14T09:55,Synthetic Demo Data
REQ002029,612861,Mylappanahalli,Bangalore,KARNATAKA,Digital Connectivity,ಹೈಸ್ಪೀಡ್ ಇಂಟರ್ನೆಟ್ ಮತ್ತು ಸಿಎಸ್ಸಿ ಸೇವೆಗಳು ಲಭ್ಯವಿಲ್ಲ.,Kannada,Medium,2026-08-26T11:32,Synthetic Demo Data
REQ002030,612861,Mylappanahalli,Bangalore,KARNATAKA,Waste Management,Garbage is not being collected regularly in residential lanes.,English,Medium,2026-09-07T09:51,Synthetic Demo Data
REQ002031,612861,Mylappanahalli,Bangalore,KARNATAKA,Banking,People are requesting easier access to ATM or banking kiosk services.,English,High,2026-07-24T11:57,Synthetic Demo Data
REQ002032,612861,Mylappanahalli,Bangalore,KARNATAKA,Drainage,ಭಾರೀ ಮಳೆಯಾದಾಗ ಚರಂಡಿ ಉಕ್ಕಿ ಶಾಲೆ ಬಳಿ ನೀರು ನಿಲ್ಲುತ್ತದೆ.,Kannada,Low,2026-08-13T20:59,Synthetic Demo Data
REQ002033,612861,Mylappanahalli,Bangalore,KARNATAKA,Digital Connectivity,Residents have limited access to high-speed internet and CSC services.,English,Low,2026-09-09T08:21,Synthetic Demo Data
REQ002034,612861,Mylappanahalli,Bangalore,KARNATAKA,Waste Management,ವಸತಿ ಪ್ರದೇಶಗಳ ಬಳಿ ಕಸ ಶೇಖರಣೆಯಾಗುತ್ತಿದೆ.,Kannada,High,2026-08-21T07:22,Synthetic Demo Data
REQ002035,612861,Mylappanahalli,Bangalore,KARNATAKA,Water,पीने के साफ पानी की व्यवस्था की जाए।,Hindi,Low,2026-09-14T09:54,Synthetic Demo Data
REQ002036,612861,Mylappanahalli,Bangalore,KARNATAKA,Healthcare,Residents have limited access to a nearby health facility after 5 PM.,English,Low,2026-09-11T18:48,Synthetic Demo Data
REQ002037,612861,Mylappanahalli,Bangalore,KARNATAKA,Healthcare,ಸಂಜೆ 5 ರ ನಂತರ ಸಮೀಪದ ಆರೋಗ್ಯ ಕೇಂದ್ರಕ್ಕೆ ಹೋಗಲು ಕಷ್ಟವಾಗುತ್ತಿದೆ.,Kannada,High,2026-07-26T15:40,Synthetic Demo Data
REQ002038,612861,Mylappanahalli,Bangalore,KARNATAKA,Healthcare,ನಮ್ಮ ಗ್ರಾಮಕ್ಕೆ ಪ್ರಾಥಮಿಕ ಆರೋಗ್ಯ ಕೇಂದ್ರದ ಸುಲಭ ಪ್ರವೇಶ ಬೇಕಾಗಿದೆ.,Kannada,Medium,2026-09-01T09:20,Synthetic Demo Data
REQ002039,612861,Mylappanahalli,Bangalore,KARNATAKA,Education,Residents are requesting better facilities and computers in the local school.,English,Medium,2026-08-06T07:33,Synthetic Demo Data
REQ002040,612862,Lingarajapura,Bangalore,KARNATAKA,Banking,ಎಟಿಎಂ ಅಥವಾ ಗ್ರಾಮ ಬ್ಯಾಂಕಿಂಗ್ ಸೇವೆ ಒದಗಿಸಲು ಸಾರ್ವಜನಿಕರ ಮನವಿ.,Kannada,High,2026-09-14T11:41,Synthetic Demo Data
REQ002041,612862,Lingarajapura,Bangalore,KARNATAKA,Road,ಗ್ರಾಮದ ಮುಖ್ಯ ರಸ್ತೆ ಹಾಳಾಗಿದ್ದು ಸಂಚಾರಕ್ಕೆ ತೊಂದರೆಯಾಗಿದೆ.,Kannada,High,2026-08-08T18:12,Synthetic Demo Data
REQ002042,612862,Lingarajapura,Bangalore,KARNATAKA,Road,ಮಳೆಗಾಲದಲ್ಲಿ ರಸ್ತೆಯಲ್ಲಿ ನೀರು ನಿಂತು ವಾಹನ ಚಾಲನೆ ಕಷ್ಟವಾಗುತ್ತದೆ.,Kannada,Low,2026-09-04T11:32,Synthetic Demo Data
REQ002043,612862,Lingarajapura,Bangalore,KARNATAKA,Road,The main approach road near the village is damaged and difficult to use.,English,High,2026-07-24T13:45,Synthetic Demo Data
REQ002044,612862,Lingarajapura,Bangalore,KARNATAKA,Road,Residents are requesting improvement of road connectivity to the taluk center.,English,High,2026-09-17T06:02,Synthetic Demo Data
REQ002045,612862,Lingarajapura,Bangalore,KARNATAKA,Banking,"ಬ್ಯಾಂಕಿಂಗ್ ಸೇವೆಗೆ 10 ಕಿ.ಮೀ ದೂರ ಹೋಗಬೇಕಾಗಿದ್ದು, ಸ್ಥಳೀಯ ಕಿಯೋಸ್ಕ್ ಅಗತ್ಯವಿದೆ.",Kannada,High,2026-08-07T06:57,Synthetic Demo Data
REQ002046,612862,Lingarajapura,Bangalore,KARNATAKA,Waste Management,Waste is accumulating near residential areas and temple road.,English,Low,2026-08-19T13:23,Synthetic Demo Data
REQ002047,612862,Lingarajapura,Bangalore,KARNATAKA,Banking,ಎಟಿಎಂ ಅಥವಾ ಗ್ರಾಮ ಬ್ಯಾಂಕಿಂಗ್ ಸೇವೆ ಒದಗಿಸಲು ಸಾರ್ವಜನಿಕರ ಮನವಿ.,Kannada,High,2026-08-01T14:56,Synthetic Demo Data
REQ002048,612862,Lingarajapura,Bangalore,KARNATAKA,Banking,Residents have limited access to nearby banking services and have to travel 10 km.,English,Low,2026-08-09T12:56,Synthetic Demo Data
REQ002049,612862,Lingarajapura,Bangalore,KARNATAKA,Digital Connectivity,Residents have limited access to high-speed internet and CSC services.,English,Medium,2026-08-23T19:24,Synthetic Demo Data
REQ002050,612862,Lingarajapura,Bangalore,KARNATAKA,Waste Management,Waste is accumulating near residential areas and temple road.,English,High,2026-07-02T18:02,Synthetic Demo Data
REQ002051,612863,Shivakote,Bangalore,KARNATAKA,Public Transport,ವಿಶ್ವಾಸಾರ್ಹ ಸಾರಿಗೆ ಬಸ್ ಸೇವೆಗಳನ್ನು ಹೆಚ್ಚಿಸಲು ವಿನಂತಿ.,Kannada,Medium,2026-07-10T09:07,Synthetic Demo Data
REQ002052,612863,Shivakote,Bangalore,KARNATAKA,Waste Management,Garbage is not being collected regularly in residential lanes.,English,High,2026-08-11T11:47,Synthetic Demo Data
REQ002053,612863,Shivakote,Bangalore,KARNATAKA,Waste Management,Residents are requesting a better door-to-door waste collection system.,English,Medium,2026-09-07T15:18,Synthetic Demo Data
REQ002054,612863,Shivakote,Bangalore,KARNATAKA,Banking,ಎಟಿಎಂ ಅಥವಾ ಗ್ರಾಮ ಬ್ಯಾಂಕಿಂಗ್ ಸೇವೆ ಒದಗಿಸಲು ಸಾರ್ವಜನಿಕರ ಮನವಿ.,Kannada,Medium,2026-07-26T08:35,Synthetic Demo Data
REQ002055,612863,Shivakote,Bangalore,KARNATAKA,Banking,"ಬ್ಯಾಂಕಿಂಗ್ ಸೇವೆಗೆ 10 ಕಿ.ಮೀ ದೂರ ಹೋಗಬೇಕಾಗಿದ್ದು, ಸ್ಥಳೀಯ ಕಿಯೋಸ್ಕ್ ಅಗತ್ಯವಿದೆ.",Kannada,Low,2026-08-30T21:06,Synthetic Demo Data
REQ002056,612863,Shivakote,Bangalore,KARNATAKA,Drainage,ಚರಂಡಿ ಕೊರತೆಯಿಂದ ನೀರು ನಿಂತು ಸೊಳ್ಳೆಗಳ ಕಾಟ ಹೆಚ್ಚಾಗಿದೆ.,Kannada,High,2026-07-09T13:27,Synthetic Demo Data
REQ002057,612863,Shivakote,Bangalore,KARNATAKA,Education,ಬಸ್ ಕೊರತೆಯಿಂದ ವಿದ್ಯಾರ್ಥಿಗಳಿಗೆ ಪ್ರೌಢಶಾಲೆಗೆ ಹೋಗಲು ತೊಂದರೆಯಾಗಿದೆ.,Kannada,Medium,2026-07-06T12:49,Synthetic Demo Data
REQ002058,612863,Shivakote,Bangalore,KARNATAKA,Waste Management,ಮನೆ ಮನೆಗೆ ತೆರಳಿ ಕಸ ಸಂಗ್ರಹಿಸುವ ವ್ಯವಸ್ಥೆ ಬೇಕು ಎಂದು ನಿವಾಸಿಗಳು ಕೋರುತ್ತಿದ್ದಾರೆ.,Kannada,High,2026-07-20T16:55,Synthetic Demo Data
REQ002059,612863,Shivakote,Bangalore,KARNATAKA,Banking,The village needs better access to banking facilities and loan services.,English,Medium,2026-07-08T18:24,Synthetic Demo Data
REQ002060,612863,Shivakote,Bangalore,KARNATAKA,Waste Management,ಕಸವನ್ನು ನಿಯಮಿತವಾಗಿ ವಿಲೇವಾರಿ ಮಾಡಲಾಗುತ್ತಿಲ್ಲ.,Kannada,High,2026-07-25T16:42,Synthetic Demo Data
REQ002061,612863,Shivakote,Bangalore,KARNATAKA,Public Transport,ಮೆಟ್ರೋ ನಿಲ್ದಾಣಕ್ಕೆ ನೇರ ಬಸ್ ಸಂಪರ್ಕ ಕಲ್ಪಿಸಲು ಗ್ರಾಮಸ್ಥರ ಕೋರಿಕೆ.,Kannada,High,2026-08-01T15:35,Synthetic Demo Data
REQ002062,612863,Shivakote,Bangalore,KARNATAKA,Waste Management,ವಸತಿ ಪ್ರದೇಶಗಳ ಬಳಿ ಕಸ ಶೇಖರಣೆಯಾಗುತ್ತಿದೆ.,Kannada,High,2026-07-09T19:33,Synthetic Demo Data
REQ002063,612863,Shivakote,Bangalore,KARNATAKA,Healthcare,The village needs easier access to primary healthcare center.,English,Medium,2026-08-11T17:02,Synthetic Demo Data
REQ002064,612863,Shivakote,Bangalore,KARNATAKA,Waste Management,ಕಸವನ್ನು ನಿಯಮಿತವಾಗಿ ವಿಲೇವಾರಿ ಮಾಡಲಾಗುತ್ತಿಲ್ಲ.,Kannada,High,2026-07-01T07:52,Synthetic Demo Data
REQ002065,612863,Shivakote,Bangalore,KARNATAKA,Healthcare,The village needs easier access to primary healthcare center.,English,Medium,2026-07-05T08:01,Synthetic Demo Data
REQ002066,612863,Shivakote,Bangalore,KARNATAKA,Digital Connectivity,The village needs better mobile network coverage in interior areas.,English,Medium,2026-08-06T18:28,Synthetic Demo Data
REQ002067,612863,Shivakote,Bangalore,KARNATAKA,Banking,ಗ್ರಾಮದಲ್ಲಿ ಬ್ಯಾಂಕ್ ಸೇವೆಗಳು ಮತ್ತು ಸಾಲ ಸೌಲಭ್ಯಗಳು ಸುಲಭವಾಗಿ ಸಿಗುತ್ತಿಲ್ಲ.,Kannada,Medium,2026-08-14T20:30,Synthetic Demo Data
REQ002068,612863,Shivakote,Bangalore,KARNATAKA,Banking,"ಬ್ಯಾಂಕಿಂಗ್ ಸೇವೆಗೆ 10 ಕಿ.ಮೀ ದೂರ ಹೋಗಬೇಕಾಗಿದ್ದು, ಸ್ಥಳೀಯ ಕಿಯೋಸ್ಕ್ ಅಗತ್ಯವಿದೆ.",Kannada,Low,2026-07-29T10:18,Synthetic Demo Data
REQ002069,612863,Shivakote,Bangalore,KARNATAKA,Digital Connectivity,ಹೈಸ್ಪೀಡ್ ಇಂಟರ್ನೆಟ್ ಮತ್ತು ಸಿಎಸ್ಸಿ ಸೇವೆಗಳು ಲಭ್ಯವಿಲ್ಲ.,Kannada,Low,2026-07-21T17:47,Synthetic Demo Data
REQ002070,612863,Shivakote,Bangalore,KARNATAKA,Water,Residents report difficulty getting reliable drinking water in summer.,English,High,2026-08-22T13:25,Synthetic Demo Data
REQ002071,612863,Shivakote,Bangalore,KARNATAKA,Drainage,Drainage overflows during heavy rain and causes waterlogging near the school.,English,Low,2026-08-23T19:29,Synthetic Demo Data
REQ002072,612864,Ivar Kandapura,Bangalore,KARNATAKA,Digital Connectivity,ಹೈಸ್ಪೀಡ್ ಇಂಟರ್ನೆಟ್ ಮತ್ತು ಸಿಎಸ್ಸಿ ಸೇವೆಗಳು ಲಭ್ಯವಿಲ್ಲ.,Kannada,Medium,2026-08-13T16:42,Synthetic Demo Data
REQ002073,612864,Ivar Kandapura,Bangalore,KARNATAKA,Healthcare,The village needs easier access to primary healthcare center.,English,High,2026-07-25T12:55,Synthetic Demo Data
REQ002074,612864,Ivar Kandapura,Bangalore,KARNATAKA,Digital Connectivity,Residents have limited access to high-speed internet and CSC services.,English,Low,2026-09-09T19:23,Synthetic Demo Data
REQ002075,612864,Ivar Kandapura,Bangalore,KARNATAKA,Education,ಬಸ್ ಕೊರತೆಯಿಂದ ವಿದ್ಯಾರ್ಥಿಗಳಿಗೆ ಪ್ರೌಢಶಾಲೆಗೆ ಹೋಗಲು ತೊಂದರೆಯಾಗಿದೆ.,Kannada,Medium,2026-09-08T20:19,Synthetic Demo Data
REQ002076,612864,Ivar Kandapura,Bangalore,KARNATAKA,Electricity,बिजली की बार-बार कटौती से लोग परेशान हैं।,Hindi,Medium,2026-07-26T12:21,Synthetic Demo Data
REQ002077,612864,Ivar Kandapura,Bangalore,KARNATAKA,Healthcare,ಸಂಜೆ 5 ರ ನಂತರ ಸಮೀಪದ ಆರೋಗ್ಯ ಕೇಂದ್ರಕ್ಕೆ ಹೋಗಲು ಕಷ್ಟವಾಗುತ್ತಿದೆ.,Kannada,Low,2026-08-25T11:28,Synthetic Demo Data
REQ002078,612864,Ivar Kandapura,Bangalore,KARNATAKA,Water,ಮೇಲ್ಭಾಗದ ಬಡಾವಣೆಗಳಿಗೆ ನೀರಿನ ಸರಬರಾಜು ಒತ್ತಡ ಸಾಲುತ್ತಿಲ್ಲ.,Kannada,Medium,2026-08-04T10:41,Synthetic Demo Data
REQ002079,612864,Ivar Kandapura,Bangalore,KARNATAKA,Healthcare,The village needs easier access to primary healthcare center.,English,High,2026-08-10T20:15,Synthetic Demo Data
REQ002080,612864,Ivar Kandapura,Bangalore,KARNATAKA,Electricity,ವೋಲ್ಟೇಜ್ ಏರಿಳಿತದಿಂದ ಪಂಪ್‌ಸೆಟ್‌ಗಳಿಗೆ ತೊಂದರೆಯಾಗುತ್ತಿದೆ.,Kannada,High,2026-09-17T07:43,Synthetic Demo Data
REQ002081,612864,Ivar Kandapura,Bangalore,KARNATAKA,Drainage,ಭಾರೀ ಮಳೆಯಾದಾಗ ಚರಂಡಿ ಉಕ್ಕಿ ಶಾಲೆ ಬಳಿ ನೀರು ನಿಲ್ಲುತ್ತದೆ.,Kannada,High,2026-07-07T16:54,Synthetic Demo Data
REQ002082,612864,Ivar Kandapura,Bangalore,KARNATAKA,Drainage,Poor drainage is causing stagnant water and mosquito breeding in the village.,English,High,2026-07-20T12:19,Synthetic Demo Data
REQ002083,612864,Ivar Kandapura,Bangalore,KARNATAKA,Electricity,ವೋಲ್ಟೇಜ್ ಏರಿಳಿತದಿಂದ ಪಂಪ್‌ಸೆಟ್‌ಗಳಿಗೆ ತೊಂದರೆಯಾಗುತ್ತಿದೆ.,Kannada,Medium,2026-08-27T21:21,Synthetic Demo Data
REQ002084,612864,Ivar Kandapura,Bangalore,KARNATAKA,Digital Connectivity,ಗ್ರಾಮ ಪಂಚಾಯತ್ ವ್ಯಾಪ್ತಿಯಲ್ಲಿ ಬಾಪೂಜಿ ಸೇವಾ ಕೇಂದ್ರ / ಡಿಜಿಟಲ್ ಕೇಂದ್ರ ಬೇಕು.,Kannada,Low,2026-07-21T10:10,Synthetic Demo Data
REQ002085,612864,Ivar Kandapura,Bangalore,KARNATAKA,Healthcare,ಸ್ಥಳೀಯ ಆರೋಗ್ಯ ಸೇವೆಗಳು ಮತ್ತು ಔಷಧಿಗಳ ಲಭ್ಯತೆಯನ್ನು ಸುಧಾರಿಸಲು ವಿನಂತಿ.,Kannada,Medium,2026-09-10T21:44,Synthetic Demo Data
REQ002086,612864,Ivar Kandapura,Bangalore,KARNATAKA,Banking,People are requesting easier access to ATM or banking kiosk services.,English,Low,2026-07-19T20:06,Synthetic Demo Data
REQ002087,612864,Ivar Kandapura,Bangalore,KARNATAKA,Public Transport,ಮೆಟ್ರೋ ನಿಲ್ದಾಣಕ್ಕೆ ನೇರ ಬಸ್ ಸಂಪರ್ಕ ಕಲ್ಪಿಸಲು ಗ್ರಾಮಸ್ಥರ ಕೋರಿಕೆ.,Kannada,Medium,2026-08-31T11:49,Synthetic Demo Data
REQ002088,612864,Ivar Kandapura,Bangalore,KARNATAKA,Water,The village needs improved access to safe drinking water RO plant.,English,Low,2026-09-13T11:28,Synthetic Demo Data
REQ002089,612864,Ivar Kandapura,Bangalore,KARNATAKA,Electricity,बिजली की बार-बार कटौती से लोग परेशान हैं।,Hindi,Medium,2026-08-13T08:56,Synthetic Demo Data
REQ002090,612864,Ivar Kandapura,Bangalore,KARNATAKA,Healthcare,ಸ್ಥಳೀಯ ಆರೋಗ್ಯ ಸೇವೆಗಳು ಮತ್ತು ಔಷಧಿಗಳ ಲಭ್ಯತೆಯನ್ನು ಸುಧಾರಿಸಲು ವಿನಂತಿ.,Kannada,High,2026-08-20T10:07,Synthetic Demo Data
REQ002091,612864,Ivar Kandapura,Bangalore,KARNATAKA,Banking,Residents have limited access to nearby banking services and have to travel 10 km.,English,High,2026-08-11T15:45,Synthetic Demo Data
REQ002092,612864,Ivar Kandapura,Bangalore,KARNATAKA,Public Transport,Residents report limited public transport access to metro/train stations.,English,Medium,2026-09-02T06:39,Synthetic Demo Data
REQ002093,612864,Ivar Kandapura,Bangalore,KARNATAKA,Electricity,ಪದೇ ಪದೇ ವಿದ್ಯುತ್ ಕಡಿತವಾಗದಂತೆ ನಿರಂತರ ವಿದ್ಯುತ್ ನೀಡಲು ವಿನಂತಿ.,Kannada,Medium,2026-08-02T12:32,Synthetic Demo Data
REQ002094,612865,Hesaraghatta,Bangalore,KARNATAKA,Waste Management,ಕಸವನ್ನು ನಿಯಮಿತವಾಗಿ ವಿಲೇವಾರಿ ಮಾಡಲಾಗುತ್ತಿಲ್ಲ.,Kannada,Medium,2026-07-22T07:41,Synthetic Demo Data
REQ002095,612865,Hesaraghatta,Bangalore,KARNATAKA,Waste Management,ವಸತಿ ಪ್ರದೇಶಗಳ ಬಳಿ ಕಸ ಶೇಖರಣೆಯಾಗುತ್ತಿದೆ.,Kannada,Low,2026-08-13T07:17,Synthetic Demo Data
REQ002096,612865,Hesaraghatta,Bangalore,KARNATAKA,Digital Connectivity,Residents have limited access to high-speed internet and CSC services.,English,Medium,2026-08-12T07:08,Synthetic Demo Data
REQ002097,612865,Hesaraghatta,Bangalore,KARNATAKA,Electricity,People are requesting more reliable power supply without frequent cuts.,English,Medium,2026-07-03T15:24,Synthetic Demo Data
REQ002098,612865,Hesaraghatta,Bangalore,KARNATAKA,Waste Management,ವಸತಿ ಪ್ರದೇಶಗಳ ಬಳಿ ಕಸ ಶೇಖರಣೆಯಾಗುತ್ತಿದೆ.,Kannada,High,2026-08-04T18:21,Synthetic Demo Data
REQ002099,612865,Hesaraghatta,Bangalore,KARNATAKA,Road,ತಾಲೂಕು ಕೇಂದ್ರಕ್ಕೆ ಸಂಪರ್ಕ ಕಲ್ಪಿಸುವ ರಸ್ತೆ ಸುಧಾರಣೆಗೆ ಗ್ರಾಮಸ್ಥರ ಮನವಿ.,Kannada,Medium,2026-08-13T10:22,Synthetic Demo Data
REQ002100,612865,Hesaraghatta,Bangalore,KARNATAKA,Digital Connectivity,Residents have limited access to high-speed internet and CSC services.,English,High,2026-07-11T20:58,Synthetic Demo Data
REQ002101,612865,Hesaraghatta,Bangalore,KARNATAKA,Education,Residents are requesting better facilities and computers in the local school.,English,Low,2026-07-15T06:51,Synthetic Demo Data
REQ002102,612865,Hesaraghatta,Bangalore,KARNATAKA,Drainage,Drainage overflows during heavy rain and causes waterlogging near the school.,English,High,2026-08-17T08:09,Synthetic Demo Data
REQ002103,612865,Hesaraghatta,Bangalore,KARNATAKA,Education,ಬಸ್ ಕೊರತೆಯಿಂದ ವಿದ್ಯಾರ್ಥಿಗಳಿಗೆ ಪ್ರೌಢಶಾಲೆಗೆ ಹೋಗಲು ತೊಂದರೆಯಾಗಿದೆ.,Kannada,Low,2026-07-02T06:47,Synthetic Demo Data
REQ002104,612865,Hesaraghatta,Bangalore,KARNATAKA,Public Transport,People are requesting more reliable BMTC/KSRTC public transport services.,English,High,2026-09-13T20:40,Synthetic Demo Data
REQ002105,612865,Hesaraghatta,Bangalore,KARNATAKA,Electricity,People are requesting more reliable power supply without frequent cuts.,English,Medium,2026-07-08T10:12,Synthetic Demo Data
REQ002106,612865,Hesaraghatta,Bangalore,KARNATAKA,Electricity,People are requesting more reliable power supply without frequent cuts.,English,High,2026-07-12T06:27,Synthetic Demo Data
REQ002107,612865,Hesaraghatta,Bangalore,KARNATAKA,Public Transport,ಬೆಳಿಗ್ಗೆ ಮತ್ತು ಸಂಜೆ ವೇಳೆಯಲ್ಲಿ ಹೆಚ್ಚಿನ ಬಸ್ ಸಂಚಾರ ಬೇಕಾಗಿದೆ.,Kannada,Medium,2026-08-19T16:40,Synthetic Demo Data
REQ002108,612865,Hesaraghatta,Bangalore,KARNATAKA,Education,ಬಸ್ ಕೊರತೆಯಿಂದ ವಿದ್ಯಾರ್ಥಿಗಳಿಗೆ ಪ್ರೌಢಶಾಲೆಗೆ ಹೋಗಲು ತೊಂದರೆಯಾಗಿದೆ.,Kannada,Medium,2026-09-02T11:30,Synthetic Demo Data
REQ002109,612865,Hesaraghatta,Bangalore,KARNATAKA,Waste Management,Garbage is not being collected regularly in residential lanes.,English,Medium,2026-09-03T06:05,Synthetic Demo Data
REQ002110,612865,Hesaraghatta,Bangalore,KARNATAKA,Waste Management,ಕಸವನ್ನು ನಿಯಮಿತವಾಗಿ ವಿಲೇವಾರಿ ಮಾಡಲಾಗುತ್ತಿಲ್ಲ.,Kannada,Low,2026-09-12T12:44,Synthetic Demo Data
REQ002111,612865,Hesaraghatta,Bangalore,KARNATAKA,Drainage,Drainage overflows during heavy rain and causes waterlogging near the school.,English,High,2026-08-11T13:10,Synthetic Demo Data
REQ002112,612865,Hesaraghatta,Bangalore,KARNATAKA,Road,Residents are requesting improvement of road connectivity to the taluk center.,English,Medium,2026-09-03T15:13,Synthetic Demo Data
REQ002113,612865,Hesaraghatta,Bangalore,KARNATAKA,Healthcare,Residents are requesting improved local healthcare access and medicine availability.,English,High,2026-07-01T14:18,Synthetic Demo Data
REQ002114,612865,Hesaraghatta,Bangalore,KARNATAKA,Digital Connectivity,ಗ್ರಾಮ ಪಂಚಾಯತ್ ವ್ಯಾಪ್ತಿಯಲ್ಲಿ ಬಾಪೂಜಿ ಸೇವಾ ಕೇಂದ್ರ / ಡಿಜಿಟಲ್ ಕೇಂದ್ರ ಬೇಕು.,Kannada,Medium,2026-07-08T19:05,Synthetic Demo Data
REQ002115,612865,Hesaraghatta,Bangalore,KARNATAKA,Education,Residents are requesting better facilities and computers in the local school.,English,High,2026-07-12T16:37,Synthetic Demo Data
REQ002116,612865,Hesaraghatta,Bangalore,KARNATAKA,Public Transport,People are requesting more reliable BMTC/KSRTC public transport services.,English,Medium,2026-07-09T14:46,Synthetic Demo Data
REQ002117,612865,Hesaraghatta,Bangalore,KARNATAKA,Public Transport,ವಿಶ್ವಾಸಾರ್ಹ ಸಾರಿಗೆ ಬಸ್ ಸೇವೆಗಳನ್ನು ಹೆಚ್ಚಿಸಲು ವಿನಂತಿ.,Kannada,Low,2026-08-17T21:19,Synthetic Demo Data
REQ002118,612865,Hesaraghatta,Bangalore,KARNATAKA,Digital Connectivity,ಗ್ರಾಮದ ಒಳಭಾಗದಲ್ಲಿ ಮೊಬೈಲ್ ನೆಟ್‌ವರ್ಕ್ ಸಿಗುತ್ತಿಲ್ಲ.,Kannada,High,2026-09-14T11:02,Synthetic Demo Data
REQ002119,612865,Hesaraghatta,Bangalore,KARNATAKA,Education,ಸ್ಥಳೀಯ ಸರ್ಕಾರಿ ಶಾಲೆಯಲ್ಲಿ ಕಂಪ್ಯೂಟರ್ ಹಾಗೂ ಶೌಚಾಲಯ ಸೌಲಭ್ಯ ಕಲ್ಪಿಸಲು ಮನವಿ.,Kannada,High,2026-08-21T20:55,Synthetic Demo Data
REQ002120,612865,Hesaraghatta,Bangalore,KARNATAKA,Electricity,ಪದೇ ಪದೇ ವಿದ್ಯುತ್ ಕಡಿತವಾಗದಂತೆ ನಿರಂತರ ವಿದ್ಯುತ್ ನೀಡಲು ವಿನಂತಿ.,Kannada,Medium,2026-08-19T19:01,Synthetic Demo Data
REQ002121,612865,Hesaraghatta,Bangalore,KARNATAKA,Electricity,Residents report voltage fluctuations affecting agriculture pump sets.,English,Low,2026-07-20T18:23,Synthetic Demo Data
REQ002122,612865,Hesaraghatta,Bangalore,KARNATAKA,Water,Water supply pressure is insufficient for residents on higher lanes.,English,Low,2026-07-20T11:13,Synthetic Demo Data
REQ002123,612865,Hesaraghatta,Bangalore,KARNATAKA,Drainage,ಭಾರೀ ಮಳೆಯಾದಾಗ ಚರಂಡಿ ಉಕ್ಕಿ ಶಾಲೆ ಬಳಿ ನೀರು ನಿಲ್ಲುತ್ತದೆ.,Kannada,High,2026-07-26T06:31,Synthetic Demo Data
REQ002124,612865,Hesaraghatta,Bangalore,KARNATAKA,Road,ಮಳೆಗಾಲದಲ್ಲಿ ರಸ್ತೆಯಲ್ಲಿ ನೀರು ನಿಂತು ವಾಹನ ಚಾಲನೆ ಕಷ್ಟವಾಗುತ್ತದೆ.,Kannada,High,2026-07-25T21:38,Synthetic Demo Data
REQ002125,612865,Hesaraghatta,Bangalore,KARNATAKA,Digital Connectivity,ಗ್ರಾಮ ಪಂಚಾಯತ್ ವ್ಯಾಪ್ತಿಯಲ್ಲಿ ಬಾಪೂಜಿ ಸೇವಾ ಕೇಂದ್ರ / ಡಿಜಿಟಲ್ ಕೇಂದ್ರ ಬೇಕು.,Kannada,Medium,2026-07-08T17:06,Synthetic Demo Data
REQ002126,612865,Hesaraghatta,Bangalore,KARNATAKA,Water,ಗ್ರಾಮಕ್ಕೆ ಶುದ್ಧ ಕುಡಿಯುವ ನೀರಿನ ಆರ್‌ಒ ಘಟಕದ ಅಗತ್ಯವಿದೆ.,Kannada,Medium,2026-07-19T13:33,Synthetic Demo Data
REQ002127,612865,Hesaraghatta,Bangalore,KARNATAKA,Banking,The village needs better access to banking facilities and loan services.,English,Medium,2026-08-09T11:21,Synthetic Demo Data
REQ002128,612865,Hesaraghatta,Bangalore,KARNATAKA,Education,Residents are requesting better facilities and computers in the local school.,English,Medium,2026-09-15T10:33,Synthetic Demo Data
REQ002129,612865,Hesaraghatta,Bangalore,KARNATAKA,Waste Management,Residents are requesting a better door-to-door waste collection system.,English,Low,2026-08-17T21:04,Synthetic Demo Data
REQ002130,612865,Hesaraghatta,Bangalore,KARNATAKA,Water,ಬೇಸಿಗೆಯಲ್ಲಿ ಶುದ್ಧ ಕುಡಿಯುವ ನೀರಿನ ಕೊರತೆ ಎದುರಾಗುತ್ತಿದೆ.,Kannada,High,2026-08-11T13:58,Synthetic Demo Data
REQ002131,612865,Hesaraghatta,Bangalore,KARNATAKA,Electricity,ವೋಲ್ಟೇಜ್ ಏರಿಳಿತದಿಂದ ಪಂಪ್‌ಸೆಟ್‌ಗಳಿಗೆ ತೊಂದರೆಯಾಗುತ್ತಿದೆ.,Kannada,Medium,2026-09-10T16:36,Synthetic Demo Data
REQ002132,612865,Hesaraghatta,Bangalore,KARNATAKA,Public Transport,The village needs better bus frequency during morning and evening hours.,English,Low,2026-09-12T13:45,Synthetic Demo Data
REQ002133,612865,Hesaraghatta,Bangalore,KARNATAKA,Education,ಬಸ್ ಕೊರತೆಯಿಂದ ವಿದ್ಯಾರ್ಥಿಗಳಿಗೆ ಪ್ರೌಢಶಾಲೆಗೆ ಹೋಗಲು ತೊಂದರೆಯಾಗಿದೆ.,Kannada,Medium,2026-08-30T06:20,Synthetic Demo Data
REQ002134,612865,Hesaraghatta,Bangalore,KARNATAKA,Education,ಬಸ್ ಕೊರತೆಯಿಂದ ವಿದ್ಯಾರ್ಥಿಗಳಿಗೆ ಪ್ರೌಢಶಾಲೆಗೆ ಹೋಗಲು ತೊಂದರೆಯಾಗಿದೆ.,Kannada,Medium,2026-07-11T21:29,Synthetic Demo Data
REQ002135,612865,Hesaraghatta,Bangalore,KARNATAKA,Education,The village needs improved educational facilities and playground repair.,English,High,2026-08-27T18:49,Synthetic Demo Data
REQ002136,612865,Hesaraghatta,Bangalore,KARNATAKA,Waste Management,Residents are requesting a better door-to-door waste collection system.,English,High,2026-07-08T21:15,Synthetic Demo Data
REQ002137,612865,Hesaraghatta,Bangalore,KARNATAKA,Waste Management,ವಸತಿ ಪ್ರದೇಶಗಳ ಬಳಿ ಕಸ ಶೇಖರಣೆಯಾಗುತ್ತಿದೆ.,Kannada,Low,2026-08-31T10:50,Synthetic Demo Data
REQ002138,612865,Hesaraghatta,Bangalore,KARNATAKA,Waste Management,ವಸತಿ ಪ್ರದೇಶಗಳ ಬಳಿ ಕಸ ಶೇಖರಣೆಯಾಗುತ್ತಿದೆ.,Kannada,Medium,2026-09-07T12:52,Synthetic Demo Data
REQ002139,612866,Guddadahalli,Bangalore,KARNATAKA,Banking,"ಬ್ಯಾಂಕಿಂಗ್ ಸೇವೆಗೆ 10 ಕಿ.ಮೀ ದೂರ ಹೋಗಬೇಕಾಗಿದ್ದು, ಸ್ಥಳೀಯ ಕಿಯೋಸ್ಕ್ ಅಗತ್ಯವಿದೆ.",Kannada,Medium,2026-08-07T07:47,Synthetic Demo Data
REQ002140,612866,Guddadahalli,Bangalore,KARNATAKA,Banking,"ಬ್ಯಾಂಕಿಂಗ್ ಸೇವೆಗೆ 10 ಕಿ.ಮೀ ದೂರ ಹೋಗಬೇಕಾಗಿದ್ದು, ಸ್ಥಳೀಯ ಕಿಯೋಸ್ಕ್ ಅಗತ್ಯವಿದೆ.",Kannada,High,2026-08-18T19:44,Synthetic Demo Data
REQ002141,612866,Guddadahalli,Bangalore,KARNATAKA,Banking,ಗ್ರಾಮದಲ್ಲಿ ಬ್ಯಾಂಕ್ ಸೇವೆಗಳು ಮತ್ತು ಸಾಲ ಸೌಲಭ್ಯಗಳು ಸುಲಭವಾಗಿ ಸಿಗುತ್ತಿಲ್ಲ.,Kannada,High,2026-08-07T06:01,Synthetic Demo Data
REQ002142,612866,Guddadahalli,Bangalore,KARNATAKA,Digital Connectivity,People are requesting a local digital service facility (Bapuji Seva Kendra).,English,Medium,2026-07-19T20:40,Synthetic Demo Data
REQ002143,612866,Guddadahalli,Bangalore,KARNATAKA,Road,ತಾಲೂಕು ಕೇಂದ್ರಕ್ಕೆ ಸಂಪರ್ಕ ಕಲ್ಪಿಸುವ ರಸ್ತೆ ಸುಧಾರಣೆಗೆ ಗ್ರಾಮಸ್ಥರ ಮನವಿ.,Kannada,Medium,2026-07-14T14:29,Synthetic Demo Data
REQ002144,612866,Guddadahalli,Bangalore,KARNATAKA,Waste Management,Waste is accumulating near residential areas and temple road.,English,High,2026-09-14T10:20,Synthetic Demo Data
REQ002145,612866,Guddadahalli,Bangalore,KARNATAKA,Banking,ಗ್ರಾಮದಲ್ಲಿ ಬ್ಯಾಂಕ್ ಸೇವೆಗಳು ಮತ್ತು ಸಾಲ ಸೌಲಭ್ಯಗಳು ಸುಲಭವಾಗಿ ಸಿಗುತ್ತಿಲ್ಲ.,Kannada,Medium,2026-08-17T10:20,Synthetic Demo Data
REQ002146,612866,Guddadahalli,Bangalore,KARNATAKA,Banking,ಎಟಿಎಂ ಅಥವಾ ಗ್ರಾಮ ಬ್ಯಾಂಕಿಂಗ್ ಸೇವೆ ಒದಗಿಸಲು ಸಾರ್ವಜನಿಕರ ಮನವಿ.,Kannada,Medium,2026-08-11T18:11,Synthetic Demo Data
REQ002147,612866,Guddadahalli,Bangalore,KARNATAKA,Waste Management,Garbage is not being collected regularly in residential lanes.,English,Medium,2026-08-11T07:56,Synthetic Demo Data
REQ002148,612866,Guddadahalli,Bangalore,KARNATAKA,Education,The village needs improved educational facilities and playground repair.,English,High,2026-07-09T08:08,Synthetic Demo Data
REQ002149,612866,Guddadahalli,Bangalore,KARNATAKA,Drainage,ವಸತಿ ಪ್ರದೇಶದ ಬಳಿ ಕಾಂಕ್ರೀಟ್ ಮುಚ್ಚಿದ ಚರಂಡಿ ನಿರ್ಮಿಸಲು ವಿನಂತಿ.,Kannada,High,2026-08-16T17:21,Synthetic Demo Data
REQ002150,612866,Guddadahalli,Bangalore,KARNATAKA,Drainage,ಭಾರೀ ಮಳೆಯಾದಾಗ ಚರಂಡಿ ಉಕ್ಕಿ ಶಾಲೆ ಬಳಿ ನೀರು ನಿಲ್ಲುತ್ತದೆ.,Kannada,Medium,2026-09-08T07:33,Synthetic Demo Data
REQ002151,612866,Guddadahalli,Bangalore,KARNATAKA,Road,The road becomes waterlogged and difficult to travel on during the rainy season.,English,High,2026-07-12T12:28,Synthetic Demo Data
REQ002152,612866,Guddadahalli,Bangalore,KARNATAKA,Waste Management,Waste is accumulating near residential areas and temple road.,English,High,2026-07-08T06:03,Synthetic Demo Data
REQ002153,612867,Bilijaji,Bangalore,KARNATAKA,Digital Connectivity,Residents have limited access to high-speed internet and CSC services.,English,High,2026-07-29T13:09,Synthetic Demo Data
REQ002154,612867,Bilijaji,Bangalore,KARNATAKA,Banking,ಗ್ರಾಮದಲ್ಲಿ ಬ್ಯಾಂಕ್ ಸೇವೆಗಳು ಮತ್ತು ಸಾಲ ಸೌಲಭ್ಯಗಳು ಸುಲಭವಾಗಿ ಸಿಗುತ್ತಿಲ್ಲ.,Kannada,High,2026-08-20T06:32,Synthetic Demo Data
REQ002155,612867,Bilijaji,Bangalore,KARNATAKA,Electricity,ಗ್ರಾಮದ ಪ್ರಮುಖ ರಸ್ತೆಗಳಲ್ಲಿ ಬೀದಿದೀಪಗಳ ಸೌಲಭ್ಯ ಕಲ್ಪಿಸಬೇಕಾಗಿದೆ.,Kannada,Medium,2026-08-23T08:02,Synthetic Demo Data
REQ002156,612867,Bilijaji,Bangalore,KARNATAKA,Waste Management,ಕಸವನ್ನು ನಿಯಮಿತವಾಗಿ ವಿಲೇವಾರಿ ಮಾಡಲಾಗುತ್ತಿಲ್ಲ.,Kannada,Medium,2026-07-01T17:44,Synthetic Demo Data
REQ002157,612867,Bilijaji,Bangalore,KARNATAKA,Drainage,Residents are requesting proper concrete covered drainage near residential areas.,English,Low,2026-07-22T18:13,Synthetic Demo Data
REQ002158,612867,Bilijaji,Bangalore,KARNATAKA,Waste Management,ಮನೆ ಮನೆಗೆ ತೆರಳಿ ಕಸ ಸಂಗ್ರಹಿಸುವ ವ್ಯವಸ್ಥೆ ಬೇಕು ಎಂದು ನಿವಾಸಿಗಳು ಕೋರುತ್ತಿದ್ದಾರೆ.,Kannada,Medium,2026-08-06T14:35,Synthetic Demo Data
REQ002159,612867,Bilijaji,Bangalore,KARNATAKA,Road,ಗ್ರಾಮದ ಮುಖ್ಯ ರಸ್ತೆ ಹಾಳಾಗಿದ್ದು ಸಂಚಾರಕ್ಕೆ ತೊಂದರೆಯಾಗಿದೆ.,Kannada,Medium,2026-08-02T16:12,Synthetic Demo Data
REQ002160,612867,Bilijaji,Bangalore,KARNATAKA,Road,ಗ್ರಾಮದ ಮುಖ್ಯ ರಸ್ತೆ ಹಾಳಾಗಿದ್ದು ಸಂಚಾರಕ್ಕೆ ತೊಂದರೆಯಾಗಿದೆ.,Kannada,Medium,2026-08-27T06:28,Synthetic Demo Data
REQ002161,612867,Bilijaji,Bangalore,KARNATAKA,Education,The village needs improved educational facilities and playground repair.,English,Medium,2026-07-27T11:07,Synthetic Demo Data
REQ002162,612867,Bilijaji,Bangalore,KARNATAKA,Water,Water supply pressure is insufficient for residents on higher lanes.,English,Low,2026-07-27T12:48,Synthetic Demo Data
REQ002163,612867,Bilijaji,Bangalore,KARNATAKA,Education,The village needs improved educational facilities and playground repair.,English,Medium,2026-09-14T15:23,Synthetic Demo Data
REQ002164,612867,Bilijaji,Bangalore,KARNATAKA,Healthcare,The village needs easier access to primary healthcare center.,English,Medium,2026-08-02T12:32,Synthetic Demo Data
REQ002165,612867,Bilijaji,Bangalore,KARNATAKA,Water,ಬೇಸಿಗೆಯಲ್ಲಿ ಶುದ್ಧ ಕುಡಿಯುವ ನೀರಿನ ಕೊರತೆ ಎದುರಾಗುತ್ತಿದೆ.,Kannada,Low,2026-07-27T21:46,Synthetic Demo Data
REQ002166,612867,Bilijaji,Bangalore,KARNATAKA,Healthcare,ಸಂಜೆ 5 ರ ನಂತರ ಸಮೀಪದ ಆರೋಗ್ಯ ಕೇಂದ್ರಕ್ಕೆ ಹೋಗಲು ಕಷ್ಟವಾಗುತ್ತಿದೆ.,Kannada,Medium,2026-07-22T21:30,Synthetic Demo Data
REQ002167,612867,Bilijaji,Bangalore,KARNATAKA,Education,ಗ್ರಾಮದ ಶಾಲಾ ಆವರಣ ಹಾಗೂ ಆಟದ ಮೈದಾನ ದುರಸ್ತಿ ಮಾಡಬೇಕಾಗಿದೆ.,Kannada,Low,2026-08-01T08:39,Synthetic Demo Data
REQ002168,612868,Kodagi Thirumalapura,Bangalore,KARNATAKA,Drainage,ಭಾರೀ ಮಳೆಯಾದಾಗ ಚರಂಡಿ ಉಕ್ಕಿ ಶಾಲೆ ಬಳಿ ನೀರು ನಿಲ್ಲುತ್ತದೆ.,Kannada,Medium,2026-07-02T14:59,Synthetic Demo Data
REQ002169,612868,Kodagi Thirumalapura,Bangalore,KARNATAKA,Water,ಮೇಲ್ಭಾಗದ ಬಡಾವಣೆಗಳಿಗೆ ನೀರಿನ ಸರಬರಾಜು ಒತ್ತಡ ಸಾಲುತ್ತಿಲ್ಲ.,Kannada,Medium,2026-07-21T09:03,Synthetic Demo Data
REQ002170,612868,Kodagi Thirumalapura,Bangalore,KARNATAKA,Road,Residents are requesting improvement of road connectivity to the taluk center.,English,Medium,2026-08-17T08:17,Synthetic Demo Data
REQ002171,612868,Kodagi Thirumalapura,Bangalore,KARNATAKA,Healthcare,ನಮ್ಮ ಗ್ರಾಮಕ್ಕೆ ಪ್ರಾಥಮಿಕ ಆರೋಗ್ಯ ಕೇಂದ್ರದ ಸುಲಭ ಪ್ರವೇಶ ಬೇಕಾಗಿದೆ.,Kannada,Low,2026-08-08T10:16,Synthetic Demo Data
REQ002172,612868,Kodagi Thirumalapura,Bangalore,KARNATAKA,Healthcare,The village needs easier access to primary healthcare center.,English,High,2026-07-04T21:11,Synthetic Demo Data
REQ002173,612868,Kodagi Thirumalapura,Bangalore,KARNATAKA,Water,ಬೇಸಿಗೆಯಲ್ಲಿ ಶುದ್ಧ ಕುಡಿಯುವ ನೀರಿನ ಕೊರತೆ ಎದುರಾಗುತ್ತಿದೆ.,Kannada,Medium,2026-09-13T14:17,Synthetic Demo Data
REQ002174,612868,Kodagi Thirumalapura,Bangalore,KARNATAKA,Water,Residents report difficulty getting reliable drinking water in summer.,English,Medium,2026-07-20T12:04,Synthetic Demo Data
REQ002175,612868,Kodagi Thirumalapura,Bangalore,KARNATAKA,Healthcare,ನಮ್ಮ ಗ್ರಾಮಕ್ಕೆ ಪ್ರಾಥಮಿಕ ಆರೋಗ್ಯ ಕೇಂದ್ರದ ಸುಲಭ ಪ್ರವೇಶ ಬೇಕಾಗಿದೆ.,Kannada,Medium,2026-08-29T19:11,Synthetic Demo Data
REQ002176,612868,Kodagi Thirumalapura,Bangalore,KARNATAKA,Banking,People are requesting easier access to ATM or banking kiosk services.,English,Medium,2026-08-05T15:46,Synthetic Demo Data
REQ002177,612868,Kodagi Thirumalapura,Bangalore,KARNATAKA,Healthcare,The village needs easier access to primary healthcare center.,English,Medium,2026-07-25T13:44,Synthetic Demo Data
REQ002178,612868,Kodagi Thirumalapura,Bangalore,KARNATAKA,Healthcare,ಸ್ಥಳೀಯ ಆರೋಗ್ಯ ಸೇವೆಗಳು ಮತ್ತು ಔಷಧಿಗಳ ಲಭ್ಯತೆಯನ್ನು ಸುಧಾರಿಸಲು ವಿನಂತಿ.,Kannada,High,2026-09-11T19:35,Synthetic Demo Data
REQ002179,612868,Kodagi Thirumalapura,Bangalore,KARNATAKA,Banking,ಎಟಿಎಂ ಅಥವಾ ಗ್ರಾಮ ಬ್ಯಾಂಕಿಂಗ್ ಸೇವೆ ಒದಗಿಸಲು ಸಾರ್ವಜನಿಕರ ಮನವಿ.,Kannada,Medium,2026-07-07T15:23,Synthetic Demo Data
REQ002180,612868,Kodagi Thirumalapura,Bangalore,KARNATAKA,Drainage,ಚರಂಡಿ ಕೊರತೆಯಿಂದ ನೀರು ನಿಂತು ಸೊಳ್ಳೆಗಳ ಕಾಟ ಹೆಚ್ಚಾಗಿದೆ.,Kannada,Medium,2026-08-17T17:46,Synthetic Demo Data
REQ002181,612868,Kodagi Thirumalapura,Bangalore,KARNATAKA,Healthcare,ಸ್ಥಳೀಯ ಆರೋಗ್ಯ ಸೇವೆಗಳು ಮತ್ತು ಔಷಧಿಗಳ ಲಭ್ಯತೆಯನ್ನು ಸುಧಾರಿಸಲು ವಿನಂತಿ.,Kannada,Medium,2026-08-22T11:37,Synthetic Demo Data
REQ002182,612868,Kodagi Thirumalapura,Bangalore,KARNATAKA,Healthcare,ಸಂಜೆ 5 ರ ನಂತರ ಸಮೀಪದ ಆರೋಗ್ಯ ಕೇಂದ್ರಕ್ಕೆ ಹೋಗಲು ಕಷ್ಟವಾಗುತ್ತಿದೆ.,Kannada,Medium,2026-07-19T21:43,Synthetic Demo Data
REQ002183,612868,Kodagi Thirumalapura,Bangalore,KARNATAKA,Healthcare,ಸಂಜೆ 5 ರ ನಂತರ ಸಮೀಪದ ಆರೋಗ್ಯ ಕೇಂದ್ರಕ್ಕೆ ಹೋಗಲು ಕಷ್ಟವಾಗುತ್ತಿದೆ.,Kannada,High,2026-08-02T10:21,Synthetic Demo Data
REQ002184,612868,Kodagi Thirumalapura,Bangalore,KARNATAKA,Banking,The village needs better access to banking facilities and loan services.,English,Medium,2026-07-22T07:21,Synthetic Demo Data
REQ002185,612868,Kodagi Thirumalapura,Bangalore,KARNATAKA,Healthcare,Residents are requesting improved local healthcare access and medicine availability.,English,High,2026-08-13T11:54,Synthetic Demo Data
REQ002186,612868,Kodagi Thirumalapura,Bangalore,KARNATAKA,Electricity,ಪದೇ ಪದೇ ವಿದ್ಯುತ್ ಕಡಿತವಾಗದಂತೆ ನಿರಂತರ ವಿದ್ಯುತ್ ನೀಡಲು ವಿನಂತಿ.,Kannada,Low,2026-08-20T08:52,Synthetic Demo Data
REQ002187,612868,Kodagi Thirumalapura,Bangalore,KARNATAKA,Healthcare,ಸ್ಥಳೀಯ ಆರೋಗ್ಯ ಸೇವೆಗಳು ಮತ್ತು ಔಷಧಿಗಳ ಲಭ್ಯತೆಯನ್ನು ಸುಧಾರಿಸಲು ವಿನಂತಿ.,Kannada,Medium,2026-09-05T09:36,Synthetic Demo Data
REQ002188,612868,Kodagi Thirumalapura,Bangalore,KARNATAKA,Water,Water supply pressure is insufficient for residents on higher lanes.,English,Low,2026-07-30T16:31,Synthetic Demo Data
REQ002189,612868,Kodagi Thirumalapura,Bangalore,KARNATAKA,Drainage,Poor drainage is causing stagnant water and mosquito breeding in the village.,English,Medium,2026-08-20T18:14,Synthetic Demo Data
REQ002190,612868,Kodagi Thirumalapura,Bangalore,KARNATAKA,Education,The village needs improved educational facilities and playground repair.,English,Medium,2026-07-14T13:40,Synthetic Demo Data
REQ002191,612869,Thammarasanahalli,Bangalore,KARNATAKA,Digital Connectivity,ಗ್ರಾಮದ ಒಳಭಾಗದಲ್ಲಿ ಮೊಬೈಲ್ ನೆಟ್‌ವರ್ಕ್ ಸಿಗುತ್ತಿಲ್ಲ.,Kannada,Low,2026-07-25T06:57,Synthetic Demo Data
REQ002192,612869,Thammarasanahalli,Bangalore,KARNATAKA,Electricity,ಪದೇ ಪದೇ ವಿದ್ಯುತ್ ಕಡಿತವಾಗದಂತೆ ನಿರಂತರ ವಿದ್ಯುತ್ ನೀಡಲು ವಿನಂತಿ.,Kannada,Medium,2026-07-10T15:15,Synthetic Demo Data
REQ002193,612869,Thammarasanahalli,Bangalore,KARNATAKA,Public Transport,ಬೆಳಿಗ್ಗೆ ಮತ್ತು ಸಂಜೆ ವೇಳೆಯಲ್ಲಿ ಹೆಚ್ಚಿನ ಬಸ್ ಸಂಚಾರ ಬೇಕಾಗಿದೆ.,Kannada,Medium,2026-07-13T12:01,Synthetic Demo Data
REQ002194,612869,Thammarasanahalli,Bangalore,KARNATAKA,Water,ಬೇಸಿಗೆಯಲ್ಲಿ ಶುದ್ಧ ಕುಡಿಯುವ ನೀರಿನ ಕೊರತೆ ಎದುರಾಗುತ್ತಿದೆ.,Kannada,High,2026-07-10T08:16,Synthetic Demo Data
REQ002195,612869,Thammarasanahalli,Bangalore,KARNATAKA,Healthcare,ಸಂಜೆ 5 ರ ನಂತರ ಸಮೀಪದ ಆರೋಗ್ಯ ಕೇಂದ್ರಕ್ಕೆ ಹೋಗಲು ಕಷ್ಟವಾಗುತ್ತಿದೆ.,Kannada,Medium,2026-07-02T15:21,Synthetic Demo Data
REQ002196,612869,Thammarasanahalli,Bangalore,KARNATAKA,Healthcare,ಸಂಜೆ 5 ರ ನಂತರ ಸಮೀಪದ ಆರೋಗ್ಯ ಕೇಂದ್ರಕ್ಕೆ ಹೋಗಲು ಕಷ್ಟವಾಗುತ್ತಿದೆ.,Kannada,Medium,2026-08-31T07:43,Synthetic Demo Data
REQ002197,612869,Thammarasanahalli,Bangalore,KARNATAKA,Healthcare,ಸಂಜೆ 5 ರ ನಂತರ ಸಮೀಪದ ಆರೋಗ್ಯ ಕೇಂದ್ರಕ್ಕೆ ಹೋಗಲು ಕಷ್ಟವಾಗುತ್ತಿದೆ.,Kannada,Medium,2026-08-02T21:55,Synthetic Demo Data
REQ002198,612869,Thammarasanahalli,Bangalore,KARNATAKA,Electricity,People are requesting more reliable power supply without frequent cuts.,English,Medium,2026-09-14T17:43,Synthetic Demo Data
REQ002199,612869,Thammarasanahalli,Bangalore,KARNATAKA,Healthcare,ನಮ್ಮ ಗ್ರಾಮಕ್ಕೆ ಪ್ರಾಥಮಿಕ ಆರೋಗ್ಯ ಕೇಂದ್ರದ ಸುಲಭ ಪ್ರವೇಶ ಬೇಕಾಗಿದೆ.,Kannada,Low,2026-07-12T21:16,Synthetic Demo Data
REQ002200,612869,Thammarasanahalli,Bangalore,KARNATAKA,Healthcare,ಸ್ಥಳೀಯ ಆರೋಗ್ಯ ಸೇವೆಗಳು ಮತ್ತು ಔಷಧಿಗಳ ಲಭ್ಯತೆಯನ್ನು ಸುಧಾರಿಸಲು ವಿನಂತಿ.,Kannada,Low,2026-07-13T20:24,Synthetic Demo Data
REQ002201,612869,Thammarasanahalli,Bangalore,KARNATAKA,Public Transport,ಮೆಟ್ರೋ ನಿಲ್ದಾಣಕ್ಕೆ ನೇರ ಬಸ್ ಸಂಪರ್ಕ ಕಲ್ಪಿಸಲು ಗ್ರಾಮಸ್ಥರ ಕೋರಿಕೆ.,Kannada,High,2026-08-09T20:13,Synthetic Demo Data
REQ002202,612869,Thammarasanahalli,Bangalore,KARNATAKA,Education,ಗ್ರಾಮದ ಶಾಲಾ ಆವರಣ ಹಾಗೂ ಆಟದ ಮೈದಾನ ದುರಸ್ತಿ ಮಾಡಬೇಕಾಗಿದೆ.,Kannada,High,2026-07-04T20:04,Synthetic Demo Data
REQ002203,612870,Madhugirihalli,Bangalore,KARNATAKA,Education,ಗ್ರಾಮದ ಶಾಲಾ ಆವರಣ ಹಾಗೂ ಆಟದ ಮೈದಾನ ದುರಸ್ತಿ ಮಾಡಬೇಕಾಗಿದೆ.,Kannada,Medium,2026-09-07T07:16,Synthetic Demo Data
REQ002204,612870,Madhugirihalli,Bangalore,KARNATAKA,Digital Connectivity,Residents have limited access to high-speed internet and CSC services.,English,High,2026-08-27T15:54,Synthetic Demo Data
REQ002205,612870,Madhugirihalli,Bangalore,KARNATAKA,Waste Management,ವಸತಿ ಪ್ರದೇಶಗಳ ಬಳಿ ಕಸ ಶೇಖರಣೆಯಾಗುತ್ತಿದೆ.,Kannada,Medium,2026-07-20T08:12,Synthetic Demo Data
REQ002206,612870,Madhugirihalli,Bangalore,KARNATAKA,Healthcare,ಸಂಜೆ 5 ರ ನಂತರ ಸಮೀಪದ ಆರೋಗ್ಯ ಕೇಂದ್ರಕ್ಕೆ ಹೋಗಲು ಕಷ್ಟವಾಗುತ್ತಿದೆ.,Kannada,Medium,2026-07-23T18:02,Synthetic Demo Data
REQ002207,612870,Madhugirihalli,Bangalore,KARNATAKA,Road,ಮಳೆಗಾಲದಲ್ಲಿ ರಸ್ತೆಯಲ್ಲಿ ನೀರು ನಿಂತು ವಾಹನ ಚಾಲನೆ ಕಷ್ಟವಾಗುತ್ತದೆ.,Kannada,Medium,2026-09-02T13:45,Synthetic Demo Data
REQ002208,612870,Madhugirihalli,Bangalore,KARNATAKA,Healthcare,The village needs easier access to primary healthcare center.,English,High,2026-07-18T10:47,Synthetic Demo Data
REQ002209,612870,Madhugirihalli,Bangalore,KARNATAKA,Banking,People are requesting easier access to ATM or banking kiosk services.,English,Medium,2026-08-16T19:01,Synthetic Demo Data
REQ002210,612870,Madhugirihalli,Bangalore,KARNATAKA,Public Transport,Residents report limited public transport access to metro/train stations.,English,Medium,2026-07-14T19:30,Synthetic Demo Data
REQ002211,612870,Madhugirihalli,Bangalore,KARNATAKA,Water,ಮೇಲ್ಭಾಗದ ಬಡಾವಣೆಗಳಿಗೆ ನೀರಿನ ಸರಬರಾಜು ಒತ್ತಡ ಸಾಲುತ್ತಿಲ್ಲ.,Kannada,Medium,2026-07-09T08:16,Synthetic Demo Data
REQ002212,612870,Madhugirihalli,Bangalore,KARNATAKA,Banking,The village needs better access to banking facilities and loan services.,English,Medium,2026-08-01T10:07,Synthetic Demo Data
REQ002213,612870,Madhugirihalli,Bangalore,KARNATAKA,Water,ಬೇಸಿಗೆಯಲ್ಲಿ ಶುದ್ಧ ಕುಡಿಯುವ ನೀರಿನ ಕೊರತೆ ಎದುರಾಗುತ್ತಿದೆ.,Kannada,Medium,2026-08-27T17:35,Synthetic Demo Data
REQ002214,612870,Madhugirihalli,Bangalore,KARNATAKA,Road,ಮಳೆಗಾಲದಲ್ಲಿ ರಸ್ತೆಯಲ್ಲಿ ನೀರು ನಿಂತು ವಾಹನ ಚಾಲನೆ ಕಷ್ಟವಾಗುತ್ತದೆ.,Kannada,High,2026-08-22T09:35,Synthetic Demo Data
REQ002215,612871,Mavallipura,Bangalore,KARNATAKA,Water,ಗ್ರಾಮಕ್ಕೆ ಶುದ್ಧ ಕುಡಿಯುವ ನೀರಿನ ಆರ್‌ಒ ಘಟಕದ ಅಗತ್ಯವಿದೆ.,Kannada,High,2026-08-20T06:23,Synthetic Demo Data
REQ002216,612871,Mavallipura,Bangalore,KARNATAKA,Water,Residents report difficulty getting reliable drinking water in summer.,English,Medium,2026-08-04T06:19,Synthetic Demo Data
REQ002217,612871,Mavallipura,Bangalore,KARNATAKA,Banking,ಎಟಿಎಂ ಅಥವಾ ಗ್ರಾಮ ಬ್ಯಾಂಕಿಂಗ್ ಸೇವೆ ಒದಗಿಸಲು ಸಾರ್ವಜನಿಕರ ಮನವಿ.,Kannada,Low,2026-07-28T12:42,Synthetic Demo Data
REQ002218,612871,Mavallipura,Bangalore,KARNATAKA,Healthcare,ನಮ್ಮ ಗ್ರಾಮಕ್ಕೆ ಪ್ರಾಥಮಿಕ ಆರೋಗ್ಯ ಕೇಂದ್ರದ ಸುಲಭ ಪ್ರವೇಶ ಬೇಕಾಗಿದೆ.,Kannada,High,2026-09-09T08:09,Synthetic Demo Data
REQ002219,612871,Mavallipura,Bangalore,KARNATAKA,Digital Connectivity,People are requesting a local digital service facility (Bapuji Seva Kendra).,English,Low,2026-07-09T21:32,Synthetic Demo Data
REQ002220,612871,Mavallipura,Bangalore,KARNATAKA,Banking,ಎಟಿಎಂ ಅಥವಾ ಗ್ರಾಮ ಬ್ಯಾಂಕಿಂಗ್ ಸೇವೆ ಒದಗಿಸಲು ಸಾರ್ವಜನಿಕರ ಮನವಿ.,Kannada,High,2026-08-22T17:14,Synthetic Demo Data
REQ002221,612871,Mavallipura,Bangalore,KARNATAKA,Banking,ಗ್ರಾಮದಲ್ಲಿ ಬ್ಯಾಂಕ್ ಸೇವೆಗಳು ಮತ್ತು ಸಾಲ ಸೌಲಭ್ಯಗಳು ಸುಲಭವಾಗಿ ಸಿಗುತ್ತಿಲ್ಲ.,Kannada,High,2026-08-11T18:01,Synthetic Demo Data
REQ002222,612871,Mavallipura,Bangalore,KARNATAKA,Waste Management,Waste is accumulating near residential areas and temple road.,English,Medium,2026-09-16T13:47,Synthetic Demo Data
REQ002223,612871,Mavallipura,Bangalore,KARNATAKA,Banking,"ಬ್ಯಾಂಕಿಂಗ್ ಸೇವೆಗೆ 10 ಕಿ.ಮೀ ದೂರ ಹೋಗಬೇಕಾಗಿದ್ದು, ಸ್ಥಳೀಯ ಕಿಯೋಸ್ಕ್ ಅಗತ್ಯವಿದೆ.",Kannada,Low,2026-07-21T13:38,Synthetic Demo Data
REQ002224,612871,Mavallipura,Bangalore,KARNATAKA,Healthcare,ನಮ್ಮ ಗ್ರಾಮಕ್ಕೆ ಪ್ರಾಥಮಿಕ ಆರೋಗ್ಯ ಕೇಂದ್ರದ ಸುಲಭ ಪ್ರವೇಶ ಬೇಕಾಗಿದೆ.,Kannada,Medium,2026-07-04T19:04,Synthetic Demo Data
REQ002225,612871,Mavallipura,Bangalore,KARNATAKA,Education,Students have difficulty accessing nearby secondary education without bus.,English,Medium,2026-07-06T17:17,Synthetic Demo Data
REQ002226,612871,Mavallipura,Bangalore,KARNATAKA,Healthcare,ಸಂಜೆ 5 ರ ನಂತರ ಸಮೀಪದ ಆರೋಗ್ಯ ಕೇಂದ್ರಕ್ಕೆ ಹೋಗಲು ಕಷ್ಟವಾಗುತ್ತಿದೆ.,Kannada,High,2026-09-07T16:58,Synthetic Demo Data
REQ002227,612871,Mavallipura,Bangalore,KARNATAKA,Waste Management,Residents are requesting a better door-to-door waste collection system.,English,Medium,2026-09-14T10:30,Synthetic Demo Data
REQ002228,612871,Mavallipura,Bangalore,KARNATAKA,Road,Residents are requesting improvement of road connectivity to the taluk center.,English,Medium,2026-09-17T08:16,Synthetic Demo Data
REQ002229,612871,Mavallipura,Bangalore,KARNATAKA,Digital Connectivity,Residents have limited access to high-speed internet and CSC services.,English,Medium,2026-07-30T16:59,Synthetic Demo Data
REQ002230,612871,Mavallipura,Bangalore,KARNATAKA,Banking,Residents have limited access to nearby banking services and have to travel 10 km.,English,High,2026-08-09T12:52,Synthetic Demo Data
REQ002231,612872,Bylakere,Bangalore,KARNATAKA,Road,Residents are requesting improvement of road connectivity to the taluk center.,English,High,2026-08-24T12:49,Synthetic Demo Data
REQ002232,612872,Bylakere,Bangalore,KARNATAKA,Education,The village needs improved educational facilities and playground repair.,English,High,2026-08-16T16:13,Synthetic Demo Data
REQ002233,612872,Bylakere,Bangalore,KARNATAKA,Electricity,People are requesting more reliable power supply without frequent cuts.,English,High,2026-08-07T13:13,Synthetic Demo Data
REQ002234,612872,Bylakere,Bangalore,KARNATAKA,Education,Residents are requesting better facilities and computers in the local school.,English,High,2026-09-02T17:15,Synthetic Demo Data
REQ002235,612872,Bylakere,Bangalore,KARNATAKA,Healthcare,Residents are requesting improved local healthcare access and medicine availability.,English,Medium,2026-08-13T10:16,Synthetic Demo Data
REQ002236,612872,Bylakere,Bangalore,KARNATAKA,Education,ಸ್ಥಳೀಯ ಸರ್ಕಾರಿ ಶಾಲೆಯಲ್ಲಿ ಕಂಪ್ಯೂಟರ್ ಹಾಗೂ ಶೌಚಾಲಯ ಸೌಲಭ್ಯ ಕಲ್ಪಿಸಲು ಮನವಿ.,Kannada,Low,2026-08-20T06:04,Synthetic Demo Data
REQ002237,612872,Bylakere,Bangalore,KARNATAKA,Waste Management,Waste is accumulating near residential areas and temple road.,English,Medium,2026-09-09T14:32,Synthetic Demo Data
REQ002238,612872,Bylakere,Bangalore,KARNATAKA,Education,ಬಸ್ ಕೊರತೆಯಿಂದ ವಿದ್ಯಾರ್ಥಿಗಳಿಗೆ ಪ್ರೌಢಶಾಲೆಗೆ ಹೋಗಲು ತೊಂದರೆಯಾಗಿದೆ.,Kannada,Low,2026-09-01T09:30,Synthetic Demo Data
REQ002239,612872,Bylakere,Bangalore,KARNATAKA,Healthcare,ನಮ್ಮ ಗ್ರಾಮಕ್ಕೆ ಪ್ರಾಥಮಿಕ ಆರೋಗ್ಯ ಕೇಂದ್ರದ ಸುಲಭ ಪ್ರವೇಶ ಬೇಕಾಗಿದೆ.,Kannada,High,2026-08-16T07:02,Synthetic Demo Data
REQ002240,612872,Bylakere,Bangalore,KARNATAKA,Banking,"ಬ್ಯಾಂಕಿಂಗ್ ಸೇವೆಗೆ 10 ಕಿ.ಮೀ ದೂರ ಹೋಗಬೇಕಾಗಿದ್ದು, ಸ್ಥಳೀಯ ಕಿಯೋಸ್ಕ್ ಅಗತ್ಯವಿದೆ.",Kannada,Medium,2026-07-17T09:59,Synthetic Demo Data
REQ002241,612872,Bylakere,Bangalore,KARNATAKA,Public Transport,ಬೆಳಿಗ್ಗೆ ಮತ್ತು ಸಂಜೆ ವೇಳೆಯಲ್ಲಿ ಹೆಚ್ಚಿನ ಬಸ್ ಸಂಚಾರ ಬೇಕಾಗಿದೆ.,Kannada,Low,2026-09-11T07:00,Synthetic Demo Data
REQ002242,612872,Bylakere,Bangalore,KARNATAKA,Drainage,नालियों में पानी भर जाने से जलभराव हो रहा है।,Hindi,High,2026-08-25T13:14,Synthetic Demo Data
REQ002243,612872,Bylakere,Bangalore,KARNATAKA,Waste Management,Waste is accumulating near residential areas and temple road.,English,Low,2026-08-15T13:09,Synthetic Demo Data
REQ002244,612872,Bylakere,Bangalore,KARNATAKA,Water,Residents report difficulty getting reliable drinking water in summer.,English,High,2026-08-19T12:34,Synthetic Demo Data
REQ002245,612872,Bylakere,Bangalore,KARNATAKA,Education,स्कूल में बेहतर सुविधाओं और शिक्षकों की मांग है।,Hindi,Medium,2026-09-17T14:51,Synthetic Demo Data
REQ002246,612872,Bylakere,Bangalore,KARNATAKA,Healthcare,ಸಂಜೆ 5 ರ ನಂತರ ಸಮೀಪದ ಆರೋಗ್ಯ ಕೇಂದ್ರಕ್ಕೆ ಹೋಗಲು ಕಷ್ಟವಾಗುತ್ತಿದೆ.,Kannada,High,2026-08-28T11:57,Synthetic Demo Data
REQ002247,612872,Bylakere,Bangalore,KARNATAKA,Waste Management,ಕಸವನ್ನು ನಿಯಮಿತವಾಗಿ ವಿಲೇವಾರಿ ಮಾಡಲಾಗುತ್ತಿಲ್ಲ.,Kannada,High,2026-08-09T19:37,Synthetic Demo Data
REQ002248,612872,Bylakere,Bangalore,KARNATAKA,Banking,The village needs better access to banking facilities and loan services.,English,High,2026-07-13T08:26,Synthetic Demo Data
REQ002249,612872,Bylakere,Bangalore,KARNATAKA,Public Transport,ವಿಶ್ವಾಸಾರ್ಹ ಸಾರಿಗೆ ಬಸ್ ಸೇವೆಗಳನ್ನು ಹೆಚ್ಚಿಸಲು ವಿನಂತಿ.,Kannada,Low,2026-09-17T18:01,Synthetic Demo Data
REQ002250,612872,Bylakere,Bangalore,KARNATAKA,Healthcare,ಸ್ಥಳೀಯ ಆರೋಗ್ಯ ಸೇವೆಗಳು ಮತ್ತು ಔಷಧಿಗಳ ಲಭ್ಯತೆಯನ್ನು ಸುಧಾರಿಸಲು ವಿನಂತಿ.,Kannada,Medium,2026-09-06T16:20,Synthetic Demo Data
REQ002251,612872,Bylakere,Bangalore,KARNATAKA,Water,ಗ್ರಾಮಕ್ಕೆ ಶುದ್ಧ ಕುಡಿಯುವ ನೀರಿನ ಆರ್‌ಒ ಘಟಕದ ಅಗತ್ಯವಿದೆ.,Kannada,Low,2026-09-16T12:23,Synthetic Demo Data
REQ002252,612872,Bylakere,Bangalore,KARNATAKA,Waste Management,ಮನೆ ಮನೆಗೆ ತೆರಳಿ ಕಸ ಸಂಗ್ರಹಿಸುವ ವ್ಯವಸ್ಥೆ ಬೇಕು ಎಂದು ನಿವಾಸಿಗಳು ಕೋರುತ್ತಿದ್ದಾರೆ.,Kannada,Medium,2026-07-22T18:13,Synthetic Demo Data
REQ002253,612872,Bylakere,Bangalore,KARNATAKA,Waste Management,ವಸತಿ ಪ್ರದೇಶಗಳ ಬಳಿ ಕಸ ಶೇಖರಣೆಯಾಗುತ್ತಿದೆ.,Kannada,High,2026-08-07T13:24,Synthetic Demo Data
REQ002254,612872,Bylakere,Bangalore,KARNATAKA,Education,ಬಸ್ ಕೊರತೆಯಿಂದ ವಿದ್ಯಾರ್ಥಿಗಳಿಗೆ ಪ್ರೌಢಶಾಲೆಗೆ ಹೋಗಲು ತೊಂದರೆಯಾಗಿದೆ.,Kannada,Medium,2026-09-11T13:41,Synthetic Demo Data
REQ002255,612872,Bylakere,Bangalore,KARNATAKA,Public Transport,ಬೆಳಿಗ್ಗೆ ಮತ್ತು ಸಂಜೆ ವೇಳೆಯಲ್ಲಿ ಹೆಚ್ಚಿನ ಬಸ್ ಸಂಚಾರ ಬೇಕಾಗಿದೆ.,Kannada,Medium,2026-08-14T17:24,Synthetic Demo Data
REQ002256,612872,Bylakere,Bangalore,KARNATAKA,Water,ಗ್ರಾಮಕ್ಕೆ ಶುದ್ಧ ಕುಡಿಯುವ ನೀರಿನ ಆರ್‌ಒ ಘಟಕದ ಅಗತ್ಯವಿದೆ.,Kannada,Low,2026-07-12T19:16,Synthetic Demo Data
REQ002257,612872,Bylakere,Bangalore,KARNATAKA,Road,ತಾಲೂಕು ಕೇಂದ್ರಕ್ಕೆ ಸಂಪರ್ಕ ಕಲ್ಪಿಸುವ ರಸ್ತೆ ಸುಧಾರಣೆಗೆ ಗ್ರಾಮಸ್ಥರ ಮನವಿ.,Kannada,Medium,2026-07-22T13:54,Synthetic Demo Data
REQ002258,612872,Bylakere,Bangalore,KARNATAKA,Education,ಗ್ರಾಮದ ಶಾಲಾ ಆವರಣ ಹಾಗೂ ಆಟದ ಮೈದಾನ ದುರಸ್ತಿ ಮಾಡಬೇಕಾಗಿದೆ.,Kannada,Low,2026-07-05T18:23,Synthetic Demo Data
REQ002259,612873,Kondashetti Halli,Bangalore,KARNATAKA,Water,ಮೇಲ್ಭಾಗದ ಬಡಾವಣೆಗಳಿಗೆ ನೀರಿನ ಸರಬರಾಜು ಒತ್ತಡ ಸಾಲುತ್ತಿಲ್ಲ.,Kannada,Low,2026-07-12T07:16,Synthetic Demo Data
REQ002260,612873,Kondashetti Halli,Bangalore,KARNATAKA,Drainage,Poor drainage is causing stagnant water and mosquito breeding in the village.,English,High,2026-07-19T19:17,Synthetic Demo Data
REQ002261,612873,Kondashetti Halli,Bangalore,KARNATAKA,Banking,ಗ್ರಾಮದಲ್ಲಿ ಬ್ಯಾಂಕ್ ಸೇವೆಗಳು ಮತ್ತು ಸಾಲ ಸೌಲಭ್ಯಗಳು ಸುಲಭವಾಗಿ ಸಿಗುತ್ತಿಲ್ಲ.,Kannada,High,2026-09-05T08:14,Synthetic Demo Data
REQ002262,612873,Kondashetti Halli,Bangalore,KARNATAKA,Banking,Residents have limited access to nearby banking services and have to travel 10 km.,English,Medium,2026-07-23T15:35,Synthetic Demo Data
REQ002263,612873,Kondashetti Halli,Bangalore,KARNATAKA,Healthcare,ನಮ್ಮ ಗ್ರಾಮಕ್ಕೆ ಪ್ರಾಥಮಿಕ ಆರೋಗ್ಯ ಕೇಂದ್ರದ ಸುಲಭ ಪ್ರವೇಶ ಬೇಕಾಗಿದೆ.,Kannada,High,2026-07-26T08:04,Synthetic Demo Data
REQ002264,612873,Kondashetti Halli,Bangalore,KARNATAKA,Electricity,ಪದೇ ಪದೇ ವಿದ್ಯುತ್ ಕಡಿತವಾಗದಂತೆ ನಿರಂತರ ವಿದ್ಯುತ್ ನೀಡಲು ವಿನಂತಿ.,Kannada,Medium,2026-08-29T17:46,Synthetic Demo Data
REQ002265,612873,Kondashetti Halli,Bangalore,KARNATAKA,Waste Management,ಕಸವನ್ನು ನಿಯಮಿತವಾಗಿ ವಿಲೇವಾರಿ ಮಾಡಲಾಗುತ್ತಿಲ್ಲ.,Kannada,High,2026-07-02T16:54,Synthetic Demo Data
REQ002266,612873,Kondashetti Halli,Bangalore,KARNATAKA,Waste Management,ಕಸವನ್ನು ನಿಯಮಿತವಾಗಿ ವಿಲೇವಾರಿ ಮಾಡಲಾಗುತ್ತಿಲ್ಲ.,Kannada,Medium,2026-07-08T18:08,Synthetic Demo Data
REQ002267,612873,Kondashetti Halli,Bangalore,KARNATAKA,Waste Management,ಕಸವನ್ನು ನಿಯಮಿತವಾಗಿ ವಿಲೇವಾರಿ ಮಾಡಲಾಗುತ್ತಿಲ್ಲ.,Kannada,High,2026-09-16T17:36,Synthetic Demo Data
REQ002268,612873,Kondashetti Halli,Bangalore,KARNATAKA,Electricity,ವೋಲ್ಟೇಜ್ ಏರಿಳಿತದಿಂದ ಪಂಪ್‌ಸೆಟ್‌ಗಳಿಗೆ ತೊಂದರೆಯಾಗುತ್ತಿದೆ.,Kannada,High,2026-07-15T13:10,Synthetic Demo Data
REQ002269,612873,Kondashetti Halli,Bangalore,KARNATAKA,Digital Connectivity,People are requesting a local digital service facility (Bapuji Seva Kendra).,English,Low,2026-07-18T06:18,Synthetic Demo Data
REQ002270,612873,Kondashetti Halli,Bangalore,KARNATAKA,Healthcare,Residents are requesting improved local healthcare access and medicine availability.,English,Medium,2026-09-09T18:56,Synthetic Demo Data
REQ002271,612874,Lingarajasagara,Bangalore,KARNATAKA,Healthcare,प्राथमिक स्वास्थ्य केंद्र में बेहतर सुविधाओं की आवश्यकता है।,Hindi,Medium,2026-09-16T18:48,Synthetic Demo Data
REQ002272,612874,Lingarajasagara,Bangalore,KARNATAKA,Waste Management,Garbage is not being collected regularly in residential lanes.,English,Medium,2026-09-02T10:51,Synthetic Demo Data
REQ002273,612874,Lingarajasagara,Bangalore,KARNATAKA,Water,ಗ್ರಾಮಕ್ಕೆ ಶುದ್ಧ ಕುಡಿಯುವ ನೀರಿನ ಆರ್‌ಒ ಘಟಕದ ಅಗತ್ಯವಿದೆ.,Kannada,Low,2026-07-15T19:24,Synthetic Demo Data
REQ002274,612874,Lingarajasagara,Bangalore,KARNATAKA,Road,ತಾಲೂಕು ಕೇಂದ್ರಕ್ಕೆ ಸಂಪರ್ಕ ಕಲ್ಪಿಸುವ ರಸ್ತೆ ಸುಧಾರಣೆಗೆ ಗ್ರಾಮಸ್ಥರ ಮನವಿ.,Kannada,Medium,2026-07-03T12:27,Synthetic Demo Data
REQ002275,612874,Lingarajasagara,Bangalore,KARNATAKA,Electricity,Residents report voltage fluctuations affecting agriculture pump sets.,English,Low,2026-07-18T15:25,Synthetic Demo Data
REQ002276,612874,Lingarajasagara,Bangalore,KARNATAKA,Waste Management,ಕಸವನ್ನು ನಿಯಮಿತವಾಗಿ ವಿಲೇವಾರಿ ಮಾಡಲಾಗುತ್ತಿಲ್ಲ.,Kannada,Low,2026-08-02T21:25,Synthetic Demo Data
REQ002277,612874,Lingarajasagara,Bangalore,KARNATAKA,Healthcare,ನಮ್ಮ ಗ್ರಾಮಕ್ಕೆ ಪ್ರಾಥಮಿಕ ಆರೋಗ್ಯ ಕೇಂದ್ರದ ಸುಲಭ ಪ್ರವೇಶ ಬೇಕಾಗಿದೆ.,Kannada,Medium,2026-08-23T07:15,Synthetic Demo Data
REQ002278,612874,Lingarajasagara,Bangalore,KARNATAKA,Banking,People are requesting easier access to ATM or banking kiosk services.,English,High,2026-07-07T17:29,Synthetic Demo Data
REQ002279,612874,Lingarajasagara,Bangalore,KARNATAKA,Banking,The village needs better access to banking facilities and loan services.,English,High,2026-08-07T17:52,Synthetic Demo Data
REQ002280,612874,Lingarajasagara,Bangalore,KARNATAKA,Healthcare,ಸಂಜೆ 5 ರ ನಂತರ ಸಮೀಪದ ಆರೋಗ್ಯ ಕೇಂದ್ರಕ್ಕೆ ಹೋಗಲು ಕಷ್ಟವಾಗುತ್ತಿದೆ.,Kannada,High,2026-08-12T12:19,Synthetic Demo Data
REQ002281,612875,Kasagattapura,Bangalore,KARNATAKA,Banking,ಎಟಿಎಂ ಅಥವಾ ಗ್ರಾಮ ಬ್ಯಾಂಕಿಂಗ್ ಸೇವೆ ಒದಗಿಸಲು ಸಾರ್ವಜನಿಕರ ಮನವಿ.,Kannada,High,2026-09-10T14:03,Synthetic Demo Data
REQ002282,612875,Kasagattapura,Bangalore,KARNATAKA,Water,ಮೇಲ್ಭಾಗದ ಬಡಾವಣೆಗಳಿಗೆ ನೀರಿನ ಸರಬರಾಜು ಒತ್ತಡ ಸಾಲುತ್ತಿಲ್ಲ.,Kannada,Medium,2026-08-27T18:21,Synthetic Demo Data
REQ002283,612875,Kasagattapura,Bangalore,KARNATAKA,Electricity,ಗ್ರಾಮದ ಪ್ರಮುಖ ರಸ್ತೆಗಳಲ್ಲಿ ಬೀದಿದೀಪಗಳ ಸೌಲಭ್ಯ ಕಲ್ಪಿಸಬೇಕಾಗಿದೆ.,Kannada,High,2026-08-17T07:51,Synthetic Demo Data
REQ002284,612875,Kasagattapura,Bangalore,KARNATAKA,Healthcare,ಸಂಜೆ 5 ರ ನಂತರ ಸಮೀಪದ ಆರೋಗ್ಯ ಕೇಂದ್ರಕ್ಕೆ ಹೋಗಲು ಕಷ್ಟವಾಗುತ್ತಿದೆ.,Kannada,Medium,2026-08-25T07:42,Synthetic Demo Data
REQ002285,612875,Kasagattapura,Bangalore,KARNATAKA,Electricity,The village needs improved electricity infrastructure and street lighting.,English,Medium,2026-07-20T18:21,Synthetic Demo Data
REQ002286,612875,Kasagattapura,Bangalore,KARNATAKA,Digital Connectivity,ಗ್ರಾಮದ ಒಳಭಾಗದಲ್ಲಿ ಮೊಬೈಲ್ ನೆಟ್‌ವರ್ಕ್ ಸಿಗುತ್ತಿಲ್ಲ.,Kannada,Medium,2026-07-19T10:48,Synthetic Demo Data
REQ002287,612875,Kasagattapura,Bangalore,KARNATAKA,Banking,ಗ್ರಾಮದಲ್ಲಿ ಬ್ಯಾಂಕ್ ಸೇವೆಗಳು ಮತ್ತು ಸಾಲ ಸೌಲಭ್ಯಗಳು ಸುಲಭವಾಗಿ ಸಿಗುತ್ತಿಲ್ಲ.,Kannada,High,2026-07-29T07:02,Synthetic Demo Data
REQ002288,612875,Kasagattapura,Bangalore,KARNATAKA,Waste Management,गांव में कचरा समय पर नहीं उठाया जा रहा है।,Hindi,Medium,2026-07-25T19:51,Synthetic Demo Data
REQ002289,612875,Kasagattapura,Bangalore,KARNATAKA,Electricity,ಗ್ರಾಮದ ಪ್ರಮುಖ ರಸ್ತೆಗಳಲ್ಲಿ ಬೀದಿದೀಪಗಳ ಸೌಲಭ್ಯ ಕಲ್ಪಿಸಬೇಕಾಗಿದೆ.,Kannada,Medium,2026-07-27T06:04,Synthetic Demo Data
REQ002290,612875,Kasagattapura,Bangalore,KARNATAKA,Waste Management,ಮನೆ ಮನೆಗೆ ತೆರಳಿ ಕಸ ಸಂಗ್ರಹಿಸುವ ವ್ಯವಸ್ಥೆ ಬೇಕು ಎಂದು ನಿವಾಸಿಗಳು ಕೋರುತ್ತಿದ್ದಾರೆ.,Kannada,Medium,2026-07-09T13:29,Synthetic Demo Data
REQ002291,612875,Kasagattapura,Bangalore,KARNATAKA,Banking,"ಬ್ಯಾಂಕಿಂಗ್ ಸೇವೆಗೆ 10 ಕಿ.ಮೀ ದೂರ ಹೋಗಬೇಕಾಗಿದ್ದು, ಸ್ಥಳೀಯ ಕಿಯೋಸ್ಕ್ ಅಗತ್ಯವಿದೆ.",Kannada,Medium,2026-07-11T20:51,Synthetic Demo Data
REQ002292,612875,Kasagattapura,Bangalore,KARNATAKA,Banking,The village needs better access to banking facilities and loan services.,English,Low,2026-08-03T16:40,Synthetic Demo Data
REQ002293,612875,Kasagattapura,Bangalore,KARNATAKA,Digital Connectivity,ಗ್ರಾಮದ ಒಳಭಾಗದಲ್ಲಿ ಮೊಬೈಲ್ ನೆಟ್‌ವರ್ಕ್ ಸಿಗುತ್ತಿಲ್ಲ.,Kannada,Medium,2026-09-14T14:51,Synthetic Demo Data
REQ002294,612875,Kasagattapura,Bangalore,KARNATAKA,Education,Students have difficulty accessing nearby secondary education without bus.,English,Low,2026-08-25T21:17,Synthetic Demo Data
REQ002295,612875,Kasagattapura,Bangalore,KARNATAKA,Road,ತಾಲೂಕು ಕೇಂದ್ರಕ್ಕೆ ಸಂಪರ್ಕ ಕಲ್ಪಿಸುವ ರಸ್ತೆ ಸುಧಾರಣೆಗೆ ಗ್ರಾಮಸ್ಥರ ಮನವಿ.,Kannada,Low,2026-08-21T07:37,Synthetic Demo Data
REQ002296,612875,Kasagattapura,Bangalore,KARNATAKA,Waste Management,Garbage is not being collected regularly in residential lanes.,English,Low,2026-09-10T13:54,Synthetic Demo Data
REQ002297,612875,Kasagattapura,Bangalore,KARNATAKA,Electricity,People are requesting more reliable power supply without frequent cuts.,English,Medium,2026-07-20T09:44,Synthetic Demo Data
REQ002298,612875,Kasagattapura,Bangalore,KARNATAKA,Healthcare,ಸ್ಥಳೀಯ ಆರೋಗ್ಯ ಸೇವೆಗಳು ಮತ್ತು ಔಷಧಿಗಳ ಲಭ್ಯತೆಯನ್ನು ಸುಧಾರಿಸಲು ವಿನಂತಿ.,Kannada,Medium,2026-09-11T16:19,Synthetic Demo Data
REQ002299,612875,Kasagattapura,Bangalore,KARNATAKA,Drainage,ಚರಂಡಿ ಕೊರತೆಯಿಂದ ನೀರು ನಿಂತು ಸೊಳ್ಳೆಗಳ ಕಾಟ ಹೆಚ್ಚಾಗಿದೆ.,Kannada,Low,2026-07-09T16:59,Synthetic Demo Data
REQ002300,612875,Kasagattapura,Bangalore,KARNATAKA,Banking,ಗ್ರಾಮದಲ್ಲಿ ಬ್ಯಾಂಕ್ ಸೇವೆಗಳು ಮತ್ತು ಸಾಲ ಸೌಲಭ್ಯಗಳು ಸುಲಭವಾಗಿ ಸಿಗುತ್ತಿಲ್ಲ.,Kannada,High,2026-08-30T06:21,Synthetic Demo Data
REQ002301,612875,Kasagattapura,Bangalore,KARNATAKA,Banking,ಎಟಿಎಂ ಅಥವಾ ಗ್ರಾಮ ಬ್ಯಾಂಕಿಂಗ್ ಸೇವೆ ಒದಗಿಸಲು ಸಾರ್ವಜನಿಕರ ಮನವಿ.,Kannada,Medium,2026-09-01T18:37,Synthetic Demo Data
REQ002302,612875,Kasagattapura,Bangalore,KARNATAKA,Waste Management,ಕಸವನ್ನು ನಿಯಮಿತವಾಗಿ ವಿಲೇವಾರಿ ಮಾಡಲಾಗುತ್ತಿಲ್ಲ.,Kannada,High,2026-09-17T11:21,Synthetic Demo Data
REQ002303,612875,Kasagattapura,Bangalore,KARNATAKA,Waste Management,ವಸತಿ ಪ್ರದೇಶಗಳ ಬಳಿ ಕಸ ಶೇಖರಣೆಯಾಗುತ್ತಿದೆ.,Kannada,Low,2026-07-13T08:05,Synthetic Demo Data
REQ002304,612875,Kasagattapura,Bangalore,KARNATAKA,Electricity,ಗ್ರಾಮದ ಪ್ರಮುಖ ರಸ್ತೆಗಳಲ್ಲಿ ಬೀದಿದೀಪಗಳ ಸೌಲಭ್ಯ ಕಲ್ಪಿಸಬೇಕಾಗಿದೆ.,Kannada,Medium,2026-07-12T10:03,Synthetic Demo Data
REQ002305,612875,Kasagattapura,Bangalore,KARNATAKA,Water,ಬೇಸಿಗೆಯಲ್ಲಿ ಶುದ್ಧ ಕುಡಿಯುವ ನೀರಿನ ಕೊರತೆ ಎದುರಾಗುತ್ತಿದೆ.,Kannada,High,2026-08-16T17:42,Synthetic Demo Data
REQ002306,612875,Kasagattapura,Bangalore,KARNATAKA,Education,ಸ್ಥಳೀಯ ಸರ್ಕಾರಿ ಶಾಲೆಯಲ್ಲಿ ಕಂಪ್ಯೂಟರ್ ಹಾಗೂ ಶೌಚಾಲಯ ಸೌಲಭ್ಯ ಕಲ್ಪಿಸಲು ಮನವಿ.,Kannada,High,2026-07-05T08:02,Synthetic Demo Data
REQ002307,612875,Kasagattapura,Bangalore,KARNATAKA,Education,Students have difficulty accessing nearby secondary education without bus.,English,Medium,2026-08-20T21:06,Synthetic Demo Data
REQ002308,612876,Hurali Chikkanahalli,Bangalore,KARNATAKA,Waste Management,ಮನೆ ಮನೆಗೆ ತೆರಳಿ ಕಸ ಸಂಗ್ರಹಿಸುವ ವ್ಯವಸ್ಥೆ ಬೇಕು ಎಂದು ನಿವಾಸಿಗಳು ಕೋರುತ್ತಿದ್ದಾರೆ.,Kannada,High,2026-09-17T15:08,Synthetic Demo Data
REQ002309,612876,Hurali Chikkanahalli,Bangalore,KARNATAKA,Water,The village needs improved access to safe drinking water RO plant.,English,High,2026-09-04T09:31,Synthetic Demo Data
REQ002310,612876,Hurali Chikkanahalli,Bangalore,KARNATAKA,Education,Students have difficulty accessing nearby secondary education without bus.,English,Medium,2026-08-13T11:44,Synthetic Demo Data
REQ002311,612876,Hurali Chikkanahalli,Bangalore,KARNATAKA,Healthcare,ಸ್ಥಳೀಯ ಆರೋಗ್ಯ ಸೇವೆಗಳು ಮತ್ತು ಔಷಧಿಗಳ ಲಭ್ಯತೆಯನ್ನು ಸುಧಾರಿಸಲು ವಿನಂತಿ.,Kannada,High,2026-08-21T19:51,Synthetic Demo Data
REQ002312,612876,Hurali Chikkanahalli,Bangalore,KARNATAKA,Banking,The village needs better access to banking facilities and loan services.,English,Medium,2026-07-27T13:29,Synthetic Demo Data
REQ002313,612876,Hurali Chikkanahalli,Bangalore,KARNATAKA,Waste Management,ಕಸವನ್ನು ನಿಯಮಿತವಾಗಿ ವಿಲೇವಾರಿ ಮಾಡಲಾಗುತ್ತಿಲ್ಲ.,Kannada,High,2026-07-16T10:06,Synthetic Demo Data
REQ002314,612876,Hurali Chikkanahalli,Bangalore,KARNATAKA,Banking,"ಬ್ಯಾಂಕಿಂಗ್ ಸೇವೆಗೆ 10 ಕಿ.ಮೀ ದೂರ ಹೋಗಬೇಕಾಗಿದ್ದು, ಸ್ಥಳೀಯ ಕಿಯೋಸ್ಕ್ ಅಗತ್ಯವಿದೆ.",Kannada,High,2026-08-12T16:37,Synthetic Demo Data
REQ002315,612876,Hurali Chikkanahalli,Bangalore,KARNATAKA,Waste Management,ವಸತಿ ಪ್ರದೇಶಗಳ ಬಳಿ ಕಸ ಶೇಖರಣೆಯಾಗುತ್ತಿದೆ.,Kannada,High,2026-09-09T15:59,Synthetic Demo Data
REQ002316,612876,Hurali Chikkanahalli,Bangalore,KARNATAKA,Public Transport,People are requesting more reliable BMTC/KSRTC public transport services.,English,High,2026-07-21T18:12,Synthetic Demo Data
REQ002317,612876,Hurali Chikkanahalli,Bangalore,KARNATAKA,Road,ತಾಲೂಕು ಕೇಂದ್ರಕ್ಕೆ ಸಂಪರ್ಕ ಕಲ್ಪಿಸುವ ರಸ್ತೆ ಸುಧಾರಣೆಗೆ ಗ್ರಾಮಸ್ಥರ ಮನವಿ.,Kannada,Medium,2026-09-02T20:42,Synthetic Demo Data
REQ002318,612876,Hurali Chikkanahalli,Bangalore,KARNATAKA,Banking,The village needs better access to banking facilities and loan services.,English,Medium,2026-08-11T19:42,Synthetic Demo Data
REQ002319,612876,Hurali Chikkanahalli,Bangalore,KARNATAKA,Road,The road becomes waterlogged and difficult to travel on during the rainy season.,English,Low,2026-07-24T06:55,Synthetic Demo Data
REQ002320,612876,Hurali Chikkanahalli,Bangalore,KARNATAKA,Electricity,बिजली की बार-बार कटौती से लोग परेशान हैं।,Hindi,High,2026-08-12T10:02,Synthetic Demo Data
REQ002321,612876,Hurali Chikkanahalli,Bangalore,KARNATAKA,Banking,"ಬ್ಯಾಂಕಿಂಗ್ ಸೇವೆಗೆ 10 ಕಿ.ಮೀ ದೂರ ಹೋಗಬೇಕಾಗಿದ್ದು, ಸ್ಥಳೀಯ ಕಿಯೋಸ್ಕ್ ಅಗತ್ಯವಿದೆ.",Kannada,Medium,2026-08-05T12:46,Synthetic Demo Data
REQ002322,612876,Hurali Chikkanahalli,Bangalore,KARNATAKA,Waste Management,ಕಸವನ್ನು ನಿಯಮಿತವಾಗಿ ವಿಲೇವಾರಿ ಮಾಡಲಾಗುತ್ತಿಲ್ಲ.,Kannada,Medium,2026-08-13T17:21,Synthetic Demo Data
REQ002323,612876,Hurali Chikkanahalli,Bangalore,KARNATAKA,Water,ಮೇಲ್ಭಾಗದ ಬಡಾವಣೆಗಳಿಗೆ ನೀರಿನ ಸರಬರಾಜು ಒತ್ತಡ ಸಾಲುತ್ತಿಲ್ಲ.,Kannada,High,2026-07-19T16:43,Synthetic Demo Data
REQ002324,612876,Hurali Chikkanahalli,Bangalore,KARNATAKA,Digital Connectivity,The village needs better mobile network coverage in interior areas.,English,High,2026-08-20T12:27,Synthetic Demo Data
REQ002325,612876,Hurali Chikkanahalli,Bangalore,KARNATAKA,Electricity,People are requesting more reliable power supply without frequent cuts.,English,Medium,2026-09-14T15:34,Synthetic Demo Data
REQ002326,612876,Hurali Chikkanahalli,Bangalore,KARNATAKA,Banking,ಗ್ರಾಮದಲ್ಲಿ ಬ್ಯಾಂಕ್ ಸೇವೆಗಳು ಮತ್ತು ಸಾಲ ಸೌಲಭ್ಯಗಳು ಸುಲಭವಾಗಿ ಸಿಗುತ್ತಿಲ್ಲ.,Kannada,High,2026-08-22T08:30,Synthetic Demo Data
REQ002327,612876,Hurali Chikkanahalli,Bangalore,KARNATAKA,Banking,ಗ್ರಾಮದಲ್ಲಿ ಬ್ಯಾಂಕ್ ಸೇವೆಗಳು ಮತ್ತು ಸಾಲ ಸೌಲಭ್ಯಗಳು ಸುಲಭವಾಗಿ ಸಿಗುತ್ತಿಲ್ಲ.,Kannada,Low,2026-09-16T13:59,Synthetic Demo Data
REQ002328,612876,Hurali Chikkanahalli,Bangalore,KARNATAKA,Road,Residents are requesting improvement of road connectivity to the taluk center.,English,High,2026-07-05T13:42,Synthetic Demo Data
REQ002329,612876,Hurali Chikkanahalli,Bangalore,KARNATAKA,Banking,ಗ್ರಾಮದಲ್ಲಿ ಬ್ಯಾಂಕ್ ಸೇವೆಗಳು ಮತ್ತು ಸಾಲ ಸೌಲಭ್ಯಗಳು ಸುಲಭವಾಗಿ ಸಿಗುತ್ತಿಲ್ಲ.,Kannada,High,2026-07-30T07:14,Synthetic Demo Data
REQ002330,612877,Tharabana Halli,Bangalore,KARNATAKA,Banking,ಗ್ರಾಮದಲ್ಲಿ ಬ್ಯಾಂಕ್ ಸೇವೆಗಳು ಮತ್ತು ಸಾಲ ಸೌಲಭ್ಯಗಳು ಸುಲಭವಾಗಿ ಸಿಗುತ್ತಿಲ್ಲ.,Kannada,High,2026-07-07T08:51,Synthetic Demo Data
REQ002331,612877,Tharabana Halli,Bangalore,KARNATAKA,Electricity,ಗ್ರಾಮದ ಪ್ರಮುಖ ರಸ್ತೆಗಳಲ್ಲಿ ಬೀದಿದೀಪಗಳ ಸೌಲಭ್ಯ ಕಲ್ಪಿಸಬೇಕಾಗಿದೆ.,Kannada,Low,2026-07-03T15:49,Synthetic Demo Data
REQ002332,612877,Tharabana Halli,Bangalore,KARNATAKA,Education,ಗ್ರಾಮದ ಶಾಲಾ ಆವರಣ ಹಾಗೂ ಆಟದ ಮೈದಾನ ದುರಸ್ತಿ ಮಾಡಬೇಕಾಗಿದೆ.,Kannada,High,2026-09-09T15:49,Synthetic Demo Data
REQ002333,612877,Tharabana Halli,Bangalore,KARNATAKA,Drainage,ಚರಂಡಿ ಕೊರತೆಯಿಂದ ನೀರು ನಿಂತು ಸೊಳ್ಳೆಗಳ ಕಾಟ ಹೆಚ್ಚಾಗಿದೆ.,Kannada,Medium,2026-08-12T11:34,Synthetic Demo Data
REQ002334,612877,Tharabana Halli,Bangalore,KARNATAKA,Digital Connectivity,ಹೈಸ್ಪೀಡ್ ಇಂಟರ್ನೆಟ್ ಮತ್ತು ಸಿಎಸ್ಸಿ ಸೇವೆಗಳು ಲಭ್ಯವಿಲ್ಲ.,Kannada,High,2026-08-01T21:01,Synthetic Demo Data
REQ002335,612877,Tharabana Halli,Bangalore,KARNATAKA,Drainage,Residents are requesting proper concrete covered drainage near residential areas.,English,High,2026-08-07T14:26,Synthetic Demo Data
REQ002336,612877,Tharabana Halli,Bangalore,KARNATAKA,Waste Management,ಮನೆ ಮನೆಗೆ ತೆರಳಿ ಕಸ ಸಂಗ್ರಹಿಸುವ ವ್ಯವಸ್ಥೆ ಬೇಕು ಎಂದು ನಿವಾಸಿಗಳು ಕೋರುತ್ತಿದ್ದಾರೆ.,Kannada,High,2026-07-13T15:19,Synthetic Demo Data
REQ002337,612877,Tharabana Halli,Bangalore,KARNATAKA,Banking,Residents have limited access to nearby banking services and have to travel 10 km.,English,High,2026-07-20T09:54,Synthetic Demo Data
REQ002338,612877,Tharabana Halli,Bangalore,KARNATAKA,Banking,गांव में एटीएम या बैंकिंग सुविधा उपलब्ध कराई जाए।,Hindi,Medium,2026-08-04T11:07,Synthetic Demo Data
REQ002339,612877,Tharabana Halli,Bangalore,KARNATAKA,Electricity,ಗ್ರಾಮದ ಪ್ರಮುಖ ರಸ್ತೆಗಳಲ್ಲಿ ಬೀದಿದೀಪಗಳ ಸೌಲಭ್ಯ ಕಲ್ಪಿಸಬೇಕಾಗಿದೆ.,Kannada,Medium,2026-09-07T20:32,Synthetic Demo Data
REQ002340,612877,Tharabana Halli,Bangalore,KARNATAKA,Drainage,Poor drainage is causing stagnant water and mosquito breeding in the village.,English,Medium,2026-08-15T08:22,Synthetic Demo Data
REQ002341,612877,Tharabana Halli,Bangalore,KARNATAKA,Waste Management,Residents are requesting a better door-to-door waste collection system.,English,Low,2026-07-03T08:04,Synthetic Demo Data
REQ002342,612877,Tharabana Halli,Bangalore,KARNATAKA,Waste Management,ಮನೆ ಮನೆಗೆ ತೆರಳಿ ಕಸ ಸಂಗ್ರಹಿಸುವ ವ್ಯವಸ್ಥೆ ಬೇಕು ಎಂದು ನಿವಾಸಿಗಳು ಕೋರುತ್ತಿದ್ದಾರೆ.,Kannada,Low,2026-09-07T12:30,Synthetic Demo Data
REQ002343,612877,Tharabana Halli,Bangalore,KARNATAKA,Banking,The village needs better access to banking facilities and loan services.,English,High,2026-08-19T19:06,Synthetic Demo Data
REQ002344,612877,Tharabana Halli,Bangalore,KARNATAKA,Electricity,Residents report voltage fluctuations affecting agriculture pump sets.,English,High,2026-07-25T21:49,Synthetic Demo Data
REQ002345,612877,Tharabana Halli,Bangalore,KARNATAKA,Education,The village needs improved educational facilities and playground repair.,English,High,2026-09-02T20:24,Synthetic Demo Data
REQ002346,612877,Tharabana Halli,Bangalore,KARNATAKA,Road,ಗ್ರಾಮದ ಮುಖ್ಯ ರಸ್ತೆ ಹಾಳಾಗಿದ್ದು ಸಂಚಾರಕ್ಕೆ ತೊಂದರೆಯಾಗಿದೆ.,Kannada,High,2026-07-25T06:36,Synthetic Demo Data
REQ002347,612877,Tharabana Halli,Bangalore,KARNATAKA,Road,सड़क की हालत खराब है और मरम्मत की जरूरत है।,Hindi,Medium,2026-08-23T06:20,Synthetic Demo Data
REQ002348,612877,Tharabana Halli,Bangalore,KARNATAKA,Banking,ಎಟಿಎಂ ಅಥವಾ ಗ್ರಾಮ ಬ್ಯಾಂಕಿಂಗ್ ಸೇವೆ ಒದಗಿಸಲು ಸಾರ್ವಜನಿಕರ ಮನವಿ.,Kannada,Medium,2026-09-10T09:37,Synthetic Demo Data
REQ002349,612877,Tharabana Halli,Bangalore,KARNATAKA,Drainage,ವಸತಿ ಪ್ರದೇಶದ ಬಳಿ ಕಾಂಕ್ರೀಟ್ ಮುಚ್ಚಿದ ಚರಂಡಿ ನಿರ್ಮಿಸಲು ವಿನಂತಿ.,Kannada,Medium,2026-08-13T09:39,Synthetic Demo Data
REQ002350,612877,Tharabana Halli,Bangalore,KARNATAKA,Electricity,The village needs improved electricity infrastructure and street lighting.,English,High,2026-08-09T19:18,Synthetic Demo Data
REQ002351,612877,Tharabana Halli,Bangalore,KARNATAKA,Water,ಗ್ರಾಮಕ್ಕೆ ಶುದ್ಧ ಕುಡಿಯುವ ನೀರಿನ ಆರ್‌ಒ ಘಟಕದ ಅಗತ್ಯವಿದೆ.,Kannada,Medium,2026-07-18T14:52,Synthetic Demo Data
REQ002352,612877,Tharabana Halli,Bangalore,KARNATAKA,Healthcare,ಸಂಜೆ 5 ರ ನಂತರ ಸಮೀಪದ ಆರೋಗ್ಯ ಕೇಂದ್ರಕ್ಕೆ ಹೋಗಲು ಕಷ್ಟವಾಗುತ್ತಿದೆ.,Kannada,Low,2026-07-10T17:04,Synthetic Demo Data
REQ002353,612877,Tharabana Halli,Bangalore,KARNATAKA,Healthcare,Residents have limited access to a nearby health facility after 5 PM.,English,High,2026-08-06T16:11,Synthetic Demo Data
REQ002354,612878,Sasiveghatta,Bangalore,KARNATAKA,Public Transport,People are requesting more reliable BMTC/KSRTC public transport services.,English,Medium,2026-07-13T17:07,Synthetic Demo Data
REQ002355,612878,Sasiveghatta,Bangalore,KARNATAKA,Drainage,ಚರಂಡಿ ಕೊರತೆಯಿಂದ ನೀರು ನಿಂತು ಸೊಳ್ಳೆಗಳ ಕಾಟ ಹೆಚ್ಚಾಗಿದೆ.,Kannada,High,2026-07-16T11:36,Synthetic Demo Data
REQ002356,612878,Sasiveghatta,Bangalore,KARNATAKA,Waste Management,Garbage is not being collected regularly in residential lanes.,English,High,2026-08-09T08:51,Synthetic Demo Data
REQ002357,612878,Sasiveghatta,Bangalore,KARNATAKA,Public Transport,People are requesting more reliable BMTC/KSRTC public transport services.,English,Medium,2026-09-09T15:06,Synthetic Demo Data
REQ002358,612878,Sasiveghatta,Bangalore,KARNATAKA,Banking,People are requesting easier access to ATM or banking kiosk services.,English,High,2026-08-23T08:42,Synthetic Demo Data
REQ002359,612878,Sasiveghatta,Bangalore,KARNATAKA,Road,The main approach road near the village is damaged and difficult to use.,English,High,2026-09-14T06:06,Synthetic Demo Data
REQ002360,612878,Sasiveghatta,Bangalore,KARNATAKA,Banking,ಗ್ರಾಮದಲ್ಲಿ ಬ್ಯಾಂಕ್ ಸೇವೆಗಳು ಮತ್ತು ಸಾಲ ಸೌಲಭ್ಯಗಳು ಸುಲಭವಾಗಿ ಸಿಗುತ್ತಿಲ್ಲ.,Kannada,Medium,2026-07-14T14:10,Synthetic Demo Data
REQ002361,612878,Sasiveghatta,Bangalore,KARNATAKA,Education,Students have difficulty accessing nearby secondary education without bus.,English,High,2026-07-22T11:41,Synthetic Demo Data
REQ002362,612878,Sasiveghatta,Bangalore,KARNATAKA,Banking,People are requesting easier access to ATM or banking kiosk services.,English,Medium,2026-07-03T21:13,Synthetic Demo Data
REQ002363,612878,Sasiveghatta,Bangalore,KARNATAKA,Public Transport,ವಿಶ್ವಾಸಾರ್ಹ ಸಾರಿಗೆ ಬಸ್ ಸೇವೆಗಳನ್ನು ಹೆಚ್ಚಿಸಲು ವಿನಂತಿ.,Kannada,Low,2026-09-04T13:26,Synthetic Demo Data
REQ002364,612878,Sasiveghatta,Bangalore,KARNATAKA,Water,ಗ್ರಾಮಕ್ಕೆ ಶುದ್ಧ ಕುಡಿಯುವ ನೀರಿನ ಆರ್‌ಒ ಘಟಕದ ಅಗತ್ಯವಿದೆ.,Kannada,Medium,2026-07-25T21:35,Synthetic Demo Data
REQ002365,612878,Sasiveghatta,Bangalore,KARNATAKA,Waste Management,ಮನೆ ಮನೆಗೆ ತೆರಳಿ ಕಸ ಸಂಗ್ರಹಿಸುವ ವ್ಯವಸ್ಥೆ ಬೇಕು ಎಂದು ನಿವಾಸಿಗಳು ಕೋರುತ್ತಿದ್ದಾರೆ.,Kannada,Medium,2026-07-25T15:22,Synthetic Demo Data
REQ002366,612878,Sasiveghatta,Bangalore,KARNATAKA,Drainage,नालियों में पानी भर जाने से जलभराव हो रहा है।,Hindi,Low,2026-08-06T14:15,Synthetic Demo Data
REQ002367,612878,Sasiveghatta,Bangalore,KARNATAKA,Education,The village needs improved educational facilities and playground repair.,English,Medium,2026-09-16T21:00,Synthetic Demo Data
REQ002368,612879,Soladevanahalli,Bangalore,KARNATAKA,Banking,ಎಟಿಎಂ ಅಥವಾ ಗ್ರಾಮ ಬ್ಯಾಂಕಿಂಗ್ ಸೇವೆ ಒದಗಿಸಲು ಸಾರ್ವಜನಿಕರ ಮನವಿ.,Kannada,Medium,2026-07-17T11:52,Synthetic Demo Data
REQ002369,612879,Soladevanahalli,Bangalore,KARNATAKA,Digital Connectivity,ಗ್ರಾಮದ ಒಳಭಾಗದಲ್ಲಿ ಮೊಬೈಲ್ ನೆಟ್‌ವರ್ಕ್ ಸಿಗುತ್ತಿಲ್ಲ.,Kannada,High,2026-07-06T13:15,Synthetic Demo Data
REQ002370,612879,Soladevanahalli,Bangalore,KARNATAKA,Public Transport,People are requesting more reliable BMTC/KSRTC public transport services.,English,Medium,2026-07-28T14:07,Synthetic Demo Data
REQ002371,612879,Soladevanahalli,Bangalore,KARNATAKA,Education,The village needs improved educational facilities and playground repair.,English,High,2026-07-02T19:06,Synthetic Demo Data
REQ002372,612879,Soladevanahalli,Bangalore,KARNATAKA,Road,ಗ್ರಾಮದ ಮುಖ್ಯ ರಸ್ತೆ ಹಾಳಾಗಿದ್ದು ಸಂಚಾರಕ್ಕೆ ತೊಂದರೆಯಾಗಿದೆ.,Kannada,Medium,2026-07-16T17:20,Synthetic Demo Data
REQ002373,612879,Soladevanahalli,Bangalore,KARNATAKA,Banking,"ಬ್ಯಾಂಕಿಂಗ್ ಸೇವೆಗೆ 10 ಕಿ.ಮೀ ದೂರ ಹೋಗಬೇಕಾಗಿದ್ದು, ಸ್ಥಳೀಯ ಕಿಯೋಸ್ಕ್ ಅಗತ್ಯವಿದೆ.",Kannada,Medium,2026-08-26T12:54,Synthetic Demo Data
REQ002374,612879,Soladevanahalli,Bangalore,KARNATAKA,Digital Connectivity,ಹೈಸ್ಪೀಡ್ ಇಂಟರ್ನೆಟ್ ಮತ್ತು ಸಿಎಸ್ಸಿ ಸೇವೆಗಳು ಲಭ್ಯವಿಲ್ಲ.,Kannada,High,2026-08-01T21:31,Synthetic Demo Data
REQ002375,612879,Soladevanahalli,Bangalore,KARNATAKA,Banking,ಗ್ರಾಮದಲ್ಲಿ ಬ್ಯಾಂಕ್ ಸೇವೆಗಳು ಮತ್ತು ಸಾಲ ಸೌಲಭ್ಯಗಳು ಸುಲಭವಾಗಿ ಸಿಗುತ್ತಿಲ್ಲ.,Kannada,High,2026-08-29T11:03,Synthetic Demo Data
REQ002376,612879,Soladevanahalli,Bangalore,KARNATAKA,Electricity,The village needs improved electricity infrastructure and street lighting.,English,Medium,2026-08-07T12:26,Synthetic Demo Data
REQ002377,612879,Soladevanahalli,Bangalore,KARNATAKA,Drainage,ಚರಂಡಿ ಕೊರತೆಯಿಂದ ನೀರು ನಿಂತು ಸೊಳ್ಳೆಗಳ ಕಾಟ ಹೆಚ್ಚಾಗಿದೆ.,Kannada,High,2026-08-24T06:30,Synthetic Demo Data
REQ002378,612879,Soladevanahalli,Bangalore,KARNATAKA,Electricity,ಗ್ರಾಮದ ಪ್ರಮುಖ ರಸ್ತೆಗಳಲ್ಲಿ ಬೀದಿದೀಪಗಳ ಸೌಲಭ್ಯ ಕಲ್ಪಿಸಬೇಕಾಗಿದೆ.,Kannada,Medium,2026-08-08T13:28,Synthetic Demo Data
REQ002379,612879,Soladevanahalli,Bangalore,KARNATAKA,Waste Management,Waste is accumulating near residential areas and temple road.,English,Low,2026-08-04T11:30,Synthetic Demo Data
REQ002380,612879,Soladevanahalli,Bangalore,KARNATAKA,Waste Management,Garbage is not being collected regularly in residential lanes.,English,Medium,2026-09-01T18:14,Synthetic Demo Data
REQ002381,612879,Soladevanahalli,Bangalore,KARNATAKA,Banking,Residents have limited access to nearby banking services and have to travel 10 km.,English,Low,2026-07-15T14:46,Synthetic Demo Data
REQ002382,612879,Soladevanahalli,Bangalore,KARNATAKA,Road,ಗ್ರಾಮದ ಮುಖ್ಯ ರಸ್ತೆ ಹಾಳಾಗಿದ್ದು ಸಂಚಾರಕ್ಕೆ ತೊಂದರೆಯಾಗಿದೆ.,Kannada,High,2026-09-05T15:47,Synthetic Demo Data
REQ002383,612879,Soladevanahalli,Bangalore,KARNATAKA,Healthcare,ನಮ್ಮ ಗ್ರಾಮಕ್ಕೆ ಪ್ರಾಥಮಿಕ ಆರೋಗ್ಯ ಕೇಂದ್ರದ ಸುಲಭ ಪ್ರವೇಶ ಬೇಕಾಗಿದೆ.,Kannada,High,2026-08-06T14:51,Synthetic Demo Data
REQ002384,612879,Soladevanahalli,Bangalore,KARNATAKA,Waste Management,गांव में कचरा समय पर नहीं उठाया जा रहा है।,Hindi,Low,2026-09-12T11:40,Synthetic Demo Data
REQ002385,612879,Soladevanahalli,Bangalore,KARNATAKA,Healthcare,ನಮ್ಮ ಗ್ರಾಮಕ್ಕೆ ಪ್ರಾಥಮಿಕ ಆರೋಗ್ಯ ಕೇಂದ್ರದ ಸುಲಭ ಪ್ರವೇಶ ಬೇಕಾಗಿದೆ.,Kannada,Low,2026-08-11T19:36,Synthetic Demo Data
REQ002386,612879,Soladevanahalli,Bangalore,KARNATAKA,Road,ಗ್ರಾಮದ ಮುಖ್ಯ ರಸ್ತೆ ಹಾಳಾಗಿದ್ದು ಸಂಚಾರಕ್ಕೆ ತೊಂದರೆಯಾಗಿದೆ.,Kannada,High,2026-08-09T19:16,Synthetic Demo Data
REQ002387,612879,Soladevanahalli,Bangalore,KARNATAKA,Public Transport,ಬೆಳಿಗ್ಗೆ ಮತ್ತು ಸಂಜೆ ವೇಳೆಯಲ್ಲಿ ಹೆಚ್ಚಿನ ಬಸ್ ಸಂಚಾರ ಬೇಕಾಗಿದೆ.,Kannada,Medium,2026-09-16T17:06,Synthetic Demo Data
REQ002388,612879,Soladevanahalli,Bangalore,KARNATAKA,Healthcare,The village needs easier access to primary healthcare center.,English,High,2026-08-13T17:30,Synthetic Demo Data
REQ002389,612879,Soladevanahalli,Bangalore,KARNATAKA,Electricity,ವೋಲ್ಟೇಜ್ ಏರಿಳಿತದಿಂದ ಪಂಪ್‌ಸೆಟ್‌ಗಳಿಗೆ ತೊಂದರೆಯಾಗುತ್ತಿದೆ.,Kannada,High,2026-09-10T06:44,Synthetic Demo Data
REQ002390,612879,Soladevanahalli,Bangalore,KARNATAKA,Drainage,Drainage overflows during heavy rain and causes waterlogging near the school.,English,High,2026-07-06T12:29,Synthetic Demo Data
REQ002391,612879,Soladevanahalli,Bangalore,KARNATAKA,Healthcare,प्राथमिक स्वास्थ्य केंद्र में बेहतर सुविधाओं की आवश्यकता है।,Hindi,High,2026-09-09T20:45,Synthetic Demo Data
REQ002392,612879,Soladevanahalli,Bangalore,KARNATAKA,Drainage,Drainage overflows during heavy rain and causes waterlogging near the school.,English,Medium,2026-07-05T14:00,Synthetic Demo Data
REQ002393,612879,Soladevanahalli,Bangalore,KARNATAKA,Banking,ಗ್ರಾಮದಲ್ಲಿ ಬ್ಯಾಂಕ್ ಸೇವೆಗಳು ಮತ್ತು ಸಾಲ ಸೌಲಭ್ಯಗಳು ಸುಲಭವಾಗಿ ಸಿಗುತ್ತಿಲ್ಲ.,Kannada,Medium,2026-08-27T12:05,Synthetic Demo Data
REQ002394,612879,Soladevanahalli,Bangalore,KARNATAKA,Road,ಗ್ರಾಮದ ಮುಖ್ಯ ರಸ್ತೆ ಹಾಳಾಗಿದ್ದು ಸಂಚಾರಕ್ಕೆ ತೊಂದರೆಯಾಗಿದೆ.,Kannada,High,2026-08-02T13:02,Synthetic Demo Data
REQ002395,612879,Soladevanahalli,Bangalore,KARNATAKA,Healthcare,ನಮ್ಮ ಗ್ರಾಮಕ್ಕೆ ಪ್ರಾಥಮಿಕ ಆರೋಗ್ಯ ಕೇಂದ್ರದ ಸುಲಭ ಪ್ರವೇಶ ಬೇಕಾಗಿದೆ.,Kannada,Medium,2026-07-01T21:52,Synthetic Demo Data
REQ002396,612879,Soladevanahalli,Bangalore,KARNATAKA,Banking,The village needs better access to banking facilities and loan services.,English,High,2026-09-03T13:59,Synthetic Demo Data
REQ002397,612880,Kumbarahalli,Bangalore,KARNATAKA,Education,ಗ್ರಾಮದ ಶಾಲಾ ಆವರಣ ಹಾಗೂ ಆಟದ ಮೈದಾನ ದುರಸ್ತಿ ಮಾಡಬೇಕಾಗಿದೆ.,Kannada,High,2026-08-15T20:35,Synthetic Demo Data
REQ002398,612880,Kumbarahalli,Bangalore,KARNATAKA,Public Transport,ಬೆಳಿಗ್ಗೆ ಮತ್ತು ಸಂಜೆ ವೇಳೆಯಲ್ಲಿ ಹೆಚ್ಚಿನ ಬಸ್ ಸಂಚಾರ ಬೇಕಾಗಿದೆ.,Kannada,Low,2026-09-12T06:42,Synthetic Demo Data
REQ002399,612880,Kumbarahalli,Bangalore,KARNATAKA,Waste Management,ಕಸವನ್ನು ನಿಯಮಿತವಾಗಿ ವಿಲೇವಾರಿ ಮಾಡಲಾಗುತ್ತಿಲ್ಲ.,Kannada,High,2026-07-06T11:12,Synthetic Demo Data
REQ002400,612880,Kumbarahalli,Bangalore,KARNATAKA,Electricity,ವೋಲ್ಟೇಜ್ ಏರಿಳಿತದಿಂದ ಪಂಪ್‌ಸೆಟ್‌ಗಳಿಗೆ ತೊಂದರೆಯಾಗುತ್ತಿದೆ.,Kannada,Medium,2026-08-27T13:39,Synthetic Demo Data
REQ002401,612880,Kumbarahalli,Bangalore,KARNATAKA,Drainage,ವಸತಿ ಪ್ರದೇಶದ ಬಳಿ ಕಾಂಕ್ರೀಟ್ ಮುಚ್ಚಿದ ಚರಂಡಿ ನಿರ್ಮಿಸಲು ವಿನಂತಿ.,Kannada,High,2026-08-08T19:09,Synthetic Demo Data
REQ002402,612880,Kumbarahalli,Bangalore,KARNATAKA,Digital Connectivity,People are requesting a local digital service facility (Bapuji Seva Kendra).,English,Medium,2026-07-01T11:23,Synthetic Demo Data
REQ002403,612880,Kumbarahalli,Bangalore,KARNATAKA,Water,ಗ್ರಾಮಕ್ಕೆ ಶುದ್ಧ ಕುಡಿಯುವ ನೀರಿನ ಆರ್‌ಒ ಘಟಕದ ಅಗತ್ಯವಿದೆ.,Kannada,High,2026-07-21T12:04,Synthetic Demo Data
REQ002404,612880,Kumbarahalli,Bangalore,KARNATAKA,Waste Management,ಕಸವನ್ನು ನಿಯಮಿತವಾಗಿ ವಿಲೇವಾರಿ ಮಾಡಲಾಗುತ್ತಿಲ್ಲ.,Kannada,Medium,2026-07-22T14:45,Synthetic Demo Data
REQ002405,612880,Kumbarahalli,Bangalore,KARNATAKA,Healthcare,Residents are requesting improved local healthcare access and medicine availability.,English,Medium,2026-09-14T16:56,Synthetic Demo Data
REQ002406,612880,Kumbarahalli,Bangalore,KARNATAKA,Healthcare,Residents are requesting improved local healthcare access and medicine availability.,English,Medium,2026-09-11T12:28,Synthetic Demo Data
REQ002407,612880,Kumbarahalli,Bangalore,KARNATAKA,Healthcare,Residents have limited access to a nearby health facility after 5 PM.,English,High,2026-08-03T12:59,Synthetic Demo Data
REQ002408,612880,Kumbarahalli,Bangalore,KARNATAKA,Public Transport,The village needs better bus frequency during morning and evening hours.,English,High,2026-08-07T18:49,Synthetic Demo Data
REQ002409,612880,Kumbarahalli,Bangalore,KARNATAKA,Healthcare,Residents are requesting improved local healthcare access and medicine availability.,English,High,2026-07-17T07:14,Synthetic Demo Data
REQ002410,612880,Kumbarahalli,Bangalore,KARNATAKA,Public Transport,ಬೆಳಿಗ್ಗೆ ಮತ್ತು ಸಂಜೆ ವೇಳೆಯಲ್ಲಿ ಹೆಚ್ಚಿನ ಬಸ್ ಸಂಚಾರ ಬೇಕಾಗಿದೆ.,Kannada,Medium,2026-08-20T10:03,Synthetic Demo Data
REQ002411,612880,Kumbarahalli,Bangalore,KARNATAKA,Healthcare,ನಮ್ಮ ಗ್ರಾಮಕ್ಕೆ ಪ್ರಾಥಮಿಕ ಆರೋಗ್ಯ ಕೇಂದ್ರದ ಸುಲಭ ಪ್ರವೇಶ ಬೇಕಾಗಿದೆ.,Kannada,Medium,2026-07-31T07:32,Synthetic Demo Data
REQ002412,612880,Kumbarahalli,Bangalore,KARNATAKA,Banking,ಎಟಿಎಂ ಅಥವಾ ಗ್ರಾಮ ಬ್ಯಾಂಕಿಂಗ್ ಸೇವೆ ಒದಗಿಸಲು ಸಾರ್ವಜನಿಕರ ಮನವಿ.,Kannada,High,2026-09-09T08:21,Synthetic Demo Data
REQ002413,612880,Kumbarahalli,Bangalore,KARNATAKA,Healthcare,ಸಂಜೆ 5 ರ ನಂತರ ಸಮೀಪದ ಆರೋಗ್ಯ ಕೇಂದ್ರಕ್ಕೆ ಹೋಗಲು ಕಷ್ಟವಾಗುತ್ತಿದೆ.,Kannada,High,2026-07-18T11:02,Synthetic Demo Data
REQ002414,612880,Kumbarahalli,Bangalore,KARNATAKA,Healthcare,The village needs easier access to primary healthcare center.,English,High,2026-07-29T08:33,Synthetic Demo Data
REQ002415,612880,Kumbarahalli,Bangalore,KARNATAKA,Waste Management,ವಸತಿ ಪ್ರದೇಶಗಳ ಬಳಿ ಕಸ ಶೇಖರಣೆಯಾಗುತ್ತಿದೆ.,Kannada,Medium,2026-09-08T08:47,Synthetic Demo Data
REQ002416,612881,Kempapura,Bangalore,KARNATAKA,Electricity,ಗ್ರಾಮದ ಪ್ರಮುಖ ರಸ್ತೆಗಳಲ್ಲಿ ಬೀದಿದೀಪಗಳ ಸೌಲಭ್ಯ ಕಲ್ಪಿಸಬೇಕಾಗಿದೆ.,Kannada,High,2026-08-13T06:02,Synthetic Demo Data
REQ002417,612881,Kempapura,Bangalore,KARNATAKA,Electricity,The village needs improved electricity infrastructure and street lighting.,English,Medium,2026-07-04T08:20,Synthetic Demo Data
REQ002418,612881,Kempapura,Bangalore,KARNATAKA,Waste Management,Residents are requesting a better door-to-door waste collection system.,English,Medium,2026-07-11T12:30,Synthetic Demo Data
REQ002419,612881,Kempapura,Bangalore,KARNATAKA,Banking,"ಬ್ಯಾಂಕಿಂಗ್ ಸೇವೆಗೆ 10 ಕಿ.ಮೀ ದೂರ ಹೋಗಬೇಕಾಗಿದ್ದು, ಸ್ಥಳೀಯ ಕಿಯೋಸ್ಕ್ ಅಗತ್ಯವಿದೆ.",Kannada,Medium,2026-07-08T06:46,Synthetic Demo Data
REQ002420,612881,Kempapura,Bangalore,KARNATAKA,Waste Management,ವಸತಿ ಪ್ರದೇಶಗಳ ಬಳಿ ಕಸ ಶೇಖರಣೆಯಾಗುತ್ತಿದೆ.,Kannada,Medium,2026-09-03T15:48,Synthetic Demo Data
REQ002421,612881,Kempapura,Bangalore,KARNATAKA,Waste Management,ಮನೆ ಮನೆಗೆ ತೆರಳಿ ಕಸ ಸಂಗ್ರಹಿಸುವ ವ್ಯವಸ್ಥೆ ಬೇಕು ಎಂದು ನಿವಾಸಿಗಳು ಕೋರುತ್ತಿದ್ದಾರೆ.,Kannada,Low,2026-09-15T21:18,Synthetic Demo Data
REQ002422,612881,Kempapura,Bangalore,KARNATAKA,Healthcare,The village needs easier access to primary healthcare center.,English,High,2026-08-06T07:20,Synthetic Demo Data
REQ002423,612881,Kempapura,Bangalore,KARNATAKA,Healthcare,ಸಂಜೆ 5 ರ ನಂತರ ಸಮೀಪದ ಆರೋಗ್ಯ ಕೇಂದ್ರಕ್ಕೆ ಹೋಗಲು ಕಷ್ಟವಾಗುತ್ತಿದೆ.,Kannada,Medium,2026-07-06T07:00,Synthetic Demo Data
REQ002424,612881,Kempapura,Bangalore,KARNATAKA,Digital Connectivity,Residents have limited access to high-speed internet and CSC services.,English,High,2026-08-13T08:23,Synthetic Demo Data
REQ002425,612881,Kempapura,Bangalore,KARNATAKA,Public Transport,ಬೆಳಿಗ್ಗೆ ಮತ್ತು ಸಂಜೆ ವೇಳೆಯಲ್ಲಿ ಹೆಚ್ಚಿನ ಬಸ್ ಸಂಚಾರ ಬೇಕಾಗಿದೆ.,Kannada,Medium,2026-09-11T09:15,Synthetic Demo Data
REQ002426,612881,Kempapura,Bangalore,KARNATAKA,Healthcare,Residents are requesting improved local healthcare access and medicine availability.,English,High,2026-08-11T17:42,Synthetic Demo Data
REQ002427,612881,Kempapura,Bangalore,KARNATAKA,Water,ಬೇಸಿಗೆಯಲ್ಲಿ ಶುದ್ಧ ಕುಡಿಯುವ ನೀರಿನ ಕೊರತೆ ಎದುರಾಗುತ್ತಿದೆ.,Kannada,Medium,2026-08-18T07:35,Synthetic Demo Data
REQ002428,612881,Kempapura,Bangalore,KARNATAKA,Public Transport,The village needs better bus frequency during morning and evening hours.,English,Medium,2026-07-31T19:38,Synthetic Demo Data
REQ002429,612882,Kalathammanahalli,Bangalore,KARNATAKA,Banking,Residents have limited access to nearby banking services and have to travel 10 km.,English,Medium,2026-07-03T11:08,Synthetic Demo Data
REQ002430,612882,Kalathammanahalli,Bangalore,KARNATAKA,Water,ಬೇಸಿಗೆಯಲ್ಲಿ ಶುದ್ಧ ಕುಡಿಯುವ ನೀರಿನ ಕೊರತೆ ಎದುರಾಗುತ್ತಿದೆ.,Kannada,Low,2026-08-20T14:53,Synthetic Demo Data
REQ002431,612882,Kalathammanahalli,Bangalore,KARNATAKA,Healthcare,Residents are requesting improved local healthcare access and medicine availability.,English,Medium,2026-08-03T14:54,Synthetic Demo Data
REQ002432,612882,Kalathammanahalli,Bangalore,KARNATAKA,Digital Connectivity,ಹೈಸ್ಪೀಡ್ ಇಂಟರ್ನೆಟ್ ಮತ್ತು ಸಿಎಸ್ಸಿ ಸೇವೆಗಳು ಲಭ್ಯವಿಲ್ಲ.,Kannada,Medium,2026-08-01T12:24,Synthetic Demo Data
REQ002433,612882,Kalathammanahalli,Bangalore,KARNATAKA,Public Transport,ವಿಶ್ವಾಸಾರ್ಹ ಸಾರಿಗೆ ಬಸ್ ಸೇವೆಗಳನ್ನು ಹೆಚ್ಚಿಸಲು ವಿನಂತಿ.,Kannada,High,2026-08-04T13:09,Synthetic Demo Data
REQ002434,612882,Kalathammanahalli,Bangalore,KARNATAKA,Digital Connectivity,ಹೈಸ್ಪೀಡ್ ಇಂಟರ್ನೆಟ್ ಮತ್ತು ಸಿಎಸ್ಸಿ ಸೇವೆಗಳು ಲಭ್ಯವಿಲ್ಲ.,Kannada,Medium,2026-08-07T11:33,Synthetic Demo Data
REQ002435,612882,Kalathammanahalli,Bangalore,KARNATAKA,Education,The village needs improved educational facilities and playground repair.,English,High,2026-08-08T11:01,Synthetic Demo Data
REQ002436,612882,Kalathammanahalli,Bangalore,KARNATAKA,Waste Management,ಮನೆ ಮನೆಗೆ ತೆರಳಿ ಕಸ ಸಂಗ್ರಹಿಸುವ ವ್ಯವಸ್ಥೆ ಬೇಕು ಎಂದು ನಿವಾಸಿಗಳು ಕೋರುತ್ತಿದ್ದಾರೆ.,Kannada,High,2026-09-06T19:13,Synthetic Demo Data
REQ002437,612882,Kalathammanahalli,Bangalore,KARNATAKA,Drainage,नालियों में पानी भर जाने से जलभराव हो रहा है।,Hindi,High,2026-07-06T18:18,Synthetic Demo Data
REQ002438,612882,Kalathammanahalli,Bangalore,KARNATAKA,Banking,People are requesting easier access to ATM or banking kiosk services.,English,Medium,2026-08-17T15:55,Synthetic Demo Data
REQ002439,612882,Kalathammanahalli,Bangalore,KARNATAKA,Banking,ಎಟಿಎಂ ಅಥವಾ ಗ್ರಾಮ ಬ್ಯಾಂಕಿಂಗ್ ಸೇವೆ ಒದಗಿಸಲು ಸಾರ್ವಜನಿಕರ ಮನವಿ.,Kannada,Medium,2026-08-17T16:34,Synthetic Demo Data
REQ002440,612882,Kalathammanahalli,Bangalore,KARNATAKA,Digital Connectivity,ಗ್ರಾಮದ ಒಳಭಾಗದಲ್ಲಿ ಮೊಬೈಲ್ ನೆಟ್‌ವರ್ಕ್ ಸಿಗುತ್ತಿಲ್ಲ.,Kannada,High,2026-07-11T21:24,Synthetic Demo Data
REQ002441,612882,Kalathammanahalli,Bangalore,KARNATAKA,Waste Management,Waste is accumulating near residential areas and temple road.,English,Medium,2026-09-06T06:49,Synthetic Demo Data
REQ002442,612882,Kalathammanahalli,Bangalore,KARNATAKA,Waste Management,ಕಸವನ್ನು ನಿಯಮಿತವಾಗಿ ವಿಲೇವಾರಿ ಮಾಡಲಾಗುತ್ತಿಲ್ಲ.,Kannada,Medium,2026-09-03T11:53,Synthetic Demo Data
REQ002443,612883,Guniagrahara,Bangalore,KARNATAKA,Banking,ಎಟಿಎಂ ಅಥವಾ ಗ್ರಾಮ ಬ್ಯಾಂಕಿಂಗ್ ಸೇವೆ ಒದಗಿಸಲು ಸಾರ್ವಜನಿಕರ ಮನವಿ.,Kannada,Medium,2026-07-08T16:02,Synthetic Demo Data
REQ002444,612883,Guniagrahara,Bangalore,KARNATAKA,Waste Management,Waste is accumulating near residential areas and temple road.,English,High,2026-07-28T12:48,Synthetic Demo Data
REQ002445,612883,Guniagrahara,Bangalore,KARNATAKA,Electricity,ಗ್ರಾಮದ ಪ್ರಮುಖ ರಸ್ತೆಗಳಲ್ಲಿ ಬೀದಿದೀಪಗಳ ಸೌಲಭ್ಯ ಕಲ್ಪಿಸಬೇಕಾಗಿದೆ.,Kannada,High,2026-08-10T09:25,Synthetic Demo Data
REQ002446,612883,Guniagrahara,Bangalore,KARNATAKA,Digital Connectivity,People are requesting a local digital service facility (Bapuji Seva Kendra).,English,High,2026-09-15T20:33,Synthetic Demo Data
REQ002447,612883,Guniagrahara,Bangalore,KARNATAKA,Road,The main approach road near the village is damaged and difficult to use.,English,Medium,2026-09-16T12:15,Synthetic Demo Data
REQ002448,612883,Guniagrahara,Bangalore,KARNATAKA,Healthcare,The village needs easier access to primary healthcare center.,English,Medium,2026-07-18T18:41,Synthetic Demo Data
REQ002449,612883,Guniagrahara,Bangalore,KARNATAKA,Waste Management,ವಸತಿ ಪ್ರದೇಶಗಳ ಬಳಿ ಕಸ ಶೇಖರಣೆಯಾಗುತ್ತಿದೆ.,Kannada,Low,2026-07-10T08:58,Synthetic Demo Data
REQ002450,612883,Guniagrahara,Bangalore,KARNATAKA,Public Transport,Residents report limited public transport access to metro/train stations.,English,Medium,2026-08-11T18:06,Synthetic Demo Data
REQ002451,612883,Guniagrahara,Bangalore,KARNATAKA,Road,ತಾಲೂಕು ಕೇಂದ್ರಕ್ಕೆ ಸಂಪರ್ಕ ಕಲ್ಪಿಸುವ ರಸ್ತೆ ಸುಧಾರಣೆಗೆ ಗ್ರಾಮಸ್ಥರ ಮನವಿ.,Kannada,Medium,2026-09-06T06:00,Synthetic Demo Data
REQ002452,612883,Guniagrahara,Bangalore,KARNATAKA,Banking,ಎಟಿಎಂ ಅಥವಾ ಗ್ರಾಮ ಬ್ಯಾಂಕಿಂಗ್ ಸೇವೆ ಒದಗಿಸಲು ಸಾರ್ವಜನಿಕರ ಮನವಿ.,Kannada,Low,2026-07-04T09:21,Synthetic Demo Data
REQ002453,612883,Guniagrahara,Bangalore,KARNATAKA,Public Transport,ಬೆಳಿಗ್ಗೆ ಮತ್ತು ಸಂಜೆ ವೇಳೆಯಲ್ಲಿ ಹೆಚ್ಚಿನ ಬಸ್ ಸಂಚಾರ ಬೇಕಾಗಿದೆ.,Kannada,Low,2026-09-06T06:15,Synthetic Demo Data
REQ002454,612883,Guniagrahara,Bangalore,KARNATAKA,Digital Connectivity,ಗ್ರಾಮದ ಒಳಭಾಗದಲ್ಲಿ ಮೊಬೈಲ್ ನೆಟ್‌ವರ್ಕ್ ಸಿಗುತ್ತಿಲ್ಲ.,Kannada,Medium,2026-08-03T15:52,Synthetic Demo Data
REQ002455,612883,Guniagrahara,Bangalore,KARNATAKA,Banking,"ಬ್ಯಾಂಕಿಂಗ್ ಸೇವೆಗೆ 10 ಕಿ.ಮೀ ದೂರ ಹೋಗಬೇಕಾಗಿದ್ದು, ಸ್ಥಳೀಯ ಕಿಯೋಸ್ಕ್ ಅಗತ್ಯವಿದೆ.",Kannada,Low,2026-07-01T12:25,Synthetic Demo Data
REQ002456,612883,Guniagrahara,Bangalore,KARNATAKA,Waste Management,Garbage is not being collected regularly in residential lanes.,English,Low,2026-07-10T15:38,Synthetic Demo Data
REQ002457,612883,Guniagrahara,Bangalore,KARNATAKA,Water,ಮೇಲ್ಭಾಗದ ಬಡಾವಣೆಗಳಿಗೆ ನೀರಿನ ಸರಬರಾಜು ಒತ್ತಡ ಸಾಲುತ್ತಿಲ್ಲ.,Kannada,Medium,2026-09-12T15:06,Synthetic Demo Data
REQ002458,612883,Guniagrahara,Bangalore,KARNATAKA,Healthcare,ಸಂಜೆ 5 ರ ನಂತರ ಸಮೀಪದ ಆರೋಗ್ಯ ಕೇಂದ್ರಕ್ಕೆ ಹೋಗಲು ಕಷ್ಟವಾಗುತ್ತಿದೆ.,Kannada,Medium,2026-08-13T06:37,Synthetic Demo Data
REQ002459,612883,Guniagrahara,Bangalore,KARNATAKA,Water,पीने के साफ पानी की व्यवस्था की जाए।,Hindi,High,2026-07-21T12:38,Synthetic Demo Data
REQ002460,612883,Guniagrahara,Bangalore,KARNATAKA,Healthcare,ನಮ್ಮ ಗ್ರಾಮಕ್ಕೆ ಪ್ರಾಥಮಿಕ ಆರೋಗ್ಯ ಕೇಂದ್ರದ ಸುಲಭ ಪ್ರವೇಶ ಬೇಕಾಗಿದೆ.,Kannada,Medium,2026-08-12T16:26,Synthetic Demo Data
REQ002461,612883,Guniagrahara,Bangalore,KARNATAKA,Water,ಬೇಸಿಗೆಯಲ್ಲಿ ಶುದ್ಧ ಕುಡಿಯುವ ನೀರಿನ ಕೊರತೆ ಎದುರಾಗುತ್ತಿದೆ.,Kannada,Medium,2026-08-07T10:33,Synthetic Demo Data
REQ002462,612883,Guniagrahara,Bangalore,KARNATAKA,Healthcare,The village needs easier access to primary healthcare center.,English,Low,2026-07-03T16:15,Synthetic Demo Data
REQ002463,612884,Tarahunase,Bangalore,KARNATAKA,Healthcare,ಸಂಜೆ 5 ರ ನಂತರ ಸಮೀಪದ ಆರೋಗ್ಯ ಕೇಂದ್ರಕ್ಕೆ ಹೋಗಲು ಕಷ್ಟವಾಗುತ್ತಿದೆ.,Kannada,Low,2026-07-06T09:07,Synthetic Demo Data
REQ002464,612884,Tarahunase,Bangalore,KARNATAKA,Public Transport,ಬೆಳಿಗ್ಗೆ ಮತ್ತು ಸಂಜೆ ವೇಳೆಯಲ್ಲಿ ಹೆಚ್ಚಿನ ಬಸ್ ಸಂಚಾರ ಬೇಕಾಗಿದೆ.,Kannada,Low,2026-07-25T07:33,Synthetic Demo Data
REQ002465,612884,Tarahunase,Bangalore,KARNATAKA,Banking,ಗ್ರಾಮದಲ್ಲಿ ಬ್ಯಾಂಕ್ ಸೇವೆಗಳು ಮತ್ತು ಸಾಲ ಸೌಲಭ್ಯಗಳು ಸುಲಭವಾಗಿ ಸಿಗುತ್ತಿಲ್ಲ.,Kannada,Low,2026-07-12T06:24,Synthetic Demo Data
REQ002466,612884,Tarahunase,Bangalore,KARNATAKA,Drainage,ಚರಂಡಿ ಕೊರತೆಯಿಂದ ನೀರು ನಿಂತು ಸೊಳ್ಳೆಗಳ ಕಾಟ ಹೆಚ್ಚಾಗಿದೆ.,Kannada,Low,2026-07-28T09:11,Synthetic Demo Data
REQ002467,612884,Tarahunase,Bangalore,KARNATAKA,Public Transport,ಮೆಟ್ರೋ ನಿಲ್ದಾಣಕ್ಕೆ ನೇರ ಬಸ್ ಸಂಪರ್ಕ ಕಲ್ಪಿಸಲು ಗ್ರಾಮಸ್ಥರ ಕೋರಿಕೆ.,Kannada,Medium,2026-08-25T11:27,Synthetic Demo Data
REQ002468,612884,Tarahunase,Bangalore,KARNATAKA,Healthcare,ಸಂಜೆ 5 ರ ನಂತರ ಸಮೀಪದ ಆರೋಗ್ಯ ಕೇಂದ್ರಕ್ಕೆ ಹೋಗಲು ಕಷ್ಟವಾಗುತ್ತಿದೆ.,Kannada,Medium,2026-09-10T10:39,Synthetic Demo Data
REQ002469,612884,Tarahunase,Bangalore,KARNATAKA,Drainage,ಚರಂಡಿ ಕೊರತೆಯಿಂದ ನೀರು ನಿಂತು ಸೊಳ್ಳೆಗಳ ಕಾಟ ಹೆಚ್ಚಾಗಿದೆ.,Kannada,High,2026-07-06T09:15,Synthetic Demo Data
REQ002470,612884,Tarahunase,Bangalore,KARNATAKA,Waste Management,Residents are requesting a better door-to-door waste collection system.,English,Low,2026-07-25T16:19,Synthetic Demo Data
REQ002471,612884,Tarahunase,Bangalore,KARNATAKA,Drainage,Residents are requesting proper concrete covered drainage near residential areas.,English,Medium,2026-09-06T10:26,Synthetic Demo Data
REQ002472,612884,Tarahunase,Bangalore,KARNATAKA,Water,ಗ್ರಾಮಕ್ಕೆ ಶುದ್ಧ ಕುಡಿಯುವ ನೀರಿನ ಆರ್‌ಒ ಘಟಕದ ಅಗತ್ಯವಿದೆ.,Kannada,Medium,2026-07-16T07:06,Synthetic Demo Data
REQ002473,612884,Tarahunase,Bangalore,KARNATAKA,Education,ಗ್ರಾಮದ ಶಾಲಾ ಆವರಣ ಹಾಗೂ ಆಟದ ಮೈದಾನ ದುರಸ್ತಿ ಮಾಡಬೇಕಾಗಿದೆ.,Kannada,High,2026-07-07T17:36,Synthetic Demo Data
REQ002474,612884,Tarahunase,Bangalore,KARNATAKA,Healthcare,ಸಂಜೆ 5 ರ ನಂತರ ಸಮೀಪದ ಆರೋಗ್ಯ ಕೇಂದ್ರಕ್ಕೆ ಹೋಗಲು ಕಷ್ಟವಾಗುತ್ತಿದೆ.,Kannada,High,2026-07-24T06:45,Synthetic Demo Data
REQ002475,612884,Tarahunase,Bangalore,KARNATAKA,Banking,गांव में एटीएम या बैंकिंग सुविधा उपलब्ध कराई जाए।,Hindi,Low,2026-08-21T19:49,Synthetic Demo Data
REQ002476,612884,Tarahunase,Bangalore,KARNATAKA,Healthcare,Residents are requesting improved local healthcare access and medicine availability.,English,High,2026-09-09T20:05,Synthetic Demo Data
REQ002477,612884,Tarahunase,Bangalore,KARNATAKA,Banking,"ಬ್ಯಾಂಕಿಂಗ್ ಸೇವೆಗೆ 10 ಕಿ.ಮೀ ದೂರ ಹೋಗಬೇಕಾಗಿದ್ದು, ಸ್ಥಳೀಯ ಕಿಯೋಸ್ಕ್ ಅಗತ್ಯವಿದೆ.",Kannada,Medium,2026-09-13T18:40,Synthetic Demo Data
REQ002478,612884,Tarahunase,Bangalore,KARNATAKA,Banking,ಗ್ರಾಮದಲ್ಲಿ ಬ್ಯಾಂಕ್ ಸೇವೆಗಳು ಮತ್ತು ಸಾಲ ಸೌಲಭ್ಯಗಳು ಸುಲಭವಾಗಿ ಸಿಗುತ್ತಿಲ್ಲ.,Kannada,Medium,2026-08-07T06:49,Synthetic Demo Data
REQ002479,612884,Tarahunase,Bangalore,KARNATAKA,Healthcare,ಸ್ಥಳೀಯ ಆರೋಗ್ಯ ಸೇವೆಗಳು ಮತ್ತು ಔಷಧಿಗಳ ಲಭ್ಯತೆಯನ್ನು ಸುಧಾರಿಸಲು ವಿನಂತಿ.,Kannada,Medium,2026-07-25T11:56,Synthetic Demo Data
REQ002480,612884,Tarahunase,Bangalore,KARNATAKA,Drainage,ಭಾರೀ ಮಳೆಯಾದಾಗ ಚರಂಡಿ ಉಕ್ಕಿ ಶಾಲೆ ಬಳಿ ನೀರು ನಿಲ್ಲುತ್ತದೆ.,Kannada,High,2026-07-19T19:25,Synthetic Demo Data
REQ002481,612884,Tarahunase,Bangalore,KARNATAKA,Healthcare,प्राथमिक स्वास्थ्य केंद्र में बेहतर सुविधाओं की आवश्यकता है।,Hindi,Medium,2026-07-03T21:09,Synthetic Demo Data
REQ002482,612884,Tarahunase,Bangalore,KARNATAKA,Waste Management,ವಸತಿ ಪ್ರದೇಶಗಳ ಬಳಿ ಕಸ ಶೇಖರಣೆಯಾಗುತ್ತಿದೆ.,Kannada,Low,2026-07-04T20:11,Synthetic Demo Data
REQ002483,612884,Tarahunase,Bangalore,KARNATAKA,Public Transport,ವಿಶ್ವಾಸಾರ್ಹ ಸಾರಿಗೆ ಬಸ್ ಸೇವೆಗಳನ್ನು ಹೆಚ್ಚಿಸಲು ವಿನಂತಿ.,Kannada,High,2026-09-16T13:20,Synthetic Demo Data
REQ002484,612884,Tarahunase,Bangalore,KARNATAKA,Education,Residents are requesting better facilities and computers in the local school.,English,Medium,2026-09-05T10:42,Synthetic Demo Data
REQ002485,612885,Kuduragere,Bangalore,KARNATAKA,Banking,The village needs better access to banking facilities and loan services.,English,Low,2026-08-14T19:56,Synthetic Demo Data
REQ002486,612885,Kuduragere,Bangalore,KARNATAKA,Education,स्कूल में बेहतर सुविधाओं और शिक्षकों की मांग है।,Hindi,Medium,2026-08-25T16:01,Synthetic Demo Data
REQ002487,612885,Kuduragere,Bangalore,KARNATAKA,Healthcare,The village needs easier access to primary healthcare center.,English,Medium,2026-08-15T10:27,Synthetic Demo Data
REQ002488,612885,Kuduragere,Bangalore,KARNATAKA,Education,ಗ್ರಾಮದ ಶಾಲಾ ಆವರಣ ಹಾಗೂ ಆಟದ ಮೈದಾನ ದುರಸ್ತಿ ಮಾಡಬೇಕಾಗಿದೆ.,Kannada,Medium,2026-08-18T17:26,Synthetic Demo Data
REQ002489,612885,Kuduragere,Bangalore,KARNATAKA,Education,Students have difficulty accessing nearby secondary education without bus.,English,High,2026-08-31T19:06,Synthetic Demo Data
REQ002490,612885,Kuduragere,Bangalore,KARNATAKA,Education,Students have difficulty accessing nearby secondary education without bus.,English,Medium,2026-09-06T16:36,Synthetic Demo Data
REQ002491,612885,Kuduragere,Bangalore,KARNATAKA,Waste Management,Garbage is not being collected regularly in residential lanes.,English,High,2026-07-25T14:25,Synthetic Demo Data
REQ002492,612885,Kuduragere,Bangalore,KARNATAKA,Healthcare,ಸಂಜೆ 5 ರ ನಂತರ ಸಮೀಪದ ಆರೋಗ್ಯ ಕೇಂದ್ರಕ್ಕೆ ಹೋಗಲು ಕಷ್ಟವಾಗುತ್ತಿದೆ.,Kannada,Low,2026-08-04T07:54,Synthetic Demo Data
REQ002493,612885,Kuduragere,Bangalore,KARNATAKA,Water,पीने के साफ पानी की व्यवस्था की जाए।,Hindi,Medium,2026-07-01T06:42,Synthetic Demo Data
REQ002494,612885,Kuduragere,Bangalore,KARNATAKA,Electricity,ವೋಲ್ಟೇಜ್ ಏರಿಳಿತದಿಂದ ಪಂಪ್‌ಸೆಟ್‌ಗಳಿಗೆ ತೊಂದರೆಯಾಗುತ್ತಿದೆ.,Kannada,Low,2026-08-19T08:03,Synthetic Demo Data
REQ002495,612885,Kuduragere,Bangalore,KARNATAKA,Water,पीने के साफ पानी की व्यवस्था की जाए।,Hindi,Medium,2026-07-10T08:42,Synthetic Demo Data
REQ002496,612885,Kuduragere,Bangalore,KARNATAKA,Drainage,Drainage overflows during heavy rain and causes waterlogging near the school.,English,High,2026-07-09T18:33,Synthetic Demo Data
REQ002497,612885,Kuduragere,Bangalore,KARNATAKA,Water,Residents report difficulty getting reliable drinking water in summer.,English,High,2026-09-16T08:54,Synthetic Demo Data
REQ002498,612885,Kuduragere,Bangalore,KARNATAKA,Digital Connectivity,ಹೈಸ್ಪೀಡ್ ಇಂಟರ್ನೆಟ್ ಮತ್ತು ಸಿಎಸ್ಸಿ ಸೇವೆಗಳು ಲಭ್ಯವಿಲ್ಲ.,Kannada,Medium,2026-09-05T12:55,Synthetic Demo Data
REQ002499,612885,Kuduragere,Bangalore,KARNATAKA,Healthcare,ಸಂಜೆ 5 ರ ನಂತರ ಸಮೀಪದ ಆರೋಗ್ಯ ಕೇಂದ್ರಕ್ಕೆ ಹೋಗಲು ಕಷ್ಟವಾಗುತ್ತಿದೆ.,Kannada,Medium,2026-07-07T17:14,Synthetic Demo Data
REQ002500,612885,Kuduragere,Bangalore,KARNATAKA,Education,ಸ್ಥಳೀಯ ಸರ್ಕಾರಿ ಶಾಲೆಯಲ್ಲಿ ಕಂಪ್ಯೂಟರ್ ಹಾಗೂ ಶೌಚಾಲಯ ಸೌಲಭ್ಯ ಕಲ್ಪಿಸಲು ಮನವಿ.,Kannada,Medium,2026-09-15T15:25,Synthetic Demo Data
REQ002501,612885,Kuduragere,Bangalore,KARNATAKA,Drainage,Poor drainage is causing stagnant water and mosquito breeding in the village.,English,Low,2026-08-21T19:42,Synthetic Demo Data
REQ002502,612886,Gadenahalli,Bangalore,KARNATAKA,Water,ಬೇಸಿಗೆಯಲ್ಲಿ ಶುದ್ಧ ಕುಡಿಯುವ ನೀರಿನ ಕೊರತೆ ಎದುರಾಗುತ್ತಿದೆ.,Kannada,Medium,2026-07-12T21:46,Synthetic Demo Data
REQ002503,612886,Gadenahalli,Bangalore,KARNATAKA,Healthcare,ಸಂಜೆ 5 ರ ನಂತರ ಸಮೀಪದ ಆರೋಗ್ಯ ಕೇಂದ್ರಕ್ಕೆ ಹೋಗಲು ಕಷ್ಟವಾಗುತ್ತಿದೆ.,Kannada,Low,2026-07-21T08:49,Synthetic Demo Data
REQ002504,612886,Gadenahalli,Bangalore,KARNATAKA,Public Transport,ವಿಶ್ವಾಸಾರ್ಹ ಸಾರಿಗೆ ಬಸ್ ಸೇವೆಗಳನ್ನು ಹೆಚ್ಚಿಸಲು ವಿನಂತಿ.,Kannada,Medium,2026-08-03T08:12,Synthetic Demo Data
REQ002505,612886,Gadenahalli,Bangalore,KARNATAKA,Drainage,ಭಾರೀ ಮಳೆಯಾದಾಗ ಚರಂಡಿ ಉಕ್ಕಿ ಶಾಲೆ ಬಳಿ ನೀರು ನಿಲ್ಲುತ್ತದೆ.,Kannada,Low,2026-08-10T17:45,Synthetic Demo Data
REQ002506,612886,Gadenahalli,Bangalore,KARNATAKA,Banking,ಗ್ರಾಮದಲ್ಲಿ ಬ್ಯಾಂಕ್ ಸೇವೆಗಳು ಮತ್ತು ಸಾಲ ಸೌಲಭ್ಯಗಳು ಸುಲಭವಾಗಿ ಸಿಗುತ್ತಿಲ್ಲ.,Kannada,High,2026-09-08T08:29,Synthetic Demo Data
REQ002507,612886,Gadenahalli,Bangalore,KARNATAKA,Water,Residents report difficulty getting reliable drinking water in summer.,English,Medium,2026-07-11T11:00,Synthetic Demo Data
REQ002508,612886,Gadenahalli,Bangalore,KARNATAKA,Waste Management,ವಸತಿ ಪ್ರದೇಶಗಳ ಬಳಿ ಕಸ ಶೇಖರಣೆಯಾಗುತ್ತಿದೆ.,Kannada,High,2026-09-04T16:08,Synthetic Demo Data
REQ002509,612886,Gadenahalli,Bangalore,KARNATAKA,Road,ತಾಲೂಕು ಕೇಂದ್ರಕ್ಕೆ ಸಂಪರ್ಕ ಕಲ್ಪಿಸುವ ರಸ್ತೆ ಸುಧಾರಣೆಗೆ ಗ್ರಾಮಸ್ಥರ ಮನವಿ.,Kannada,Medium,2026-07-25T12:28,Synthetic Demo Data
REQ002510,612886,Gadenahalli,Bangalore,KARNATAKA,Water,The village needs improved access to safe drinking water RO plant.,English,High,2026-09-14T07:46,Synthetic Demo Data
REQ002511,612886,Gadenahalli,Bangalore,KARNATAKA,Banking,The village needs better access to banking facilities and loan services.,English,High,2026-08-20T15:32,Synthetic Demo Data
REQ002512,612886,Gadenahalli,Bangalore,KARNATAKA,Water,The village needs improved access to safe drinking water RO plant.,English,High,2026-07-07T13:28,Synthetic Demo Data
REQ002513,612886,Gadenahalli,Bangalore,KARNATAKA,Drainage,ಭಾರೀ ಮಳೆಯಾದಾಗ ಚರಂಡಿ ಉಕ್ಕಿ ಶಾಲೆ ಬಳಿ ನೀರು ನಿಲ್ಲುತ್ತದೆ.,Kannada,Medium,2026-09-07T09:59,Synthetic Demo Data
REQ002514,612886,Gadenahalli,Bangalore,KARNATAKA,Water,ಗ್ರಾಮಕ್ಕೆ ಶುದ್ಧ ಕುಡಿಯುವ ನೀರಿನ ಆರ್‌ಒ ಘಟಕದ ಅಗತ್ಯವಿದೆ.,Kannada,Medium,2026-07-22T11:04,Synthetic Demo Data
REQ002515,612886,Gadenahalli,Bangalore,KARNATAKA,Water,ಬೇಸಿಗೆಯಲ್ಲಿ ಶುದ್ಧ ಕುಡಿಯುವ ನೀರಿನ ಕೊರತೆ ಎದುರಾಗುತ್ತಿದೆ.,Kannada,Low,2026-09-14T11:06,Synthetic Demo Data
REQ002516,612887,Tharabanahalli,Bangalore,KARNATAKA,Education,ಸ್ಥಳೀಯ ಸರ್ಕಾರಿ ಶಾಲೆಯಲ್ಲಿ ಕಂಪ್ಯೂಟರ್ ಹಾಗೂ ಶೌಚಾಲಯ ಸೌಲಭ್ಯ ಕಲ್ಪಿಸಲು ಮನವಿ.,Kannada,High,2026-09-08T16:47,Synthetic Demo Data
REQ002517,612887,Tharabanahalli,Bangalore,KARNATAKA,Public Transport,People are requesting more reliable BMTC/KSRTC public transport services.,English,Medium,2026-07-30T19:55,Synthetic Demo Data
REQ002518,612887,Tharabanahalli,Bangalore,KARNATAKA,Public Transport,People are requesting more reliable BMTC/KSRTC public transport services.,English,High,2026-07-15T11:34,Synthetic Demo Data
REQ002519,612887,Tharabanahalli,Bangalore,KARNATAKA,Education,ಬಸ್ ಕೊರತೆಯಿಂದ ವಿದ್ಯಾರ್ಥಿಗಳಿಗೆ ಪ್ರೌಢಶಾಲೆಗೆ ಹೋಗಲು ತೊಂದರೆಯಾಗಿದೆ.,Kannada,High,2026-09-12T20:47,Synthetic Demo Data
REQ002520,612887,Tharabanahalli,Bangalore,KARNATAKA,Water,Water supply pressure is insufficient for residents on higher lanes.,English,Medium,2026-08-24T18:43,Synthetic Demo Data
REQ002521,612887,Tharabanahalli,Bangalore,KARNATAKA,Banking,ಗ್ರಾಮದಲ್ಲಿ ಬ್ಯಾಂಕ್ ಸೇವೆಗಳು ಮತ್ತು ಸಾಲ ಸೌಲಭ್ಯಗಳು ಸುಲಭವಾಗಿ ಸಿಗುತ್ತಿಲ್ಲ.,Kannada,Medium,2026-08-21T21:15,Synthetic Demo Data
REQ002522,612887,Tharabanahalli,Bangalore,KARNATAKA,Electricity,ಪದೇ ಪದೇ ವಿದ್ಯುತ್ ಕಡಿತವಾಗದಂತೆ ನಿರಂತರ ವಿದ್ಯುತ್ ನೀಡಲು ವಿನಂತಿ.,Kannada,Low,2026-07-02T17:48,Synthetic Demo Data
REQ002523,612887,Tharabanahalli,Bangalore,KARNATAKA,Water,ಬೇಸಿಗೆಯಲ್ಲಿ ಶುದ್ಧ ಕುಡಿಯುವ ನೀರಿನ ಕೊರತೆ ಎದುರಾಗುತ್ತಿದೆ.,Kannada,Medium,2026-07-22T11:14,Synthetic Demo Data
REQ002524,612887,Tharabanahalli,Bangalore,KARNATAKA,Education,ಬಸ್ ಕೊರತೆಯಿಂದ ವಿದ್ಯಾರ್ಥಿಗಳಿಗೆ ಪ್ರೌಢಶಾಲೆಗೆ ಹೋಗಲು ತೊಂದರೆಯಾಗಿದೆ.,Kannada,High,2026-08-20T17:00,Synthetic Demo Data
REQ002525,612887,Tharabanahalli,Bangalore,KARNATAKA,Public Transport,ಮೆಟ್ರೋ ನಿಲ್ದಾಣಕ್ಕೆ ನೇರ ಬಸ್ ಸಂಪರ್ಕ ಕಲ್ಪಿಸಲು ಗ್ರಾಮಸ್ಥರ ಕೋರಿಕೆ.,Kannada,Low,2026-08-03T18:36,Synthetic Demo Data
REQ002526,612887,Tharabanahalli,Bangalore,KARNATAKA,Drainage,ವಸತಿ ಪ್ರದೇಶದ ಬಳಿ ಕಾಂಕ್ರೀಟ್ ಮುಚ್ಚಿದ ಚರಂಡಿ ನಿರ್ಮಿಸಲು ವಿನಂತಿ.,Kannada,Medium,2026-07-23T08:36,Synthetic Demo Data
REQ002527,612887,Tharabanahalli,Bangalore,KARNATAKA,Drainage,Poor drainage is causing stagnant water and mosquito breeding in the village.,English,Medium,2026-07-06T14:15,Synthetic Demo Data
REQ002528,612887,Tharabanahalli,Bangalore,KARNATAKA,Healthcare,Residents have limited access to a nearby health facility after 5 PM.,English,Medium,2026-07-03T11:08,Synthetic Demo Data
REQ002529,612887,Tharabanahalli,Bangalore,KARNATAKA,Electricity,ವೋಲ್ಟೇಜ್ ಏರಿಳಿತದಿಂದ ಪಂಪ್‌ಸೆಟ್‌ಗಳಿಗೆ ತೊಂದರೆಯಾಗುತ್ತಿದೆ.,Kannada,Medium,2026-09-16T13:42,Synthetic Demo Data
REQ002530,612887,Tharabanahalli,Bangalore,KARNATAKA,Public Transport,ವಿಶ್ವಾಸಾರ್ಹ ಸಾರಿಗೆ ಬಸ್ ಸೇವೆಗಳನ್ನು ಹೆಚ್ಚಿಸಲು ವಿನಂತಿ.,Kannada,Medium,2026-08-02T15:41,Synthetic Demo Data
REQ002531,612887,Tharabanahalli,Bangalore,KARNATAKA,Drainage,Poor drainage is causing stagnant water and mosquito breeding in the village.,English,Low,2026-09-17T08:41,Synthetic Demo Data
REQ002532,612887,Tharabanahalli,Bangalore,KARNATAKA,Drainage,ವಸತಿ ಪ್ರದೇಶದ ಬಳಿ ಕಾಂಕ್ರೀಟ್ ಮುಚ್ಚಿದ ಚರಂಡಿ ನಿರ್ಮಿಸಲು ವಿನಂತಿ.,Kannada,Medium,2026-08-28T07:44,Synthetic Demo Data
REQ002533,612887,Tharabanahalli,Bangalore,KARNATAKA,Education,ಬಸ್ ಕೊರತೆಯಿಂದ ವಿದ್ಯಾರ್ಥಿಗಳಿಗೆ ಪ್ರೌಢಶಾಲೆಗೆ ಹೋಗಲು ತೊಂದರೆಯಾಗಿದೆ.,Kannada,High,2026-09-08T18:28,Synthetic Demo Data
REQ002534,612888,Navarathna Agrahara,Bangalore,KARNATAKA,Waste Management,ಮನೆ ಮನೆಗೆ ತೆರಳಿ ಕಸ ಸಂಗ್ರಹಿಸುವ ವ್ಯವಸ್ಥೆ ಬೇಕು ಎಂದು ನಿವಾಸಿಗಳು ಕೋರುತ್ತಿದ್ದಾರೆ.,Kannada,High,2026-09-17T20:17,Synthetic Demo Data
REQ002535,612888,Navarathna Agrahara,Bangalore,KARNATAKA,Waste Management,ಮನೆ ಮನೆಗೆ ತೆರಳಿ ಕಸ ಸಂಗ್ರಹಿಸುವ ವ್ಯವಸ್ಥೆ ಬೇಕು ಎಂದು ನಿವಾಸಿಗಳು ಕೋರುತ್ತಿದ್ದಾರೆ.,Kannada,High,2026-08-29T21:39,Synthetic Demo Data
REQ002536,612888,Navarathna Agrahara,Bangalore,KARNATAKA,Healthcare,ನಮ್ಮ ಗ್ರಾಮಕ್ಕೆ ಪ್ರಾಥಮಿಕ ಆರೋಗ್ಯ ಕೇಂದ್ರದ ಸುಲಭ ಪ್ರವೇಶ ಬೇಕಾಗಿದೆ.,Kannada,Low,2026-09-12T19:32,Synthetic Demo Data
REQ002537,612888,Navarathna Agrahara,Bangalore,KARNATAKA,Healthcare,The village needs easier access to primary healthcare center.,English,High,2026-09-12T12:31,Synthetic Demo Data
REQ002538,612888,Navarathna Agrahara,Bangalore,KARNATAKA,Banking,"ಬ್ಯಾಂಕಿಂಗ್ ಸೇವೆಗೆ 10 ಕಿ.ಮೀ ದೂರ ಹೋಗಬೇಕಾಗಿದ್ದು, ಸ್ಥಳೀಯ ಕಿಯೋಸ್ಕ್ ಅಗತ್ಯವಿದೆ.",Kannada,Medium,2026-09-06T06:25,Synthetic Demo Data
REQ002539,612888,Navarathna Agrahara,Bangalore,KARNATAKA,Healthcare,The village needs easier access to primary healthcare center.,English,Medium,2026-08-04T06:42,Synthetic Demo Data
REQ002540,612888,Navarathna Agrahara,Bangalore,KARNATAKA,Electricity,ವೋಲ್ಟೇಜ್ ಏರಿಳಿತದಿಂದ ಪಂಪ್‌ಸೆಟ್‌ಗಳಿಗೆ ತೊಂದರೆಯಾಗುತ್ತಿದೆ.,Kannada,Medium,2026-08-12T20:36,Synthetic Demo Data
REQ002541,612888,Navarathna Agrahara,Bangalore,KARNATAKA,Water,Residents report difficulty getting reliable drinking water in summer.,English,High,2026-09-08T11:49,Synthetic Demo Data
REQ002542,612888,Navarathna Agrahara,Bangalore,KARNATAKA,Digital Connectivity,Residents have limited access to high-speed internet and CSC services.,English,High,2026-09-06T18:29,Synthetic Demo Data
REQ002543,612888,Navarathna Agrahara,Bangalore,KARNATAKA,Healthcare,ಸಂಜೆ 5 ರ ನಂತರ ಸಮೀಪದ ಆರೋಗ್ಯ ಕೇಂದ್ರಕ್ಕೆ ಹೋಗಲು ಕಷ್ಟವಾಗುತ್ತಿದೆ.,Kannada,Low,2026-09-17T15:11,Synthetic Demo Data
REQ002544,612888,Navarathna Agrahara,Bangalore,KARNATAKA,Healthcare,The village needs easier access to primary healthcare center.,English,Medium,2026-09-12T14:50,Synthetic Demo Data
REQ002545,612888,Navarathna Agrahara,Bangalore,KARNATAKA,Waste Management,Garbage is not being collected regularly in residential lanes.,English,Medium,2026-09-12T09:21,Synthetic Demo Data
REQ002546,612888,Navarathna Agrahara,Bangalore,KARNATAKA,Waste Management,ಮನೆ ಮನೆಗೆ ತೆರಳಿ ಕಸ ಸಂಗ್ರಹಿಸುವ ವ್ಯವಸ್ಥೆ ಬೇಕು ಎಂದು ನಿವಾಸಿಗಳು ಕೋರುತ್ತಿದ್ದಾರೆ.,Kannada,Medium,2026-08-11T11:34,Synthetic Demo Data
REQ002547,612888,Navarathna Agrahara,Bangalore,KARNATAKA,Digital Connectivity,Residents have limited access to high-speed internet and CSC services.,English,High,2026-08-13T18:10,Synthetic Demo Data
REQ002548,612888,Navarathna Agrahara,Bangalore,KARNATAKA,Banking,"ಬ್ಯಾಂಕಿಂಗ್ ಸೇವೆಗೆ 10 ಕಿ.ಮೀ ದೂರ ಹೋಗಬೇಕಾಗಿದ್ದು, ಸ್ಥಳೀಯ ಕಿಯೋಸ್ಕ್ ಅಗತ್ಯವಿದೆ.",Kannada,High,2026-07-29T16:33,Synthetic Demo Data
REQ002549,612888,Navarathna Agrahara,Bangalore,KARNATAKA,Healthcare,The village needs easier access to primary healthcare center.,English,High,2026-09-03T09:35,Synthetic Demo Data
REQ002550,612888,Navarathna Agrahara,Bangalore,KARNATAKA,Education,ಬಸ್ ಕೊರತೆಯಿಂದ ವಿದ್ಯಾರ್ಥಿಗಳಿಗೆ ಪ್ರೌಢಶಾಲೆಗೆ ಹೋಗಲು ತೊಂದರೆಯಾಗಿದೆ.,Kannada,Low,2026-09-01T14:24,Synthetic Demo Data
REQ002551,612888,Navarathna Agrahara,Bangalore,KARNATAKA,Banking,People are requesting easier access to ATM or banking kiosk services.,English,Medium,2026-09-01T15:52,Synthetic Demo Data
REQ002552,612888,Navarathna Agrahara,Bangalore,KARNATAKA,Waste Management,ವಸತಿ ಪ್ರದೇಶಗಳ ಬಳಿ ಕಸ ಶೇಖರಣೆಯಾಗುತ್ತಿದೆ.,Kannada,Medium,2026-07-16T08:59,Synthetic Demo Data
REQ002553,612888,Navarathna Agrahara,Bangalore,KARNATAKA,Public Transport,People are requesting more reliable BMTC/KSRTC public transport services.,English,Medium,2026-07-07T12:33,Synthetic Demo Data
REQ002554,612889,Meenakunte,Bangalore,KARNATAKA,Public Transport,ಬೆಳಿಗ್ಗೆ ಮತ್ತು ಸಂಜೆ ವೇಳೆಯಲ್ಲಿ ಹೆಚ್ಚಿನ ಬಸ್ ಸಂಚಾರ ಬೇಕಾಗಿದೆ.,Kannada,High,2026-07-05T08:53,Synthetic Demo Data
REQ002555,612889,Meenakunte,Bangalore,KARNATAKA,Waste Management,ಕಸವನ್ನು ನಿಯಮಿತವಾಗಿ ವಿಲೇವಾರಿ ಮಾಡಲಾಗುತ್ತಿಲ್ಲ.,Kannada,High,2026-08-28T09:20,Synthetic Demo Data
REQ002556,612889,Meenakunte,Bangalore,KARNATAKA,Public Transport,ಬೆಳಿಗ್ಗೆ ಮತ್ತು ಸಂಜೆ ವೇಳೆಯಲ್ಲಿ ಹೆಚ್ಚಿನ ಬಸ್ ಸಂಚಾರ ಬೇಕಾಗಿದೆ.,Kannada,Medium,2026-08-16T12:52,Synthetic Demo Data
REQ002557,612889,Meenakunte,Bangalore,KARNATAKA,Road,The road becomes waterlogged and difficult to travel on during the rainy season.,English,High,2026-08-24T20:54,Synthetic Demo Data
REQ002558,612889,Meenakunte,Bangalore,KARNATAKA,Waste Management,ಮನೆ ಮನೆಗೆ ತೆರಳಿ ಕಸ ಸಂಗ್ರಹಿಸುವ ವ್ಯವಸ್ಥೆ ಬೇಕು ಎಂದು ನಿವಾಸಿಗಳು ಕೋರುತ್ತಿದ್ದಾರೆ.,Kannada,High,2026-07-20T09:18,Synthetic Demo Data
REQ002559,612889,Meenakunte,Bangalore,KARNATAKA,Banking,People are requesting easier access to ATM or banking kiosk services.,English,Medium,2026-07-23T20:24,Synthetic Demo Data
REQ002560,612889,Meenakunte,Bangalore,KARNATAKA,Healthcare,The village needs easier access to primary healthcare center.,English,Medium,2026-09-06T21:35,Synthetic Demo Data
REQ002561,612889,Meenakunte,Bangalore,KARNATAKA,Water,Residents report difficulty getting reliable drinking water in summer.,English,Medium,2026-07-01T14:23,Synthetic Demo Data
REQ002562,612889,Meenakunte,Bangalore,KARNATAKA,Drainage,Residents are requesting proper concrete covered drainage near residential areas.,English,Medium,2026-08-14T18:10,Synthetic Demo Data
REQ002563,612889,Meenakunte,Bangalore,KARNATAKA,Electricity,The village needs improved electricity infrastructure and street lighting.,English,Low,2026-08-24T19:03,Synthetic Demo Data
REQ002564,612889,Meenakunte,Bangalore,KARNATAKA,Banking,Residents have limited access to nearby banking services and have to travel 10 km.,English,Medium,2026-08-27T20:17,Synthetic Demo Data
REQ002565,612889,Meenakunte,Bangalore,KARNATAKA,Waste Management,ವಸತಿ ಪ್ರದೇಶಗಳ ಬಳಿ ಕಸ ಶೇಖರಣೆಯಾಗುತ್ತಿದೆ.,Kannada,Medium,2026-09-04T16:47,Synthetic Demo Data
REQ002566,612889,Meenakunte,Bangalore,KARNATAKA,Electricity,ಗ್ರಾಮದ ಪ್ರಮುಖ ರಸ್ತೆಗಳಲ್ಲಿ ಬೀದಿದೀಪಗಳ ಸೌಲಭ್ಯ ಕಲ್ಪಿಸಬೇಕಾಗಿದೆ.,Kannada,High,2026-09-14T19:23,Synthetic Demo Data
REQ002567,612889,Meenakunte,Bangalore,KARNATAKA,Public Transport,ವಿಶ್ವಾಸಾರ್ಹ ಸಾರಿಗೆ ಬಸ್ ಸೇವೆಗಳನ್ನು ಹೆಚ್ಚಿಸಲು ವಿನಂತಿ.,Kannada,Low,2026-08-06T11:32,Synthetic Demo Data
REQ002568,612889,Meenakunte,Bangalore,KARNATAKA,Drainage,नालियों में पानी भर जाने से जलभराव हो रहा है।,Hindi,Low,2026-08-24T16:01,Synthetic Demo Data
REQ002569,612889,Meenakunte,Bangalore,KARNATAKA,Drainage,Drainage overflows during heavy rain and causes waterlogging near the school.,English,High,2026-08-09T17:40,Synthetic Demo Data
REQ002570,612889,Meenakunte,Bangalore,KARNATAKA,Drainage,Drainage overflows during heavy rain and causes waterlogging near the school.,English,High,2026-07-31T10:41,Synthetic Demo Data
REQ002571,612889,Meenakunte,Bangalore,KARNATAKA,Electricity,People are requesting more reliable power supply without frequent cuts.,English,Medium,2026-08-10T08:13,Synthetic Demo Data
REQ002572,612889,Meenakunte,Bangalore,KARNATAKA,Water,ಬೇಸಿಗೆಯಲ್ಲಿ ಶುದ್ಧ ಕುಡಿಯುವ ನೀರಿನ ಕೊರತೆ ಎದುರಾಗುತ್ತಿದೆ.,Kannada,Medium,2026-08-24T11:43,Synthetic Demo Data
REQ002573,612889,Meenakunte,Bangalore,KARNATAKA,Drainage,ವಸತಿ ಪ್ರದೇಶದ ಬಳಿ ಕಾಂಕ್ರೀಟ್ ಮುಚ್ಚಿದ ಚರಂಡಿ ನಿರ್ಮಿಸಲು ವಿನಂತಿ.,Kannada,Medium,2026-08-19T18:37,Synthetic Demo Data
REQ002574,612889,Meenakunte,Bangalore,KARNATAKA,Healthcare,The village needs easier access to primary healthcare center.,English,Medium,2026-07-29T19:28,Synthetic Demo Data
REQ002575,612889,Meenakunte,Bangalore,KARNATAKA,Electricity,The village needs improved electricity infrastructure and street lighting.,English,Low,2026-08-22T10:47,Synthetic Demo Data
REQ002576,612889,Meenakunte,Bangalore,KARNATAKA,Water,ಮೇಲ್ಭಾಗದ ಬಡಾವಣೆಗಳಿಗೆ ನೀರಿನ ಸರಬರಾಜು ಒತ್ತಡ ಸಾಲುತ್ತಿಲ್ಲ.,Kannada,Low,2026-07-22T17:18,Synthetic Demo Data
REQ002577,612890,Channahalli,Bangalore,KARNATAKA,Drainage,नालियों में पानी भर जाने से जलभराव हो रहा है।,Hindi,High,2026-07-23T09:47,Synthetic Demo Data
REQ002578,612890,Channahalli,Bangalore,KARNATAKA,Water,Residents report difficulty getting reliable drinking water in summer.,English,High,2026-07-19T06:40,Synthetic Demo Data
REQ002579,612890,Channahalli,Bangalore,KARNATAKA,Waste Management,ವಸತಿ ಪ್ರದೇಶಗಳ ಬಳಿ ಕಸ ಶೇಖರಣೆಯಾಗುತ್ತಿದೆ.,Kannada,Medium,2026-07-12T13:26,Synthetic Demo Data
REQ002580,612890,Channahalli,Bangalore,KARNATAKA,Waste Management,ಮನೆ ಮನೆಗೆ ತೆರಳಿ ಕಸ ಸಂಗ್ರಹಿಸುವ ವ್ಯವಸ್ಥೆ ಬೇಕು ಎಂದು ನಿವಾಸಿಗಳು ಕೋರುತ್ತಿದ್ದಾರೆ.,Kannada,Medium,2026-08-14T06:34,Synthetic Demo Data
REQ002581,612890,Channahalli,Bangalore,KARNATAKA,Drainage,ವಸತಿ ಪ್ರದೇಶದ ಬಳಿ ಕಾಂಕ್ರೀಟ್ ಮುಚ್ಚಿದ ಚರಂಡಿ ನಿರ್ಮಿಸಲು ವಿನಂತಿ.,Kannada,Medium,2026-08-28T11:50,Synthetic Demo Data
REQ002582,612890,Channahalli,Bangalore,KARNATAKA,Drainage,ಚರಂಡಿ ಕೊರತೆಯಿಂದ ನೀರು ನಿಂತು ಸೊಳ್ಳೆಗಳ ಕಾಟ ಹೆಚ್ಚಾಗಿದೆ.,Kannada,High,2026-08-16T14:30,Synthetic Demo Data
REQ002583,612890,Channahalli,Bangalore,KARNATAKA,Water,ಮೇಲ್ಭಾಗದ ಬಡಾವಣೆಗಳಿಗೆ ನೀರಿನ ಸರಬರಾಜು ಒತ್ತಡ ಸಾಲುತ್ತಿಲ್ಲ.,Kannada,Low,2026-08-11T10:39,Synthetic Demo Data
REQ002584,612890,Channahalli,Bangalore,KARNATAKA,Water,Water supply pressure is insufficient for residents on higher lanes.,English,Medium,2026-08-18T13:46,Synthetic Demo Data
REQ002585,612890,Channahalli,Bangalore,KARNATAKA,Water,ಬೇಸಿಗೆಯಲ್ಲಿ ಶುದ್ಧ ಕುಡಿಯುವ ನೀರಿನ ಕೊರತೆ ಎದುರಾಗುತ್ತಿದೆ.,Kannada,Medium,2026-07-16T21:11,Synthetic Demo Data
REQ002586,612890,Channahalli,Bangalore,KARNATAKA,Water,Residents report difficulty getting reliable drinking water in summer.,English,Medium,2026-07-28T11:53,Synthetic Demo Data
REQ002587,612890,Channahalli,Bangalore,KARNATAKA,Banking,ಎಟಿಎಂ ಅಥವಾ ಗ್ರಾಮ ಬ್ಯಾಂಕಿಂಗ್ ಸೇವೆ ಒದಗಿಸಲು ಸಾರ್ವಜನಿಕರ ಮನವಿ.,Kannada,High,2026-09-11T12:47,Synthetic Demo Data
REQ002588,612890,Channahalli,Bangalore,KARNATAKA,Road,ಗ್ರಾಮದ ಮುಖ್ಯ ರಸ್ತೆ ಹಾಳಾಗಿದ್ದು ಸಂಚಾರಕ್ಕೆ ತೊಂದರೆಯಾಗಿದೆ.,Kannada,Medium,2026-08-11T08:40,Synthetic Demo Data
REQ002589,612890,Channahalli,Bangalore,KARNATAKA,Waste Management,Garbage is not being collected regularly in residential lanes.,English,High,2026-07-22T16:41,Synthetic Demo Data
REQ002590,612890,Channahalli,Bangalore,KARNATAKA,Waste Management,गांव में कचरा समय पर नहीं उठाया जा रहा है।,Hindi,Low,2026-09-08T12:20,Synthetic Demo Data
REQ002591,612890,Channahalli,Bangalore,KARNATAKA,Healthcare,ಸಂಜೆ 5 ರ ನಂತರ ಸಮೀಪದ ಆರೋಗ್ಯ ಕೇಂದ್ರಕ್ಕೆ ಹೋಗಲು ಕಷ್ಟವಾಗುತ್ತಿದೆ.,Kannada,High,2026-08-29T21:14,Synthetic Demo Data
REQ002592,612890,Channahalli,Bangalore,KARNATAKA,Drainage,ಭಾರೀ ಮಳೆಯಾದಾಗ ಚರಂಡಿ ಉಕ್ಕಿ ಶಾಲೆ ಬಳಿ ನೀರು ನಿಲ್ಲುತ್ತದೆ.,Kannada,Low,2026-09-12T16:16,Synthetic Demo Data
REQ002593,612890,Channahalli,Bangalore,KARNATAKA,Banking,The village needs better access to banking facilities and loan services.,English,Medium,2026-07-15T11:57,Synthetic Demo Data
REQ002594,612890,Channahalli,Bangalore,KARNATAKA,Healthcare,Residents are requesting improved local healthcare access and medicine availability.,English,Medium,2026-07-24T11:28,Synthetic Demo Data
REQ002595,612891,Byanahalli,Bangalore,KARNATAKA,Drainage,ಭಾರೀ ಮಳೆಯಾದಾಗ ಚರಂಡಿ ಉಕ್ಕಿ ಶಾಲೆ ಬಳಿ ನೀರು ನಿಲ್ಲುತ್ತದೆ.,Kannada,Medium,2026-09-15T20:48,Synthetic Demo Data
REQ002596,612891,Byanahalli,Bangalore,KARNATAKA,Healthcare,ನಮ್ಮ ಗ್ರಾಮಕ್ಕೆ ಪ್ರಾಥಮಿಕ ಆರೋಗ್ಯ ಕೇಂದ್ರದ ಸುಲಭ ಪ್ರವೇಶ ಬೇಕಾಗಿದೆ.,Kannada,High,2026-08-11T10:37,Synthetic Demo Data
REQ002597,612891,Byanahalli,Bangalore,KARNATAKA,Banking,Residents have limited access to nearby banking services and have to travel 10 km.,English,High,2026-07-20T06:51,Synthetic Demo Data
REQ002598,612891,Byanahalli,Bangalore,KARNATAKA,Education,स्कूल में बेहतर सुविधाओं और शिक्षकों की मांग है।,Hindi,Medium,2026-08-20T07:35,Synthetic Demo Data
REQ002599,612891,Byanahalli,Bangalore,KARNATAKA,Drainage,ಭಾರೀ ಮಳೆಯಾದಾಗ ಚರಂಡಿ ಉಕ್ಕಿ ಶಾಲೆ ಬಳಿ ನೀರು ನಿಲ್ಲುತ್ತದೆ.,Kannada,High,2026-09-09T21:38,Synthetic Demo Data
REQ002600,612891,Byanahalli,Bangalore,KARNATAKA,Public Transport,Residents report limited public transport access to metro/train stations.,English,Medium,2026-09-03T20:22,Synthetic Demo Data
REQ002601,612891,Byanahalli,Bangalore,KARNATAKA,Education,The village needs improved educational facilities and playground repair.,English,Medium,2026-08-17T17:11,Synthetic Demo Data
REQ002602,612891,Byanahalli,Bangalore,KARNATAKA,Drainage,ಭಾರೀ ಮಳೆಯಾದಾಗ ಚರಂಡಿ ಉಕ್ಕಿ ಶಾಲೆ ಬಳಿ ನೀರು ನಿಲ್ಲುತ್ತದೆ.,Kannada,Medium,2026-07-06T12:01,Synthetic Demo Data
REQ002603,612891,Byanahalli,Bangalore,KARNATAKA,Waste Management,ವಸತಿ ಪ್ರದೇಶಗಳ ಬಳಿ ಕಸ ಶೇಖರಣೆಯಾಗುತ್ತಿದೆ.,Kannada,Medium,2026-09-12T16:07,Synthetic Demo Data
REQ002604,612891,Byanahalli,Bangalore,KARNATAKA,Road,ಗ್ರಾಮದ ಮುಖ್ಯ ರಸ್ತೆ ಹಾಳಾಗಿದ್ದು ಸಂಚಾರಕ್ಕೆ ತೊಂದರೆಯಾಗಿದೆ.,Kannada,Low,2026-09-12T08:01,Synthetic Demo Data
REQ002605,612891,Byanahalli,Bangalore,KARNATAKA,Digital Connectivity,People are requesting a local digital service facility (Bapuji Seva Kendra).,English,Medium,2026-09-14T17:42,Synthetic Demo Data
REQ002606,612891,Byanahalli,Bangalore,KARNATAKA,Water,ಗ್ರಾಮಕ್ಕೆ ಶುದ್ಧ ಕುಡಿಯುವ ನೀರಿನ ಆರ್‌ಒ ಘಟಕದ ಅಗತ್ಯವಿದೆ.,Kannada,High,2026-09-04T12:03,Synthetic Demo Data
REQ002607,612891,Byanahalli,Bangalore,KARNATAKA,Healthcare,ನಮ್ಮ ಗ್ರಾಮಕ್ಕೆ ಪ್ರಾಥಮಿಕ ಆರೋಗ್ಯ ಕೇಂದ್ರದ ಸುಲಭ ಪ್ರವೇಶ ಬೇಕಾಗಿದೆ.,Kannada,Medium,2026-08-30T08:13,Synthetic Demo Data
REQ002608,612892,Papanahalli,Bangalore,KARNATAKA,Education,ಗ್ರಾಮದ ಶಾಲಾ ಆವರಣ ಹಾಗೂ ಆಟದ ಮೈದಾನ ದುರಸ್ತಿ ಮಾಡಬೇಕಾಗಿದೆ.,Kannada,Low,2026-07-19T18:03,Synthetic Demo Data
REQ002609,612892,Papanahalli,Bangalore,KARNATAKA,Education,Students have difficulty accessing nearby secondary education without bus.,English,High,2026-07-16T20:26,Synthetic Demo Data
REQ002610,612892,Papanahalli,Bangalore,KARNATAKA,Healthcare,The village needs easier access to primary healthcare center.,English,High,2026-07-12T09:07,Synthetic Demo Data
REQ002611,612892,Papanahalli,Bangalore,KARNATAKA,Waste Management,ಕಸವನ್ನು ನಿಯಮಿತವಾಗಿ ವಿಲೇವಾರಿ ಮಾಡಲಾಗುತ್ತಿಲ್ಲ.,Kannada,High,2026-07-05T20:08,Synthetic Demo Data
REQ002612,612892,Papanahalli,Bangalore,KARNATAKA,Digital Connectivity,The village needs better mobile network coverage in interior areas.,English,Medium,2026-08-01T12:59,Synthetic Demo Data
REQ002613,612892,Papanahalli,Bangalore,KARNATAKA,Education,Students have difficulty accessing nearby secondary education without bus.,English,High,2026-07-25T19:24,Synthetic Demo Data
REQ002614,612892,Papanahalli,Bangalore,KARNATAKA,Waste Management,ಮನೆ ಮನೆಗೆ ತೆರಳಿ ಕಸ ಸಂಗ್ರಹಿಸುವ ವ್ಯವಸ್ಥೆ ಬೇಕು ಎಂದು ನಿವಾಸಿಗಳು ಕೋರುತ್ತಿದ್ದಾರೆ.,Kannada,High,2026-08-08T09:09,Synthetic Demo Data
REQ002615,612892,Papanahalli,Bangalore,KARNATAKA,Public Transport,ಬೆಳಿಗ್ಗೆ ಮತ್ತು ಸಂಜೆ ವೇಳೆಯಲ್ಲಿ ಹೆಚ್ಚಿನ ಬಸ್ ಸಂಚಾರ ಬೇಕಾಗಿದೆ.,Kannada,High,2026-07-03T18:40,Synthetic Demo Data
REQ002616,612892,Papanahalli,Bangalore,KARNATAKA,Healthcare,The village needs easier access to primary healthcare center.,English,Medium,2026-08-11T10:09,Synthetic Demo Data
REQ002617,612892,Papanahalli,Bangalore,KARNATAKA,Education,ಬಸ್ ಕೊರತೆಯಿಂದ ವಿದ್ಯಾರ್ಥಿಗಳಿಗೆ ಪ್ರೌಢಶಾಲೆಗೆ ಹೋಗಲು ತೊಂದರೆಯಾಗಿದೆ.,Kannada,Low,2026-09-14T12:44,Synthetic Demo Data
REQ002618,612893,Thimmasandra,Bangalore,KARNATAKA,Electricity,बिजली की बार-बार कटौती से लोग परेशान हैं।,Hindi,Medium,2026-07-09T06:51,Synthetic Demo Data
REQ002619,612893,Thimmasandra,Bangalore,KARNATAKA,Banking,Residents have limited access to nearby banking services and have to travel 10 km.,English,Medium,2026-07-17T21:52,Synthetic Demo Data
REQ002620,612893,Thimmasandra,Bangalore,KARNATAKA,Water,ಗ್ರಾಮಕ್ಕೆ ಶುದ್ಧ ಕುಡಿಯುವ ನೀರಿನ ಆರ್‌ಒ ಘಟಕದ ಅಗತ್ಯವಿದೆ.,Kannada,High,2026-08-05T12:27,Synthetic Demo Data
REQ002621,612893,Thimmasandra,Bangalore,KARNATAKA,Banking,"ಬ್ಯಾಂಕಿಂಗ್ ಸೇವೆಗೆ 10 ಕಿ.ಮೀ ದೂರ ಹೋಗಬೇಕಾಗಿದ್ದು, ಸ್ಥಳೀಯ ಕಿಯೋಸ್ಕ್ ಅಗತ್ಯವಿದೆ.",Kannada,Medium,2026-08-09T10:13,Synthetic Demo Data
REQ002622,612893,Thimmasandra,Bangalore,KARNATAKA,Electricity,ಪದೇ ಪದೇ ವಿದ್ಯುತ್ ಕಡಿತವಾಗದಂತೆ ನಿರಂತರ ವಿದ್ಯುತ್ ನೀಡಲು ವಿನಂತಿ.,Kannada,Low,2026-07-20T06:09,Synthetic Demo Data
REQ002623,612893,Thimmasandra,Bangalore,KARNATAKA,Banking,The village needs better access to banking facilities and loan services.,English,High,2026-09-17T11:30,Synthetic Demo Data
REQ002624,612893,Thimmasandra,Bangalore,KARNATAKA,Drainage,ಭಾರೀ ಮಳೆಯಾದಾಗ ಚರಂಡಿ ಉಕ್ಕಿ ಶಾಲೆ ಬಳಿ ನೀರು ನಿಲ್ಲುತ್ತದೆ.,Kannada,High,2026-07-08T20:46,Synthetic Demo Data
REQ002625,612893,Thimmasandra,Bangalore,KARNATAKA,Digital Connectivity,ಹೈಸ್ಪೀಡ್ ಇಂಟರ್ನೆಟ್ ಮತ್ತು ಸಿಎಸ್ಸಿ ಸೇವೆಗಳು ಲಭ್ಯವಿಲ್ಲ.,Kannada,Low,2026-07-03T19:14,Synthetic Demo Data
REQ002626,612893,Thimmasandra,Bangalore,KARNATAKA,Water,Water supply pressure is insufficient for residents on higher lanes.,English,Medium,2026-07-14T16:20,Synthetic Demo Data
REQ002627,612893,Thimmasandra,Bangalore,KARNATAKA,Drainage,Residents are requesting proper concrete covered drainage near residential areas.,English,Medium,2026-07-01T13:44,Synthetic Demo Data
REQ002628,612893,Thimmasandra,Bangalore,KARNATAKA,Digital Connectivity,ಗ್ರಾಮ ಪಂಚಾಯತ್ ವ್ಯಾಪ್ತಿಯಲ್ಲಿ ಬಾಪೂಜಿ ಸೇವಾ ಕೇಂದ್ರ / ಡಿಜಿಟಲ್ ಕೇಂದ್ರ ಬೇಕು.,Kannada,High,2026-07-03T17:58,Synthetic Demo Data
REQ002629,612893,Thimmasandra,Bangalore,KARNATAKA,Banking,गांव में एटीएम या बैंकिंग सुविधा उपलब्ध कराई जाए।,Hindi,Low,2026-08-27T17:27,Synthetic Demo Data
REQ002630,612893,Thimmasandra,Bangalore,KARNATAKA,Banking,ಎಟಿಎಂ ಅಥವಾ ಗ್ರಾಮ ಬ್ಯಾಂಕಿಂಗ್ ಸೇವೆ ಒದಗಿಸಲು ಸಾರ್ವಜನಿಕರ ಮನವಿ.,Kannada,Medium,2026-09-14T17:23,Synthetic Demo Data
REQ002631,612893,Thimmasandra,Bangalore,KARNATAKA,Drainage,Drainage overflows during heavy rain and causes waterlogging near the school.,English,High,2026-07-14T10:53,Synthetic Demo Data
REQ002632,612893,Thimmasandra,Bangalore,KARNATAKA,Electricity,ಪದೇ ಪದೇ ವಿದ್ಯುತ್ ಕಡಿತವಾಗದಂತೆ ನಿರಂತರ ವಿದ್ಯುತ್ ನೀಡಲು ವಿನಂತಿ.,Kannada,High,2026-09-10T07:49,Synthetic Demo Data
REQ002633,612894,Nellukunte (East),Bangalore,KARNATAKA,Drainage,Drainage overflows during heavy rain and causes waterlogging near the school.,English,High,2026-07-04T19:35,Synthetic Demo Data
REQ002634,612894,Nellukunte (East),Bangalore,KARNATAKA,Waste Management,ವಸತಿ ಪ್ರದೇಶಗಳ ಬಳಿ ಕಸ ಶೇಖರಣೆಯಾಗುತ್ತಿದೆ.,Kannada,Medium,2026-07-12T21:10,Synthetic Demo Data
REQ002635,612894,Nellukunte (East),Bangalore,KARNATAKA,Healthcare,ನಮ್ಮ ಗ್ರಾಮಕ್ಕೆ ಪ್ರಾಥಮಿಕ ಆರೋಗ್ಯ ಕೇಂದ್ರದ ಸುಲಭ ಪ್ರವೇಶ ಬೇಕಾಗಿದೆ.,Kannada,Medium,2026-08-16T20:06,Synthetic Demo Data
REQ002636,612894,Nellukunte (East),Bangalore,KARNATAKA,Drainage,ವಸತಿ ಪ್ರದೇಶದ ಬಳಿ ಕಾಂಕ್ರೀಟ್ ಮುಚ್ಚಿದ ಚರಂಡಿ ನಿರ್ಮಿಸಲು ವಿನಂತಿ.,Kannada,High,2026-08-13T07:29,Synthetic Demo Data
REQ002637,612894,Nellukunte (East),Bangalore,KARNATAKA,Drainage,ಚರಂಡಿ ಕೊರತೆಯಿಂದ ನೀರು ನಿಂತು ಸೊಳ್ಳೆಗಳ ಕಾಟ ಹೆಚ್ಚಾಗಿದೆ.,Kannada,Medium,2026-08-01T07:29,Synthetic Demo Data
REQ002638,612894,Nellukunte (East),Bangalore,KARNATAKA,Digital Connectivity,ಗ್ರಾಮ ಪಂಚಾಯತ್ ವ್ಯಾಪ್ತಿಯಲ್ಲಿ ಬಾಪೂಜಿ ಸೇವಾ ಕೇಂದ್ರ / ಡಿಜಿಟಲ್ ಕೇಂದ್ರ ಬೇಕು.,Kannada,Low,2026-08-06T17:33,Synthetic Demo Data
REQ002639,612894,Nellukunte (East),Bangalore,KARNATAKA,Banking,ಎಟಿಎಂ ಅಥವಾ ಗ್ರಾಮ ಬ್ಯಾಂಕಿಂಗ್ ಸೇವೆ ಒದಗಿಸಲು ಸಾರ್ವಜನಿಕರ ಮನವಿ.,Kannada,Low,2026-07-23T09:45,Synthetic Demo Data
REQ002640,612894,Nellukunte (East),Bangalore,KARNATAKA,Waste Management,ವಸತಿ ಪ್ರದೇಶಗಳ ಬಳಿ ಕಸ ಶೇಖರಣೆಯಾಗುತ್ತಿದೆ.,Kannada,High,2026-09-07T17:28,Synthetic Demo Data
REQ002641,612894,Nellukunte (East),Bangalore,KARNATAKA,Healthcare,ಸಂಜೆ 5 ರ ನಂತರ ಸಮೀಪದ ಆರೋಗ್ಯ ಕೇಂದ್ರಕ್ಕೆ ಹೋಗಲು ಕಷ್ಟವಾಗುತ್ತಿದೆ.,Kannada,Medium,2026-07-27T09:35,Synthetic Demo Data
REQ002642,612894,Nellukunte (East),Bangalore,KARNATAKA,Water,ಮೇಲ್ಭಾಗದ ಬಡಾವಣೆಗಳಿಗೆ ನೀರಿನ ಸರಬರಾಜು ಒತ್ತಡ ಸಾಲುತ್ತಿಲ್ಲ.,Kannada,Low,2026-07-26T18:10,Synthetic Demo Data
REQ002643,612894,Nellukunte (East),Bangalore,KARNATAKA,Public Transport,Residents report limited public transport access to metro/train stations.,English,Low,2026-08-25T18:27,Synthetic Demo Data
REQ002644,612894,Nellukunte (East),Bangalore,KARNATAKA,Public Transport,ವಿಶ್ವಾಸಾರ್ಹ ಸಾರಿಗೆ ಬಸ್ ಸೇವೆಗಳನ್ನು ಹೆಚ್ಚಿಸಲು ವಿನಂತಿ.,Kannada,High,2026-07-31T10:44,Synthetic Demo Data
REQ002645,612894,Nellukunte (East),Bangalore,KARNATAKA,Electricity,ಪದೇ ಪದೇ ವಿದ್ಯುತ್ ಕಡಿತವಾಗದಂತೆ ನಿರಂತರ ವಿದ್ಯುತ್ ನೀಡಲು ವಿನಂತಿ.,Kannada,Low,2026-08-21T19:27,Synthetic Demo Data
REQ002646,612894,Nellukunte (East),Bangalore,KARNATAKA,Drainage,नालियों में पानी भर जाने से जलभराव हो रहा है।,Hindi,Medium,2026-07-09T09:03,Synthetic Demo Data
REQ002647,612894,Nellukunte (East),Bangalore,KARNATAKA,Healthcare,ಸಂಜೆ 5 ರ ನಂತರ ಸಮೀಪದ ಆರೋಗ್ಯ ಕೇಂದ್ರಕ್ಕೆ ಹೋಗಲು ಕಷ್ಟವಾಗುತ್ತಿದೆ.,Kannada,High,2026-08-02T07:01,Synthetic Demo Data
REQ002648,612894,Nellukunte (East),Bangalore,KARNATAKA,Digital Connectivity,ಗ್ರಾಮ ಪಂಚಾಯತ್ ವ್ಯಾಪ್ತಿಯಲ್ಲಿ ಬಾಪೂಜಿ ಸೇವಾ ಕೇಂದ್ರ / ಡಿಜಿಟಲ್ ಕೇಂದ್ರ ಬೇಕು.,Kannada,Medium,2026-09-09T08:52,Synthetic Demo Data
REQ002649,612894,Nellukunte (East),Bangalore,KARNATAKA,Digital Connectivity,The village needs better mobile network coverage in interior areas.,English,Medium,2026-08-04T06:20,Synthetic Demo Data
REQ002650,612894,Nellukunte (East),Bangalore,KARNATAKA,Road,सड़क की हालत खराब है और मरम्मत की जरूरत है।,Hindi,High,2026-07-23T07:16,Synthetic Demo Data
REQ002651,612895,Bettahalasur,Bangalore,KARNATAKA,Digital Connectivity,ಗ್ರಾಮದ ಒಳಭಾಗದಲ್ಲಿ ಮೊಬೈಲ್ ನೆಟ್‌ವರ್ಕ್ ಸಿಗುತ್ತಿಲ್ಲ.,Kannada,High,2026-09-15T21:59,Synthetic Demo Data
REQ002652,612895,Bettahalasur,Bangalore,KARNATAKA,Banking,Residents have limited access to nearby banking services and have to travel 10 km.,English,Low,2026-07-29T08:12,Synthetic Demo Data
REQ002653,612895,Bettahalasur,Bangalore,KARNATAKA,Healthcare,ನಮ್ಮ ಗ್ರಾಮಕ್ಕೆ ಪ್ರಾಥಮಿಕ ಆರೋಗ್ಯ ಕೇಂದ್ರದ ಸುಲಭ ಪ್ರವೇಶ ಬೇಕಾಗಿದೆ.,Kannada,Low,2026-08-18T15:06,Synthetic Demo Data
REQ002654,612895,Bettahalasur,Bangalore,KARNATAKA,Healthcare,ನಮ್ಮ ಗ್ರಾಮಕ್ಕೆ ಪ್ರಾಥಮಿಕ ಆರೋಗ್ಯ ಕೇಂದ್ರದ ಸುಲಭ ಪ್ರವೇಶ ಬೇಕಾಗಿದೆ.,Kannada,High,2026-09-01T15:03,Synthetic Demo Data
REQ002655,612895,Bettahalasur,Bangalore,KARNATAKA,Healthcare,The village needs easier access to primary healthcare center.,English,High,2026-07-23T16:27,Synthetic Demo Data
REQ002656,612895,Bettahalasur,Bangalore,KARNATAKA,Drainage,Residents are requesting proper concrete covered drainage near residential areas.,English,Medium,2026-09-15T15:37,Synthetic Demo Data
REQ002657,612895,Bettahalasur,Bangalore,KARNATAKA,Education,ಗ್ರಾಮದ ಶಾಲಾ ಆವರಣ ಹಾಗೂ ಆಟದ ಮೈದಾನ ದುರಸ್ತಿ ಮಾಡಬೇಕಾಗಿದೆ.,Kannada,Medium,2026-07-02T08:45,Synthetic Demo Data
REQ002658,612895,Bettahalasur,Bangalore,KARNATAKA,Electricity,ವೋಲ್ಟೇಜ್ ಏರಿಳಿತದಿಂದ ಪಂಪ್‌ಸೆಟ್‌ಗಳಿಗೆ ತೊಂದರೆಯಾಗುತ್ತಿದೆ.,Kannada,Low,2026-07-18T06:13,Synthetic Demo Data
REQ002659,612895,Bettahalasur,Bangalore,KARNATAKA,Healthcare,ಸ್ಥಳೀಯ ಆರೋಗ್ಯ ಸೇವೆಗಳು ಮತ್ತು ಔಷಧಿಗಳ ಲಭ್ಯತೆಯನ್ನು ಸುಧಾರಿಸಲು ವಿನಂತಿ.,Kannada,Low,2026-07-14T08:26,Synthetic Demo Data
REQ002660,612895,Bettahalasur,Bangalore,KARNATAKA,Water,ಮೇಲ್ಭಾಗದ ಬಡಾವಣೆಗಳಿಗೆ ನೀರಿನ ಸರಬರಾಜು ಒತ್ತಡ ಸಾಲುತ್ತಿಲ್ಲ.,Kannada,Medium,2026-08-03T09:54,Synthetic Demo Data
REQ002661,612895,Bettahalasur,Bangalore,KARNATAKA,Banking,People are requesting easier access to ATM or banking kiosk services.,English,High,2026-09-17T20:57,Synthetic Demo Data
REQ002662,612895,Bettahalasur,Bangalore,KARNATAKA,Drainage,ಚರಂಡಿ ಕೊರತೆಯಿಂದ ನೀರು ನಿಂತು ಸೊಳ್ಳೆಗಳ ಕಾಟ ಹೆಚ್ಚಾಗಿದೆ.,Kannada,Low,2026-09-07T15:59,Synthetic Demo Data
REQ002663,612895,Bettahalasur,Bangalore,KARNATAKA,Digital Connectivity,ಗ್ರಾಮ ಪಂಚಾಯತ್ ವ್ಯಾಪ್ತಿಯಲ್ಲಿ ಬಾಪೂಜಿ ಸೇವಾ ಕೇಂದ್ರ / ಡಿಜಿಟಲ್ ಕೇಂದ್ರ ಬೇಕು.,Kannada,Low,2026-08-21T14:19,Synthetic Demo Data
REQ002664,612895,Bettahalasur,Bangalore,KARNATAKA,Education,ಬಸ್ ಕೊರತೆಯಿಂದ ವಿದ್ಯಾರ್ಥಿಗಳಿಗೆ ಪ್ರೌಢಶಾಲೆಗೆ ಹೋಗಲು ತೊಂದರೆಯಾಗಿದೆ.,Kannada,Medium,2026-08-15T13:36,Synthetic Demo Data
REQ002665,612895,Bettahalasur,Bangalore,KARNATAKA,Banking,गांव में एटीएम या बैंकिंग सुविधा उपलब्ध कराई जाए।,Hindi,Medium,2026-07-02T11:03,Synthetic Demo Data
REQ002666,612895,Bettahalasur,Bangalore,KARNATAKA,Electricity,ಪದೇ ಪದೇ ವಿದ್ಯುತ್ ಕಡಿತವಾಗದಂತೆ ನಿರಂತರ ವಿದ್ಯುತ್ ನೀಡಲು ವಿನಂತಿ.,Kannada,Medium,2026-08-10T21:42,Synthetic Demo Data
REQ002667,612895,Bettahalasur,Bangalore,KARNATAKA,Water,Residents report difficulty getting reliable drinking water in summer.,English,Medium,2026-07-11T15:38,Synthetic Demo Data
REQ002668,612895,Bettahalasur,Bangalore,KARNATAKA,Healthcare,Residents are requesting improved local healthcare access and medicine availability.,English,High,2026-07-21T21:43,Synthetic Demo Data
REQ002669,612895,Bettahalasur,Bangalore,KARNATAKA,Electricity,ಪದೇ ಪದೇ ವಿದ್ಯುತ್ ಕಡಿತವಾಗದಂತೆ ನಿರಂತರ ವಿದ್ಯುತ್ ನೀಡಲು ವಿನಂತಿ.,Kannada,Medium,2026-08-24T10:29,Synthetic Demo Data
REQ002670,612895,Bettahalasur,Bangalore,KARNATAKA,Public Transport,ವಿಶ್ವಾಸಾರ್ಹ ಸಾರಿಗೆ ಬಸ್ ಸೇವೆಗಳನ್ನು ಹೆಚ್ಚಿಸಲು ವಿನಂತಿ.,Kannada,Low,2026-08-31T07:17,Synthetic Demo Data
REQ002671,612895,Bettahalasur,Bangalore,KARNATAKA,Water,ಮೇಲ್ಭಾಗದ ಬಡಾವಣೆಗಳಿಗೆ ನೀರಿನ ಸರಬರಾಜು ಒತ್ತಡ ಸಾಲುತ್ತಿಲ್ಲ.,Kannada,High,2026-07-12T19:07,Synthetic Demo Data
REQ002672,612895,Bettahalasur,Bangalore,KARNATAKA,Road,ಮಳೆಗಾಲದಲ್ಲಿ ರಸ್ತೆಯಲ್ಲಿ ನೀರು ನಿಂತು ವಾಹನ ಚಾಲನೆ ಕಷ್ಟವಾಗುತ್ತದೆ.,Kannada,Medium,2026-07-23T21:18,Synthetic Demo Data
REQ002673,612895,Bettahalasur,Bangalore,KARNATAKA,Digital Connectivity,The village needs better mobile network coverage in interior areas.,English,Medium,2026-08-12T18:22,Synthetic Demo Data
REQ002674,612895,Bettahalasur,Bangalore,KARNATAKA,Drainage,Residents are requesting proper concrete covered drainage near residential areas.,English,Medium,2026-08-20T11:18,Synthetic Demo Data
REQ002675,612895,Bettahalasur,Bangalore,KARNATAKA,Digital Connectivity,Residents have limited access to high-speed internet and CSC services.,English,Medium,2026-08-06T18:24,Synthetic Demo Data
REQ002676,612895,Bettahalasur,Bangalore,KARNATAKA,Education,The village needs improved educational facilities and playground repair.,English,Medium,2026-08-04T20:32,Synthetic Demo Data
REQ002677,612895,Bettahalasur,Bangalore,KARNATAKA,Road,ಗ್ರಾಮದ ಮುಖ್ಯ ರಸ್ತೆ ಹಾಳಾಗಿದ್ದು ಸಂಚಾರಕ್ಕೆ ತೊಂದರೆಯಾಗಿದೆ.,Kannada,High,2026-08-13T09:24,Synthetic Demo Data
REQ002678,612895,Bettahalasur,Bangalore,KARNATAKA,Drainage,नालियों में पानी भर जाने से जलभराव हो रहा है।,Hindi,Medium,2026-08-01T19:17,Synthetic Demo Data
REQ002679,612895,Bettahalasur,Bangalore,KARNATAKA,Education,ಗ್ರಾಮದ ಶಾಲಾ ಆವರಣ ಹಾಗೂ ಆಟದ ಮೈದಾನ ದುರಸ್ತಿ ಮಾಡಬೇಕಾಗಿದೆ.,Kannada,Low,2026-07-29T14:34,Synthetic Demo Data
REQ002680,612895,Bettahalasur,Bangalore,KARNATAKA,Healthcare,The village needs easier access to primary healthcare center.,English,Medium,2026-08-25T10:16,Synthetic Demo Data
REQ002681,612895,Bettahalasur,Bangalore,KARNATAKA,Road,ಮಳೆಗಾಲದಲ್ಲಿ ರಸ್ತೆಯಲ್ಲಿ ನೀರು ನಿಂತು ವಾಹನ ಚಾಲನೆ ಕಷ್ಟವಾಗುತ್ತದೆ.,Kannada,Medium,2026-09-12T08:27,Synthetic Demo Data
REQ002682,612895,Bettahalasur,Bangalore,KARNATAKA,Water,Residents report difficulty getting reliable drinking water in summer.,English,High,2026-07-28T09:37,Synthetic Demo Data
REQ002683,612895,Bettahalasur,Bangalore,KARNATAKA,Electricity,बिजली की बार-बार कटौती से लोग परेशान हैं।,Hindi,Medium,2026-09-15T11:52,Synthetic Demo Data
REQ002684,612896,Chokkanahalli (North),Bangalore,KARNATAKA,Banking,People are requesting easier access to ATM or banking kiosk services.,English,High,2026-08-30T19:57,Synthetic Demo Data
REQ002685,612896,Chokkanahalli (North),Bangalore,KARNATAKA,Water,ಬೇಸಿಗೆಯಲ್ಲಿ ಶುದ್ಧ ಕುಡಿಯುವ ನೀರಿನ ಕೊರತೆ ಎದುರಾಗುತ್ತಿದೆ.,Kannada,High,2026-08-02T16:35,Synthetic Demo Data
REQ002686,612896,Chokkanahalli (North),Bangalore,KARNATAKA,Healthcare,ಸ್ಥಳೀಯ ಆರೋಗ್ಯ ಸೇವೆಗಳು ಮತ್ತು ಔಷಧಿಗಳ ಲಭ್ಯತೆಯನ್ನು ಸುಧಾರಿಸಲು ವಿನಂತಿ.,Kannada,High,2026-07-22T17:58,Synthetic Demo Data
REQ002687,612896,Chokkanahalli (North),Bangalore,KARNATAKA,Banking,The village needs better access to banking facilities and loan services.,English,High,2026-07-16T09:27,Synthetic Demo Data
REQ002688,612896,Chokkanahalli (North),Bangalore,KARNATAKA,Waste Management,ಕಸವನ್ನು ನಿಯಮಿತವಾಗಿ ವಿಲೇವಾರಿ ಮಾಡಲಾಗುತ್ತಿಲ್ಲ.,Kannada,Medium,2026-08-05T06:50,Synthetic Demo Data
REQ002689,612896,Chokkanahalli (North),Bangalore,KARNATAKA,Healthcare,ನಮ್ಮ ಗ್ರಾಮಕ್ಕೆ ಪ್ರಾಥಮಿಕ ಆರೋಗ್ಯ ಕೇಂದ್ರದ ಸುಲಭ ಪ್ರವೇಶ ಬೇಕಾಗಿದೆ.,Kannada,Medium,2026-08-31T08:49,Synthetic Demo Data
REQ002690,612896,Chokkanahalli (North),Bangalore,KARNATAKA,Healthcare,Residents are requesting improved local healthcare access and medicine availability.,English,Medium,2026-09-08T07:34,Synthetic Demo Data
REQ002691,612896,Chokkanahalli (North),Bangalore,KARNATAKA,Healthcare,The village needs easier access to primary healthcare center.,English,Low,2026-08-29T10:06,Synthetic Demo Data
REQ002692,612896,Chokkanahalli (North),Bangalore,KARNATAKA,Waste Management,ವಸತಿ ಪ್ರದೇಶಗಳ ಬಳಿ ಕಸ ಶೇಖರಣೆಯಾಗುತ್ತಿದೆ.,Kannada,Medium,2026-07-14T13:53,Synthetic Demo Data
REQ002693,612896,Chokkanahalli (North),Bangalore,KARNATAKA,Waste Management,ವಸತಿ ಪ್ರದೇಶಗಳ ಬಳಿ ಕಸ ಶೇಖರಣೆಯಾಗುತ್ತಿದೆ.,Kannada,Medium,2026-08-03T19:39,Synthetic Demo Data
REQ002694,612897,Chikkajala,Bangalore,KARNATAKA,Public Transport,The village needs better bus frequency during morning and evening hours.,English,Medium,2026-09-13T18:44,Synthetic Demo Data
REQ002695,612897,Chikkajala,Bangalore,KARNATAKA,Digital Connectivity,ಗ್ರಾಮದ ಒಳಭಾಗದಲ್ಲಿ ಮೊಬೈಲ್ ನೆಟ್‌ವರ್ಕ್ ಸಿಗುತ್ತಿಲ್ಲ.,Kannada,Medium,2026-08-09T08:20,Synthetic Demo Data
REQ002696,612897,Chikkajala,Bangalore,KARNATAKA,Waste Management,ವಸತಿ ಪ್ರದೇಶಗಳ ಬಳಿ ಕಸ ಶೇಖರಣೆಯಾಗುತ್ತಿದೆ.,Kannada,Low,2026-07-07T09:07,Synthetic Demo Data
REQ002697,612897,Chikkajala,Bangalore,KARNATAKA,Digital Connectivity,The village needs better mobile network coverage in interior areas.,English,High,2026-08-31T17:15,Synthetic Demo Data
REQ002698,612897,Chikkajala,Bangalore,KARNATAKA,Public Transport,ವಿಶ್ವಾಸಾರ್ಹ ಸಾರಿಗೆ ಬಸ್ ಸೇವೆಗಳನ್ನು ಹೆಚ್ಚಿಸಲು ವಿನಂತಿ.,Kannada,High,2026-07-15T08:30,Synthetic Demo Data
REQ002699,612897,Chikkajala,Bangalore,KARNATAKA,Drainage,Drainage overflows during heavy rain and causes waterlogging near the school.,English,High,2026-09-15T18:13,Synthetic Demo Data
REQ002700,612897,Chikkajala,Bangalore,KARNATAKA,Road,ಮಳೆಗಾಲದಲ್ಲಿ ರಸ್ತೆಯಲ್ಲಿ ನೀರು ನಿಂತು ವಾಹನ ಚಾಲನೆ ಕಷ್ಟವಾಗುತ್ತದೆ.,Kannada,Medium,2026-07-13T14:20,Synthetic Demo Data
REQ002701,612897,Chikkajala,Bangalore,KARNATAKA,Road,ತಾಲೂಕು ಕೇಂದ್ರಕ್ಕೆ ಸಂಪರ್ಕ ಕಲ್ಪಿಸುವ ರಸ್ತೆ ಸುಧಾರಣೆಗೆ ಗ್ರಾಮಸ್ಥರ ಮನವಿ.,Kannada,High,2026-07-04T15:51,Synthetic Demo Data
REQ002702,612897,Chikkajala,Bangalore,KARNATAKA,Drainage,ವಸತಿ ಪ್ರದೇಶದ ಬಳಿ ಕಾಂಕ್ರೀಟ್ ಮುಚ್ಚಿದ ಚರಂಡಿ ನಿರ್ಮಿಸಲು ವಿನಂತಿ.,Kannada,High,2026-07-07T15:58,Synthetic Demo Data
REQ002703,612897,Chikkajala,Bangalore,KARNATAKA,Road,ತಾಲೂಕು ಕೇಂದ್ರಕ್ಕೆ ಸಂಪರ್ಕ ಕಲ್ಪಿಸುವ ರಸ್ತೆ ಸುಧಾರಣೆಗೆ ಗ್ರಾಮಸ್ಥರ ಮನವಿ.,Kannada,Medium,2026-09-10T19:27,Synthetic Demo Data
REQ002704,612897,Chikkajala,Bangalore,KARNATAKA,Healthcare,ಸಂಜೆ 5 ರ ನಂತರ ಸಮೀಪದ ಆರೋಗ್ಯ ಕೇಂದ್ರಕ್ಕೆ ಹೋಗಲು ಕಷ್ಟವಾಗುತ್ತಿದೆ.,Kannada,High,2026-07-02T15:20,Synthetic Demo Data
REQ002705,612897,Chikkajala,Bangalore,KARNATAKA,Healthcare,ಸಂಜೆ 5 ರ ನಂತರ ಸಮೀಪದ ಆರೋಗ್ಯ ಕೇಂದ್ರಕ್ಕೆ ಹೋಗಲು ಕಷ್ಟವಾಗುತ್ತಿದೆ.,Kannada,High,2026-07-04T20:50,Synthetic Demo Data
REQ002706,612897,Chikkajala,Bangalore,KARNATAKA,Banking,People are requesting easier access to ATM or banking kiosk services.,English,High,2026-09-03T06:27,Synthetic Demo Data
REQ002707,612897,Chikkajala,Bangalore,KARNATAKA,Drainage,Poor drainage is causing stagnant water and mosquito breeding in the village.,English,High,2026-08-21T18:50,Synthetic Demo Data
REQ002708,612897,Chikkajala,Bangalore,KARNATAKA,Drainage,Poor drainage is causing stagnant water and mosquito breeding in the village.,English,High,2026-08-07T07:06,Synthetic Demo Data
REQ002709,612897,Chikkajala,Bangalore,KARNATAKA,Road,ಮಳೆಗಾಲದಲ್ಲಿ ರಸ್ತೆಯಲ್ಲಿ ನೀರು ನಿಂತು ವಾಹನ ಚಾಲನೆ ಕಷ್ಟವಾಗುತ್ತದೆ.,Kannada,High,2026-07-07T06:44,Synthetic Demo Data
REQ002710,612897,Chikkajala,Bangalore,KARNATAKA,Banking,ಎಟಿಎಂ ಅಥವಾ ಗ್ರಾಮ ಬ್ಯಾಂಕಿಂಗ್ ಸೇವೆ ಒದಗಿಸಲು ಸಾರ್ವಜನಿಕರ ಮನವಿ.,Kannada,High,2026-07-20T15:11,Synthetic Demo Data
REQ002711,612897,Chikkajala,Bangalore,KARNATAKA,Banking,The village needs better access to banking facilities and loan services.,English,Low,2026-08-31T21:19,Synthetic Demo Data
REQ002712,612897,Chikkajala,Bangalore,KARNATAKA,Road,The road becomes waterlogged and difficult to travel on during the rainy season.,English,High,2026-07-04T09:05,Synthetic Demo Data
REQ002713,612897,Chikkajala,Bangalore,KARNATAKA,Waste Management,Garbage is not being collected regularly in residential lanes.,English,High,2026-09-03T14:34,Synthetic Demo Data
REQ002714,612897,Chikkajala,Bangalore,KARNATAKA,Electricity,People are requesting more reliable power supply without frequent cuts.,English,High,2026-09-07T06:06,Synthetic Demo Data
REQ002715,612897,Chikkajala,Bangalore,KARNATAKA,Healthcare,ಸಂಜೆ 5 ರ ನಂತರ ಸಮೀಪದ ಆರೋಗ್ಯ ಕೇಂದ್ರಕ್ಕೆ ಹೋಗಲು ಕಷ್ಟವಾಗುತ್ತಿದೆ.,Kannada,Medium,2026-09-02T10:12,Synthetic Demo Data
REQ002716,612897,Chikkajala,Bangalore,KARNATAKA,Banking,"ಬ್ಯಾಂಕಿಂಗ್ ಸೇವೆಗೆ 10 ಕಿ.ಮೀ ದೂರ ಹೋಗಬೇಕಾಗಿದ್ದು, ಸ್ಥಳೀಯ ಕಿಯೋಸ್ಕ್ ಅಗತ್ಯವಿದೆ.",Kannada,Low,2026-08-15T20:59,Synthetic Demo Data
REQ002717,612897,Chikkajala,Bangalore,KARNATAKA,Electricity,ವೋಲ್ಟೇಜ್ ಏರಿಳಿತದಿಂದ ಪಂಪ್‌ಸೆಟ್‌ಗಳಿಗೆ ತೊಂದರೆಯಾಗುತ್ತಿದೆ.,Kannada,Medium,2026-08-22T14:54,Synthetic Demo Data
REQ002718,612897,Chikkajala,Bangalore,KARNATAKA,Waste Management,Garbage is not being collected regularly in residential lanes.,English,High,2026-07-15T11:03,Synthetic Demo Data
REQ002719,612897,Chikkajala,Bangalore,KARNATAKA,Waste Management,ಮನೆ ಮನೆಗೆ ತೆರಳಿ ಕಸ ಸಂಗ್ರಹಿಸುವ ವ್ಯವಸ್ಥೆ ಬೇಕು ಎಂದು ನಿವಾಸಿಗಳು ಕೋರುತ್ತಿದ್ದಾರೆ.,Kannada,Medium,2026-08-31T16:14,Synthetic Demo Data
REQ002720,612897,Chikkajala,Bangalore,KARNATAKA,Healthcare,Residents are requesting improved local healthcare access and medicine availability.,English,Medium,2026-09-07T07:29,Synthetic Demo Data
REQ002721,612897,Chikkajala,Bangalore,KARNATAKA,Education,स्कूल में बेहतर सुविधाओं और शिक्षकों की मांग है।,Hindi,High,2026-08-03T11:19,Synthetic Demo Data
REQ002722,612897,Chikkajala,Bangalore,KARNATAKA,Drainage,Residents are requesting proper concrete covered drainage near residential areas.,English,Medium,2026-09-03T16:56,Synthetic Demo Data
REQ002723,612897,Chikkajala,Bangalore,KARNATAKA,Waste Management,Waste is accumulating near residential areas and temple road.,English,High,2026-08-24T14:19,Synthetic Demo Data
REQ002724,612897,Chikkajala,Bangalore,KARNATAKA,Digital Connectivity,ಹೈಸ್ಪೀಡ್ ಇಂಟರ್ನೆಟ್ ಮತ್ತು ಸಿಎಸ್ಸಿ ಸೇವೆಗಳು ಲಭ್ಯವಿಲ್ಲ.,Kannada,High,2026-07-19T12:54,Synthetic Demo Data
REQ002725,612897,Chikkajala,Bangalore,KARNATAKA,Banking,ಎಟಿಎಂ ಅಥವಾ ಗ್ರಾಮ ಬ್ಯಾಂಕಿಂಗ್ ಸೇವೆ ಒದಗಿಸಲು ಸಾರ್ವಜನಿಕರ ಮನವಿ.,Kannada,High,2026-08-27T15:49,Synthetic Demo Data
REQ002726,612897,Chikkajala,Bangalore,KARNATAKA,Education,The village needs improved educational facilities and playground repair.,English,Low,2026-07-11T20:28,Synthetic Demo Data
REQ002727,612897,Chikkajala,Bangalore,KARNATAKA,Banking,ಎಟಿಎಂ ಅಥವಾ ಗ್ರಾಮ ಬ್ಯಾಂಕಿಂಗ್ ಸೇವೆ ಒದಗಿಸಲು ಸಾರ್ವಜನಿಕರ ಮನವಿ.,Kannada,High,2026-08-07T11:31,Synthetic Demo Data
REQ002728,612897,Chikkajala,Bangalore,KARNATAKA,Waste Management,ಮನೆ ಮನೆಗೆ ತೆರಳಿ ಕಸ ಸಂಗ್ರಹಿಸುವ ವ್ಯವಸ್ಥೆ ಬೇಕು ಎಂದು ನಿವಾಸಿಗಳು ಕೋರುತ್ತಿದ್ದಾರೆ.,Kannada,Medium,2026-07-22T08:57,Synthetic Demo Data
REQ002729,612897,Chikkajala,Bangalore,KARNATAKA,Healthcare,Residents are requesting improved local healthcare access and medicine availability.,English,Medium,2026-07-09T18:15,Synthetic Demo Data
REQ002730,612897,Chikkajala,Bangalore,KARNATAKA,Banking,"ಬ್ಯಾಂಕಿಂಗ್ ಸೇವೆಗೆ 10 ಕಿ.ಮೀ ದೂರ ಹೋಗಬೇಕಾಗಿದ್ದು, ಸ್ಥಳೀಯ ಕಿಯೋಸ್ಕ್ ಅಗತ್ಯವಿದೆ.",Kannada,Medium,2026-07-05T18:38,Synthetic Demo Data
REQ002731,612897,Chikkajala,Bangalore,KARNATAKA,Banking,गांव में एटीएम या बैंकिंग सुविधा उपलब्ध कराई जाए।,Hindi,Medium,2026-09-03T10:17,Synthetic Demo Data
REQ002732,612897,Chikkajala,Bangalore,KARNATAKA,Digital Connectivity,ಗ್ರಾಮ ಪಂಚಾಯತ್ ವ್ಯಾಪ್ತಿಯಲ್ಲಿ ಬಾಪೂಜಿ ಸೇವಾ ಕೇಂದ್ರ / ಡಿಜಿಟಲ್ ಕೇಂದ್ರ ಬೇಕು.,Kannada,Low,2026-07-02T07:54,Synthetic Demo Data
REQ002733,612897,Chikkajala,Bangalore,KARNATAKA,Banking,Residents have limited access to nearby banking services and have to travel 10 km.,English,Medium,2026-09-04T08:45,Synthetic Demo Data
REQ002734,612897,Chikkajala,Bangalore,KARNATAKA,Banking,"ಬ್ಯಾಂಕಿಂಗ್ ಸೇವೆಗೆ 10 ಕಿ.ಮೀ ದೂರ ಹೋಗಬೇಕಾಗಿದ್ದು, ಸ್ಥಳೀಯ ಕಿಯೋಸ್ಕ್ ಅಗತ್ಯವಿದೆ.",Kannada,High,2026-07-09T19:22,Synthetic Demo Data
REQ002735,612897,Chikkajala,Bangalore,KARNATAKA,Banking,ಗ್ರಾಮದಲ್ಲಿ ಬ್ಯಾಂಕ್ ಸೇವೆಗಳು ಮತ್ತು ಸಾಲ ಸೌಲಭ್ಯಗಳು ಸುಲಭವಾಗಿ ಸಿಗುತ್ತಿಲ್ಲ.,Kannada,Low,2026-08-16T14:16,Synthetic Demo Data
REQ002736,612897,Chikkajala,Bangalore,KARNATAKA,Healthcare,The village needs easier access to primary healthcare center.,English,Low,2026-08-16T08:30,Synthetic Demo Data
REQ002737,612897,Chikkajala,Bangalore,KARNATAKA,Digital Connectivity,ಗ್ರಾಮದ ಒಳಭಾಗದಲ್ಲಿ ಮೊಬೈಲ್ ನೆಟ್‌ವರ್ಕ್ ಸಿಗುತ್ತಿಲ್ಲ.,Kannada,Medium,2026-07-14T06:41,Synthetic Demo Data
REQ002738,612897,Chikkajala,Bangalore,KARNATAKA,Public Transport,People are requesting more reliable BMTC/KSRTC public transport services.,English,Medium,2026-07-31T09:09,Synthetic Demo Data
REQ002739,612898,Maranayakana Halli,Bangalore,KARNATAKA,Healthcare,प्राथमिक स्वास्थ्य केंद्र में बेहतर सुविधाओं की आवश्यकता है।,Hindi,Medium,2026-09-07T18:51,Synthetic Demo Data
REQ002740,612898,Maranayakana Halli,Bangalore,KARNATAKA,Digital Connectivity,The village needs better mobile network coverage in interior areas.,English,Medium,2026-07-20T07:19,Synthetic Demo Data
REQ002741,612898,Maranayakana Halli,Bangalore,KARNATAKA,Banking,"ಬ್ಯಾಂಕಿಂಗ್ ಸೇವೆಗೆ 10 ಕಿ.ಮೀ ದೂರ ಹೋಗಬೇಕಾಗಿದ್ದು, ಸ್ಥಳೀಯ ಕಿಯೋಸ್ಕ್ ಅಗತ್ಯವಿದೆ.",Kannada,Medium,2026-08-31T09:17,Synthetic Demo Data
REQ002742,612898,Maranayakana Halli,Bangalore,KARNATAKA,Banking,The village needs better access to banking facilities and loan services.,English,Medium,2026-07-05T08:55,Synthetic Demo Data
REQ002743,612898,Maranayakana Halli,Bangalore,KARNATAKA,Public Transport,People are requesting more reliable BMTC/KSRTC public transport services.,English,Low,2026-08-02T11:17,Synthetic Demo Data
REQ002744,612898,Maranayakana Halli,Bangalore,KARNATAKA,Drainage,ವಸತಿ ಪ್ರದೇಶದ ಬಳಿ ಕಾಂಕ್ರೀಟ್ ಮುಚ್ಚಿದ ಚರಂಡಿ ನಿರ್ಮಿಸಲು ವಿನಂತಿ.,Kannada,Medium,2026-09-14T20:10,Synthetic Demo Data
REQ002745,612898,Maranayakana Halli,Bangalore,KARNATAKA,Healthcare,ನಮ್ಮ ಗ್ರಾಮಕ್ಕೆ ಪ್ರಾಥಮಿಕ ಆರೋಗ್ಯ ಕೇಂದ್ರದ ಸುಲಭ ಪ್ರವೇಶ ಬೇಕಾಗಿದೆ.,Kannada,High,2026-07-15T21:01,Synthetic Demo Data
REQ002746,612898,Maranayakana Halli,Bangalore,KARNATAKA,Healthcare,Residents are requesting improved local healthcare access and medicine availability.,English,High,2026-07-23T07:45,Synthetic Demo Data
REQ002747,612898,Maranayakana Halli,Bangalore,KARNATAKA,Education,Students have difficulty accessing nearby secondary education without bus.,English,High,2026-07-06T09:00,Synthetic Demo Data
REQ002748,612898,Maranayakana Halli,Bangalore,KARNATAKA,Waste Management,ಕಸವನ್ನು ನಿಯಮಿತವಾಗಿ ವಿಲೇವಾರಿ ಮಾಡಲಾಗುತ್ತಿಲ್ಲ.,Kannada,High,2026-09-05T18:29,Synthetic Demo Data
REQ002749,612898,Maranayakana Halli,Bangalore,KARNATAKA,Healthcare,ನಮ್ಮ ಗ್ರಾಮಕ್ಕೆ ಪ್ರಾಥಮಿಕ ಆರೋಗ್ಯ ಕೇಂದ್ರದ ಸುಲಭ ಪ್ರವೇಶ ಬೇಕಾಗಿದೆ.,Kannada,Medium,2026-09-15T21:45,Synthetic Demo Data
REQ002750,612898,Maranayakana Halli,Bangalore,KARNATAKA,Healthcare,ನಮ್ಮ ಗ್ರಾಮಕ್ಕೆ ಪ್ರಾಥಮಿಕ ಆರೋಗ್ಯ ಕೇಂದ್ರದ ಸುಲಭ ಪ್ರವೇಶ ಬೇಕಾಗಿದೆ.,Kannada,Low,2026-07-25T17:24,Synthetic Demo Data
REQ002751,612898,Maranayakana Halli,Bangalore,KARNATAKA,Electricity,ಗ್ರಾಮದ ಪ್ರಮುಖ ರಸ್ತೆಗಳಲ್ಲಿ ಬೀದಿದೀಪಗಳ ಸೌಲಭ್ಯ ಕಲ್ಪಿಸಬೇಕಾಗಿದೆ.,Kannada,High,2026-09-09T15:59,Synthetic Demo Data
REQ002752,612898,Maranayakana Halli,Bangalore,KARNATAKA,Road,ಗ್ರಾಮದ ಮುಖ್ಯ ರಸ್ತೆ ಹಾಳಾಗಿದ್ದು ಸಂಚಾರಕ್ಕೆ ತೊಂದರೆಯಾಗಿದೆ.,Kannada,Medium,2026-07-07T21:17,Synthetic Demo Data
REQ002753,612898,Maranayakana Halli,Bangalore,KARNATAKA,Healthcare,Residents are requesting improved local healthcare access and medicine availability.,English,Medium,2026-07-25T16:19,Synthetic Demo Data
REQ002754,612898,Maranayakana Halli,Bangalore,KARNATAKA,Healthcare,प्राथमिक स्वास्थ्य केंद्र में बेहतर सुविधाओं की आवश्यकता है।,Hindi,Low,2026-07-13T07:00,Synthetic Demo Data
REQ002755,612898,Maranayakana Halli,Bangalore,KARNATAKA,Waste Management,Garbage is not being collected regularly in residential lanes.,English,Medium,2026-08-21T11:00,Synthetic Demo Data
REQ002756,612898,Maranayakana Halli,Bangalore,KARNATAKA,Road,Residents are requesting improvement of road connectivity to the taluk center.,English,Low,2026-09-14T18:28,Synthetic Demo Data
REQ002757,612899,Doddajala,Bangalore,KARNATAKA,Banking,"ಬ್ಯಾಂಕಿಂಗ್ ಸೇವೆಗೆ 10 ಕಿ.ಮೀ ದೂರ ಹೋಗಬೇಕಾಗಿದ್ದು, ಸ್ಥಳೀಯ ಕಿಯೋಸ್ಕ್ ಅಗತ್ಯವಿದೆ.",Kannada,High,2026-08-25T18:27,Synthetic Demo Data
REQ002758,612899,Doddajala,Bangalore,KARNATAKA,Waste Management,ಮನೆ ಮನೆಗೆ ತೆರಳಿ ಕಸ ಸಂಗ್ರಹಿಸುವ ವ್ಯವಸ್ಥೆ ಬೇಕು ಎಂದು ನಿವಾಸಿಗಳು ಕೋರುತ್ತಿದ್ದಾರೆ.,Kannada,Medium,2026-08-17T15:55,Synthetic Demo Data
REQ002759,612899,Doddajala,Bangalore,KARNATAKA,Drainage,ಭಾರೀ ಮಳೆಯಾದಾಗ ಚರಂಡಿ ಉಕ್ಕಿ ಶಾಲೆ ಬಳಿ ನೀರು ನಿಲ್ಲುತ್ತದೆ.,Kannada,Low,2026-07-01T20:34,Synthetic Demo Data
REQ002760,612899,Doddajala,Bangalore,KARNATAKA,Road,ಮಳೆಗಾಲದಲ್ಲಿ ರಸ್ತೆಯಲ್ಲಿ ನೀರು ನಿಂತು ವಾಹನ ಚಾಲನೆ ಕಷ್ಟವಾಗುತ್ತದೆ.,Kannada,High,2026-08-30T07:33,Synthetic Demo Data
REQ002761,612899,Doddajala,Bangalore,KARNATAKA,Education,ಗ್ರಾಮದ ಶಾಲಾ ಆವರಣ ಹಾಗೂ ಆಟದ ಮೈದಾನ ದುರಸ್ತಿ ಮಾಡಬೇಕಾಗಿದೆ.,Kannada,Medium,2026-08-25T19:35,Synthetic Demo Data
REQ002762,612899,Doddajala,Bangalore,KARNATAKA,Waste Management,Waste is accumulating near residential areas and temple road.,English,Medium,2026-09-11T18:10,Synthetic Demo Data
REQ002763,612899,Doddajala,Bangalore,KARNATAKA,Healthcare,ನಮ್ಮ ಗ್ರಾಮಕ್ಕೆ ಪ್ರಾಥಮಿಕ ಆರೋಗ್ಯ ಕೇಂದ್ರದ ಸುಲಭ ಪ್ರವೇಶ ಬೇಕಾಗಿದೆ.,Kannada,Medium,2026-09-08T19:35,Synthetic Demo Data
REQ002764,612899,Doddajala,Bangalore,KARNATAKA,Education,The village needs improved educational facilities and playground repair.,English,High,2026-09-06T21:50,Synthetic Demo Data
REQ002765,612899,Doddajala,Bangalore,KARNATAKA,Education,ಸ್ಥಳೀಯ ಸರ್ಕಾರಿ ಶಾಲೆಯಲ್ಲಿ ಕಂಪ್ಯೂಟರ್ ಹಾಗೂ ಶೌಚಾಲಯ ಸೌಲಭ್ಯ ಕಲ್ಪಿಸಲು ಮನವಿ.,Kannada,Low,2026-08-24T11:23,Synthetic Demo Data
REQ002766,612899,Doddajala,Bangalore,KARNATAKA,Healthcare,ಸಂಜೆ 5 ರ ನಂತರ ಸಮೀಪದ ಆರೋಗ್ಯ ಕೇಂದ್ರಕ್ಕೆ ಹೋಗಲು ಕಷ್ಟವಾಗುತ್ತಿದೆ.,Kannada,Low,2026-07-03T13:08,Synthetic Demo Data
REQ002767,612899,Doddajala,Bangalore,KARNATAKA,Water,ಗ್ರಾಮಕ್ಕೆ ಶುದ್ಧ ಕುಡಿಯುವ ನೀರಿನ ಆರ್‌ಒ ಘಟಕದ ಅಗತ್ಯವಿದೆ.,Kannada,Low,2026-08-15T20:54,Synthetic Demo Data
REQ002768,612899,Doddajala,Bangalore,KARNATAKA,Banking,"ಬ್ಯಾಂಕಿಂಗ್ ಸೇವೆಗೆ 10 ಕಿ.ಮೀ ದೂರ ಹೋಗಬೇಕಾಗಿದ್ದು, ಸ್ಥಳೀಯ ಕಿಯೋಸ್ಕ್ ಅಗತ್ಯವಿದೆ.",Kannada,Low,2026-07-24T18:00,Synthetic Demo Data
REQ002769,612899,Doddajala,Bangalore,KARNATAKA,Waste Management,ಕಸವನ್ನು ನಿಯಮಿತವಾಗಿ ವಿಲೇವಾರಿ ಮಾಡಲಾಗುತ್ತಿಲ್ಲ.,Kannada,Medium,2026-09-12T17:59,Synthetic Demo Data
REQ002770,612899,Doddajala,Bangalore,KARNATAKA,Waste Management,ವಸತಿ ಪ್ರದೇಶಗಳ ಬಳಿ ಕಸ ಶೇಖರಣೆಯಾಗುತ್ತಿದೆ.,Kannada,Medium,2026-09-04T16:07,Synthetic Demo Data
REQ002771,612899,Doddajala,Bangalore,KARNATAKA,Healthcare,ಸ್ಥಳೀಯ ಆರೋಗ್ಯ ಸೇವೆಗಳು ಮತ್ತು ಔಷಧಿಗಳ ಲಭ್ಯತೆಯನ್ನು ಸುಧಾರಿಸಲು ವಿನಂತಿ.,Kannada,High,2026-07-18T21:18,Synthetic Demo Data
REQ002772,612899,Doddajala,Bangalore,KARNATAKA,Healthcare,ನಮ್ಮ ಗ್ರಾಮಕ್ಕೆ ಪ್ರಾಥಮಿಕ ಆರೋಗ್ಯ ಕೇಂದ್ರದ ಸುಲಭ ಪ್ರವೇಶ ಬೇಕಾಗಿದೆ.,Kannada,High,2026-09-09T10:17,Synthetic Demo Data
REQ002773,612899,Doddajala,Bangalore,KARNATAKA,Drainage,Poor drainage is causing stagnant water and mosquito breeding in the village.,English,Low,2026-08-25T14:11,Synthetic Demo Data
REQ002774,612899,Doddajala,Bangalore,KARNATAKA,Waste Management,Waste is accumulating near residential areas and temple road.,English,High,2026-09-14T08:28,Synthetic Demo Data
REQ002775,612899,Doddajala,Bangalore,KARNATAKA,Water,The village needs improved access to safe drinking water RO plant.,English,Medium,2026-08-16T14:58,Synthetic Demo Data
REQ002776,612899,Doddajala,Bangalore,KARNATAKA,Drainage,Poor drainage is causing stagnant water and mosquito breeding in the village.,English,Medium,2026-08-17T21:53,Synthetic Demo Data
REQ002777,612899,Doddajala,Bangalore,KARNATAKA,Banking,"ಬ್ಯಾಂಕಿಂಗ್ ಸೇವೆಗೆ 10 ಕಿ.ಮೀ ದೂರ ಹೋಗಬೇಕಾಗಿದ್ದು, ಸ್ಥಳೀಯ ಕಿಯೋಸ್ಕ್ ಅಗತ್ಯವಿದೆ.",Kannada,High,2026-09-12T10:08,Synthetic Demo Data
REQ002778,612900,Settigere,Bangalore,KARNATAKA,Banking,ಎಟಿಎಂ ಅಥವಾ ಗ್ರಾಮ ಬ್ಯಾಂಕಿಂಗ್ ಸೇವೆ ಒದಗಿಸಲು ಸಾರ್ವಜನಿಕರ ಮನವಿ.,Kannada,Medium,2026-07-03T07:04,Synthetic Demo Data
REQ002779,612900,Settigere,Bangalore,KARNATAKA,Digital Connectivity,ಗ್ರಾಮದ ಒಳಭಾಗದಲ್ಲಿ ಮೊಬೈಲ್ ನೆಟ್‌ವರ್ಕ್ ಸಿಗುತ್ತಿಲ್ಲ.,Kannada,Low,2026-08-22T14:03,Synthetic Demo Data
REQ002780,612900,Settigere,Bangalore,KARNATAKA,Healthcare,ನಮ್ಮ ಗ್ರಾಮಕ್ಕೆ ಪ್ರಾಥಮಿಕ ಆರೋಗ್ಯ ಕೇಂದ್ರದ ಸುಲಭ ಪ್ರವೇಶ ಬೇಕಾಗಿದೆ.,Kannada,High,2026-08-30T11:32,Synthetic Demo Data
REQ002781,612900,Settigere,Bangalore,KARNATAKA,Waste Management,Waste is accumulating near residential areas and temple road.,English,Low,2026-08-05T06:03,Synthetic Demo Data
REQ002782,612900,Settigere,Bangalore,KARNATAKA,Drainage,ವಸತಿ ಪ್ರದೇಶದ ಬಳಿ ಕಾಂಕ್ರೀಟ್ ಮುಚ್ಚಿದ ಚರಂಡಿ ನಿರ್ಮಿಸಲು ವಿನಂತಿ.,Kannada,High,2026-08-03T20:15,Synthetic Demo Data
REQ002783,612900,Settigere,Bangalore,KARNATAKA,Drainage,नालियों में पानी भर जाने से जलभराव हो रहा है।,Hindi,Medium,2026-09-08T17:00,Synthetic Demo Data
REQ002784,612900,Settigere,Bangalore,KARNATAKA,Healthcare,ಸಂಜೆ 5 ರ ನಂತರ ಸಮೀಪದ ಆರೋಗ್ಯ ಕೇಂದ್ರಕ್ಕೆ ಹೋಗಲು ಕಷ್ಟವಾಗುತ್ತಿದೆ.,Kannada,Low,2026-07-08T08:07,Synthetic Demo Data
REQ002785,612900,Settigere,Bangalore,KARNATAKA,Education,स्कूल में बेहतर सुविधाओं और शिक्षकों की मांग है।,Hindi,High,2026-08-29T09:52,Synthetic Demo Data
REQ002786,612900,Settigere,Bangalore,KARNATAKA,Digital Connectivity,ಹೈಸ್ಪೀಡ್ ಇಂಟರ್ನೆಟ್ ಮತ್ತು ಸಿಎಸ್ಸಿ ಸೇವೆಗಳು ಲಭ್ಯವಿಲ್ಲ.,Kannada,High,2026-07-06T17:14,Synthetic Demo Data
REQ002787,612900,Settigere,Bangalore,KARNATAKA,Banking,The village needs better access to banking facilities and loan services.,English,High,2026-09-11T10:12,Synthetic Demo Data
REQ002788,612900,Settigere,Bangalore,KARNATAKA,Water,ಗ್ರಾಮಕ್ಕೆ ಶುದ್ಧ ಕುಡಿಯುವ ನೀರಿನ ಆರ್‌ಒ ಘಟಕದ ಅಗತ್ಯವಿದೆ.,Kannada,Medium,2026-07-02T06:30,Synthetic Demo Data
REQ002789,612900,Settigere,Bangalore,KARNATAKA,Waste Management,Residents are requesting a better door-to-door waste collection system.,English,High,2026-09-03T15:35,Synthetic Demo Data
REQ002790,612900,Settigere,Bangalore,KARNATAKA,Public Transport,The village needs better bus frequency during morning and evening hours.,English,Low,2026-07-19T20:26,Synthetic Demo Data
REQ002791,612900,Settigere,Bangalore,KARNATAKA,Education,Residents are requesting better facilities and computers in the local school.,English,High,2026-09-15T14:17,Synthetic Demo Data
REQ002792,612900,Settigere,Bangalore,KARNATAKA,Banking,The village needs better access to banking facilities and loan services.,English,Low,2026-07-12T10:30,Synthetic Demo Data
REQ002793,612900,Settigere,Bangalore,KARNATAKA,Waste Management,ಮನೆ ಮನೆಗೆ ತೆರಳಿ ಕಸ ಸಂಗ್ರಹಿಸುವ ವ್ಯವಸ್ಥೆ ಬೇಕು ಎಂದು ನಿವಾಸಿಗಳು ಕೋರುತ್ತಿದ್ದಾರೆ.,Kannada,High,2026-07-10T07:16,Synthetic Demo Data
REQ002794,612901,Muthugada Halli,Bangalore,KARNATAKA,Waste Management,ಮನೆ ಮನೆಗೆ ತೆರಳಿ ಕಸ ಸಂಗ್ರಹಿಸುವ ವ್ಯವಸ್ಥೆ ಬೇಕು ಎಂದು ನಿವಾಸಿಗಳು ಕೋರುತ್ತಿದ್ದಾರೆ.,Kannada,Medium,2026-08-21T13:43,Synthetic Demo Data
REQ002795,612901,Muthugada Halli,Bangalore,KARNATAKA,Drainage,ಚರಂಡಿ ಕೊರತೆಯಿಂದ ನೀರು ನಿಂತು ಸೊಳ್ಳೆಗಳ ಕಾಟ ಹೆಚ್ಚಾಗಿದೆ.,Kannada,High,2026-08-16T20:16,Synthetic Demo Data
REQ002796,612901,Muthugada Halli,Bangalore,KARNATAKA,Healthcare,The village needs easier access to primary healthcare center.,English,High,2026-07-20T19:33,Synthetic Demo Data
REQ002797,612901,Muthugada Halli,Bangalore,KARNATAKA,Water,Water supply pressure is insufficient for residents on higher lanes.,English,Medium,2026-08-24T20:12,Synthetic Demo Data
REQ002798,612901,Muthugada Halli,Bangalore,KARNATAKA,Healthcare,ಸ್ಥಳೀಯ ಆರೋಗ್ಯ ಸೇವೆಗಳು ಮತ್ತು ಔಷಧಿಗಳ ಲಭ್ಯತೆಯನ್ನು ಸುಧಾರಿಸಲು ವಿನಂತಿ.,Kannada,Low,2026-08-08T12:35,Synthetic Demo Data
REQ002799,612901,Muthugada Halli,Bangalore,KARNATAKA,Waste Management,ಕಸವನ್ನು ನಿಯಮಿತವಾಗಿ ವಿಲೇವಾರಿ ಮಾಡಲಾಗುತ್ತಿಲ್ಲ.,Kannada,Medium,2026-08-08T18:58,Synthetic Demo Data
REQ002800,612901,Muthugada Halli,Bangalore,KARNATAKA,Drainage,ಚರಂಡಿ ಕೊರತೆಯಿಂದ ನೀರು ನಿಂತು ಸೊಳ್ಳೆಗಳ ಕಾಟ ಹೆಚ್ಚಾಗಿದೆ.,Kannada,High,2026-08-26T14:45,Synthetic Demo Data
REQ002801,612901,Muthugada Halli,Bangalore,KARNATAKA,Water,ಮೇಲ್ಭಾಗದ ಬಡಾವಣೆಗಳಿಗೆ ನೀರಿನ ಸರಬರಾಜು ಒತ್ತಡ ಸಾಲುತ್ತಿಲ್ಲ.,Kannada,High,2026-07-11T17:25,Synthetic Demo Data
REQ002802,612901,Muthugada Halli,Bangalore,KARNATAKA,Drainage,Residents are requesting proper concrete covered drainage near residential areas.,English,Low,2026-09-15T07:34,Synthetic Demo Data
REQ002803,612901,Muthugada Halli,Bangalore,KARNATAKA,Banking,The village needs better access to banking facilities and loan services.,English,High,2026-09-02T15:46,Synthetic Demo Data
REQ002804,612901,Muthugada Halli,Bangalore,KARNATAKA,Water,पीने के साफ पानी की व्यवस्था की जाए।,Hindi,Low,2026-07-13T08:06,Synthetic Demo Data
REQ002805,612901,Muthugada Halli,Bangalore,KARNATAKA,Healthcare,ಸಂಜೆ 5 ರ ನಂತರ ಸಮೀಪದ ಆರೋಗ್ಯ ಕೇಂದ್ರಕ್ಕೆ ಹೋಗಲು ಕಷ್ಟವಾಗುತ್ತಿದೆ.,Kannada,High,2026-07-03T10:21,Synthetic Demo Data
REQ002806,612902,Begur,Bangalore,KARNATAKA,Electricity,Residents report voltage fluctuations affecting agriculture pump sets.,English,Medium,2026-07-07T11:10,Synthetic Demo Data
REQ002807,612902,Begur,Bangalore,KARNATAKA,Digital Connectivity,ಗ್ರಾಮದ ಒಳಭಾಗದಲ್ಲಿ ಮೊಬೈಲ್ ನೆಟ್‌ವರ್ಕ್ ಸಿಗುತ್ತಿಲ್ಲ.,Kannada,Medium,2026-07-30T16:52,Synthetic Demo Data
REQ002808,612902,Begur,Bangalore,KARNATAKA,Banking,ಎಟಿಎಂ ಅಥವಾ ಗ್ರಾಮ ಬ್ಯಾಂಕಿಂಗ್ ಸೇವೆ ಒದಗಿಸಲು ಸಾರ್ವಜನಿಕರ ಮನವಿ.,Kannada,Medium,2026-07-01T08:42,Synthetic Demo Data
REQ002809,612902,Begur,Bangalore,KARNATAKA,Drainage,ಚರಂಡಿ ಕೊರತೆಯಿಂದ ನೀರು ನಿಂತು ಸೊಳ್ಳೆಗಳ ಕಾಟ ಹೆಚ್ಚಾಗಿದೆ.,Kannada,Medium,2026-09-11T17:55,Synthetic Demo Data
REQ002810,612902,Begur,Bangalore,KARNATAKA,Banking,ಗ್ರಾಮದಲ್ಲಿ ಬ್ಯಾಂಕ್ ಸೇವೆಗಳು ಮತ್ತು ಸಾಲ ಸೌಲಭ್ಯಗಳು ಸುಲಭವಾಗಿ ಸಿಗುತ್ತಿಲ್ಲ.,Kannada,Medium,2026-07-07T08:20,Synthetic Demo Data
REQ002811,612902,Begur,Bangalore,KARNATAKA,Drainage,ವಸತಿ ಪ್ರದೇಶದ ಬಳಿ ಕಾಂಕ್ರೀಟ್ ಮುಚ್ಚಿದ ಚರಂಡಿ ನಿರ್ಮಿಸಲು ವಿನಂತಿ.,Kannada,Low,2026-08-14T14:28,Synthetic Demo Data
REQ002812,612902,Begur,Bangalore,KARNATAKA,Digital Connectivity,People are requesting a local digital service facility (Bapuji Seva Kendra).,English,Medium,2026-07-06T21:06,Synthetic Demo Data
REQ002813,612902,Begur,Bangalore,KARNATAKA,Electricity,People are requesting more reliable power supply without frequent cuts.,English,Medium,2026-09-09T07:59,Synthetic Demo Data
REQ002814,612902,Begur,Bangalore,KARNATAKA,Road,The road becomes waterlogged and difficult to travel on during the rainy season.,English,Medium,2026-07-04T13:42,Synthetic Demo Data
REQ002815,612902,Begur,Bangalore,KARNATAKA,Public Transport,ಬೆಳಿಗ್ಗೆ ಮತ್ತು ಸಂಜೆ ವೇಳೆಯಲ್ಲಿ ಹೆಚ್ಚಿನ ಬಸ್ ಸಂಚಾರ ಬೇಕಾಗಿದೆ.,Kannada,Low,2026-08-06T12:19,Synthetic Demo Data
REQ002816,612902,Begur,Bangalore,KARNATAKA,Electricity,ಗ್ರಾಮದ ಪ್ರಮುಖ ರಸ್ತೆಗಳಲ್ಲಿ ಬೀದಿದೀಪಗಳ ಸೌಲಭ್ಯ ಕಲ್ಪಿಸಬೇಕಾಗಿದೆ.,Kannada,Low,2026-07-16T06:17,Synthetic Demo Data
REQ002817,612902,Begur,Bangalore,KARNATAKA,Road,The main approach road near the village is damaged and difficult to use.,English,Medium,2026-09-03T15:04,Synthetic Demo Data
REQ002818,612903,Mylanahalli,Bangalore,KARNATAKA,Drainage,ವಸತಿ ಪ್ರದೇಶದ ಬಳಿ ಕಾಂಕ್ರೀಟ್ ಮುಚ್ಚಿದ ಚರಂಡಿ ನಿರ್ಮಿಸಲು ವಿನಂತಿ.,Kannada,Low,2026-07-29T16:56,Synthetic Demo Data
REQ002819,612903,Mylanahalli,Bangalore,KARNATAKA,Education,The village needs improved educational facilities and playground repair.,English,Medium,2026-08-01T17:43,Synthetic Demo Data
REQ002820,612903,Mylanahalli,Bangalore,KARNATAKA,Healthcare,ಸಂಜೆ 5 ರ ನಂತರ ಸಮೀಪದ ಆರೋಗ್ಯ ಕೇಂದ್ರಕ್ಕೆ ಹೋಗಲು ಕಷ್ಟವಾಗುತ್ತಿದೆ.,Kannada,Medium,2026-07-05T07:26,Synthetic Demo Data
REQ002821,612903,Mylanahalli,Bangalore,KARNATAKA,Banking,Residents have limited access to nearby banking services and have to travel 10 km.,English,High,2026-07-03T18:36,Synthetic Demo Data
REQ002822,612903,Mylanahalli,Bangalore,KARNATAKA,Road,The road becomes waterlogged and difficult to travel on during the rainy season.,English,High,2026-09-08T18:45,Synthetic Demo Data
REQ002823,612903,Mylanahalli,Bangalore,KARNATAKA,Healthcare,ಸ್ಥಳೀಯ ಆರೋಗ್ಯ ಸೇವೆಗಳು ಮತ್ತು ಔಷಧಿಗಳ ಲಭ್ಯತೆಯನ್ನು ಸುಧಾರಿಸಲು ವಿನಂತಿ.,Kannada,Low,2026-08-31T14:44,Synthetic Demo Data
REQ002824,612903,Mylanahalli,Bangalore,KARNATAKA,Digital Connectivity,People are requesting a local digital service facility (Bapuji Seva Kendra).,English,Medium,2026-09-11T15:19,Synthetic Demo Data
REQ002825,612903,Mylanahalli,Bangalore,KARNATAKA,Healthcare,प्राथमिक स्वास्थ्य केंद्र में बेहतर सुविधाओं की आवश्यकता है।,Hindi,Low,2026-07-03T06:25,Synthetic Demo Data
REQ002826,612903,Mylanahalli,Bangalore,KARNATAKA,Healthcare,ನಮ್ಮ ಗ್ರಾಮಕ್ಕೆ ಪ್ರಾಥಮಿಕ ಆರೋಗ್ಯ ಕೇಂದ್ರದ ಸುಲಭ ಪ್ರವೇಶ ಬೇಕಾಗಿದೆ.,Kannada,High,2026-07-02T12:10,Synthetic Demo Data
REQ002827,612903,Mylanahalli,Bangalore,KARNATAKA,Education,Students have difficulty accessing nearby secondary education without bus.,English,Medium,2026-08-18T16:16,Synthetic Demo Data
REQ002828,612903,Mylanahalli,Bangalore,KARNATAKA,Drainage,ಚರಂಡಿ ಕೊರತೆಯಿಂದ ನೀರು ನಿಂತು ಸೊಳ್ಳೆಗಳ ಕಾಟ ಹೆಚ್ಚಾಗಿದೆ.,Kannada,High,2026-09-07T14:11,Synthetic Demo Data
REQ002829,612903,Mylanahalli,Bangalore,KARNATAKA,Healthcare,Residents are requesting improved local healthcare access and medicine availability.,English,Low,2026-07-20T13:50,Synthetic Demo Data
REQ002830,612903,Mylanahalli,Bangalore,KARNATAKA,Waste Management,ಕಸವನ್ನು ನಿಯಮಿತವಾಗಿ ವಿಲೇವಾರಿ ಮಾಡಲಾಗುತ್ತಿಲ್ಲ.,Kannada,High,2026-07-05T07:41,Synthetic Demo Data
REQ002831,612903,Mylanahalli,Bangalore,KARNATAKA,Banking,"ಬ್ಯಾಂಕಿಂಗ್ ಸೇವೆಗೆ 10 ಕಿ.ಮೀ ದೂರ ಹೋಗಬೇಕಾಗಿದ್ದು, ಸ್ಥಳೀಯ ಕಿಯೋಸ್ಕ್ ಅಗತ್ಯವಿದೆ.",Kannada,High,2026-08-01T06:40,Synthetic Demo Data
REQ002832,612903,Mylanahalli,Bangalore,KARNATAKA,Public Transport,ಮೆಟ್ರೋ ನಿಲ್ದಾಣಕ್ಕೆ ನೇರ ಬಸ್ ಸಂಪರ್ಕ ಕಲ್ಪಿಸಲು ಗ್ರಾಮಸ್ಥರ ಕೋರಿಕೆ.,Kannada,Medium,2026-08-01T06:09,Synthetic Demo Data
REQ002833,612903,Mylanahalli,Bangalore,KARNATAKA,Banking,ಗ್ರಾಮದಲ್ಲಿ ಬ್ಯಾಂಕ್ ಸೇವೆಗಳು ಮತ್ತು ಸಾಲ ಸೌಲಭ್ಯಗಳು ಸುಲಭವಾಗಿ ಸಿಗುತ್ತಿಲ್ಲ.,Kannada,Medium,2026-07-29T10:39,Synthetic Demo Data
REQ002834,612903,Mylanahalli,Bangalore,KARNATAKA,Banking,"ಬ್ಯಾಂಕಿಂಗ್ ಸೇವೆಗೆ 10 ಕಿ.ಮೀ ದೂರ ಹೋಗಬೇಕಾಗಿದ್ದು, ಸ್ಥಳೀಯ ಕಿಯೋಸ್ಕ್ ಅಗತ್ಯವಿದೆ.",Kannada,High,2026-08-28T16:48,Synthetic Demo Data
REQ002835,612903,Mylanahalli,Bangalore,KARNATAKA,Banking,Residents have limited access to nearby banking services and have to travel 10 km.,English,Medium,2026-09-11T11:05,Synthetic Demo Data
REQ002836,612903,Mylanahalli,Bangalore,KARNATAKA,Drainage,Poor drainage is causing stagnant water and mosquito breeding in the village.,English,High,2026-08-20T07:14,Synthetic Demo Data
REQ002837,612903,Mylanahalli,Bangalore,KARNATAKA,Banking,"ಬ್ಯಾಂಕಿಂಗ್ ಸೇವೆಗೆ 10 ಕಿ.ಮೀ ದೂರ ಹೋಗಬೇಕಾಗಿದ್ದು, ಸ್ಥಳೀಯ ಕಿಯೋಸ್ಕ್ ಅಗತ್ಯವಿದೆ.",Kannada,Low,2026-07-23T06:56,Synthetic Demo Data
REQ002838,612903,Mylanahalli,Bangalore,KARNATAKA,Digital Connectivity,ಹೈಸ್ಪೀಡ್ ಇಂಟರ್ನೆಟ್ ಮತ್ತು ಸಿಎಸ್ಸಿ ಸೇವೆಗಳು ಲಭ್ಯವಿಲ್ಲ.,Kannada,Medium,2026-07-10T14:29,Synthetic Demo Data
REQ002839,612903,Mylanahalli,Bangalore,KARNATAKA,Banking,Residents have limited access to nearby banking services and have to travel 10 km.,English,Medium,2026-07-01T20:07,Synthetic Demo Data
REQ002840,612903,Mylanahalli,Bangalore,KARNATAKA,Drainage,ಭಾರೀ ಮಳೆಯಾದಾಗ ಚರಂಡಿ ಉಕ್ಕಿ ಶಾಲೆ ಬಳಿ ನೀರು ನಿಲ್ಲುತ್ತದೆ.,Kannada,High,2026-09-09T06:11,Synthetic Demo Data
REQ002841,612903,Mylanahalli,Bangalore,KARNATAKA,Drainage,Drainage overflows during heavy rain and causes waterlogging near the school.,English,High,2026-09-16T11:04,Synthetic Demo Data
REQ002842,612903,Mylanahalli,Bangalore,KARNATAKA,Waste Management,Garbage is not being collected regularly in residential lanes.,English,Medium,2026-09-01T06:43,Synthetic Demo Data
REQ002843,612903,Mylanahalli,Bangalore,KARNATAKA,Waste Management,ಕಸವನ್ನು ನಿಯಮಿತವಾಗಿ ವಿಲೇವಾರಿ ಮಾಡಲಾಗುತ್ತಿಲ್ಲ.,Kannada,Medium,2026-09-03T19:13,Synthetic Demo Data
REQ002844,612903,Mylanahalli,Bangalore,KARNATAKA,Healthcare,ಸ್ಥಳೀಯ ಆರೋಗ್ಯ ಸೇವೆಗಳು ಮತ್ತು ಔಷಧಿಗಳ ಲಭ್ಯತೆಯನ್ನು ಸುಧಾರಿಸಲು ವಿನಂತಿ.,Kannada,High,2026-09-14T16:36,Synthetic Demo Data
REQ002845,612903,Mylanahalli,Bangalore,KARNATAKA,Public Transport,Residents report limited public transport access to metro/train stations.,English,High,2026-07-13T18:35,Synthetic Demo Data
REQ002846,612903,Mylanahalli,Bangalore,KARNATAKA,Healthcare,Residents have limited access to a nearby health facility after 5 PM.,English,Low,2026-08-31T12:04,Synthetic Demo Data
REQ002847,612903,Mylanahalli,Bangalore,KARNATAKA,Healthcare,ನಮ್ಮ ಗ್ರಾಮಕ್ಕೆ ಪ್ರಾಥಮಿಕ ಆರೋಗ್ಯ ಕೇಂದ್ರದ ಸುಲಭ ಪ್ರವೇಶ ಬೇಕಾಗಿದೆ.,Kannada,Medium,2026-09-13T21:57,Synthetic Demo Data
REQ002848,612904,Chikkanahalli,Bangalore,KARNATAKA,Waste Management,ವಸತಿ ಪ್ರದೇಶಗಳ ಬಳಿ ಕಸ ಶೇಖರಣೆಯಾಗುತ್ತಿದೆ.,Kannada,Low,2026-08-09T07:42,Synthetic Demo Data
REQ002849,612904,Chikkanahalli,Bangalore,KARNATAKA,Drainage,ಭಾರೀ ಮಳೆಯಾದಾಗ ಚರಂಡಿ ಉಕ್ಕಿ ಶಾಲೆ ಬಳಿ ನೀರು ನಿಲ್ಲುತ್ತದೆ.,Kannada,Medium,2026-08-31T11:00,Synthetic Demo Data
REQ002850,612904,Chikkanahalli,Bangalore,KARNATAKA,Water,Water supply pressure is insufficient for residents on higher lanes.,English,High,2026-07-17T13:08,Synthetic Demo Data
REQ002851,612904,Chikkanahalli,Bangalore,KARNATAKA,Digital Connectivity,ಹೈಸ್ಪೀಡ್ ಇಂಟರ್ನೆಟ್ ಮತ್ತು ಸಿಎಸ್ಸಿ ಸೇವೆಗಳು ಲಭ್ಯವಿಲ್ಲ.,Kannada,High,2026-08-05T21:17,Synthetic Demo Data
REQ002852,612904,Chikkanahalli,Bangalore,KARNATAKA,Digital Connectivity,The village needs better mobile network coverage in interior areas.,English,Low,2026-07-15T08:26,Synthetic Demo Data
REQ002853,612904,Chikkanahalli,Bangalore,KARNATAKA,Banking,गांव में एटीएम या बैंकिंग सुविधा उपलब्ध कराई जाए।,Hindi,Medium,2026-07-26T06:43,Synthetic Demo Data
REQ002854,612904,Chikkanahalli,Bangalore,KARNATAKA,Drainage,Drainage overflows during heavy rain and causes waterlogging near the school.,English,High,2026-07-27T07:17,Synthetic Demo Data
REQ002855,612904,Chikkanahalli,Bangalore,KARNATAKA,Banking,People are requesting easier access to ATM or banking kiosk services.,English,Low,2026-07-17T20:31,Synthetic Demo Data
REQ002856,612904,Chikkanahalli,Bangalore,KARNATAKA,Road,The road becomes waterlogged and difficult to travel on during the rainy season.,English,Low,2026-08-01T17:45,Synthetic Demo Data
REQ002857,612904,Chikkanahalli,Bangalore,KARNATAKA,Waste Management,Garbage is not being collected regularly in residential lanes.,English,Medium,2026-08-23T16:56,Synthetic Demo Data
REQ002858,612904,Chikkanahalli,Bangalore,KARNATAKA,Water,ಬೇಸಿಗೆಯಲ್ಲಿ ಶುದ್ಧ ಕುಡಿಯುವ ನೀರಿನ ಕೊರತೆ ಎದುರಾಗುತ್ತಿದೆ.,Kannada,High,2026-07-08T17:45,Synthetic Demo Data
REQ002859,612905,Boilahalli,Bangalore,KARNATAKA,Public Transport,ಮೆಟ್ರೋ ನಿಲ್ದಾಣಕ್ಕೆ ನೇರ ಬಸ್ ಸಂಪರ್ಕ ಕಲ್ಪಿಸಲು ಗ್ರಾಮಸ್ಥರ ಕೋರಿಕೆ.,Kannada,Medium,2026-08-15T18:57,Synthetic Demo Data
REQ002860,612905,Boilahalli,Bangalore,KARNATAKA,Education,Students have difficulty accessing nearby secondary education without bus.,English,High,2026-07-10T06:41,Synthetic Demo Data
REQ002861,612905,Boilahalli,Bangalore,KARNATAKA,Drainage,Poor drainage is causing stagnant water and mosquito breeding in the village.,English,Medium,2026-07-10T21:19,Synthetic Demo Data
REQ002862,612905,Boilahalli,Bangalore,KARNATAKA,Road,The main approach road near the village is damaged and difficult to use.,English,Medium,2026-09-06T12:07,Synthetic Demo Data
REQ002863,612905,Boilahalli,Bangalore,KARNATAKA,Banking,ಎಟಿಎಂ ಅಥವಾ ಗ್ರಾಮ ಬ್ಯಾಂಕಿಂಗ್ ಸೇವೆ ಒದಗಿಸಲು ಸಾರ್ವಜನಿಕರ ಮನವಿ.,Kannada,Low,2026-09-08T14:04,Synthetic Demo Data
REQ002864,612905,Boilahalli,Bangalore,KARNATAKA,Education,ಬಸ್ ಕೊರತೆಯಿಂದ ವಿದ್ಯಾರ್ಥಿಗಳಿಗೆ ಪ್ರೌಢಶಾಲೆಗೆ ಹೋಗಲು ತೊಂದರೆಯಾಗಿದೆ.,Kannada,Medium,2026-07-26T09:26,Synthetic Demo Data
REQ002865,612905,Boilahalli,Bangalore,KARNATAKA,Healthcare,ಸಂಜೆ 5 ರ ನಂತರ ಸಮೀಪದ ಆರೋಗ್ಯ ಕೇಂದ್ರಕ್ಕೆ ಹೋಗಲು ಕಷ್ಟವಾಗುತ್ತಿದೆ.,Kannada,Medium,2026-08-17T19:53,Synthetic Demo Data
REQ002866,612905,Boilahalli,Bangalore,KARNATAKA,Banking,ಎಟಿಎಂ ಅಥವಾ ಗ್ರಾಮ ಬ್ಯಾಂಕಿಂಗ್ ಸೇವೆ ಒದಗಿಸಲು ಸಾರ್ವಜನಿಕರ ಮನವಿ.,Kannada,Medium,2026-08-20T10:05,Synthetic Demo Data
REQ002867,612905,Boilahalli,Bangalore,KARNATAKA,Education,Residents are requesting better facilities and computers in the local school.,English,Medium,2026-08-08T15:49,Synthetic Demo Data
REQ002868,612905,Boilahalli,Bangalore,KARNATAKA,Public Transport,ವಿಶ್ವಾಸಾರ್ಹ ಸಾರಿಗೆ ಬಸ್ ಸೇವೆಗಳನ್ನು ಹೆಚ್ಚಿಸಲು ವಿನಂತಿ.,Kannada,High,2026-08-25T18:12,Synthetic Demo Data
REQ002869,612905,Boilahalli,Bangalore,KARNATAKA,Education,Students have difficulty accessing nearby secondary education without bus.,English,Medium,2026-09-11T19:22,Synthetic Demo Data
REQ002870,612905,Boilahalli,Bangalore,KARNATAKA,Water,The village needs improved access to safe drinking water RO plant.,English,High,2026-07-25T10:54,Synthetic Demo Data
REQ002871,612915,Bagalur,Bangalore,KARNATAKA,Waste Management,ಕಸವನ್ನು ನಿಯಮಿತವಾಗಿ ವಿಲೇವಾರಿ ಮಾಡಲಾಗುತ್ತಿಲ್ಲ.,Kannada,High,2026-07-19T14:13,Synthetic Demo Data
REQ002872,612915,Bagalur,Bangalore,KARNATAKA,Electricity,The village needs improved electricity infrastructure and street lighting.,English,High,2026-09-10T16:17,Synthetic Demo Data
REQ002873,612915,Bagalur,Bangalore,KARNATAKA,Public Transport,ವಿಶ್ವಾಸಾರ್ಹ ಸಾರಿಗೆ ಬಸ್ ಸೇವೆಗಳನ್ನು ಹೆಚ್ಚಿಸಲು ವಿನಂತಿ.,Kannada,Low,2026-07-06T21:38,Synthetic Demo Data
REQ002874,612915,Bagalur,Bangalore,KARNATAKA,Banking,Residents have limited access to nearby banking services and have to travel 10 km.,English,Medium,2026-08-22T10:40,Synthetic Demo Data
REQ002875,612915,Bagalur,Bangalore,KARNATAKA,Waste Management,ಮನೆ ಮನೆಗೆ ತೆರಳಿ ಕಸ ಸಂಗ್ರಹಿಸುವ ವ್ಯವಸ್ಥೆ ಬೇಕು ಎಂದು ನಿವಾಸಿಗಳು ಕೋರುತ್ತಿದ್ದಾರೆ.,Kannada,High,2026-09-15T18:16,Synthetic Demo Data
REQ002876,612915,Bagalur,Bangalore,KARNATAKA,Waste Management,Garbage is not being collected regularly in residential lanes.,English,Low,2026-08-06T20:11,Synthetic Demo Data
REQ002877,612915,Bagalur,Bangalore,KARNATAKA,Banking,The village needs better access to banking facilities and loan services.,English,Medium,2026-07-29T13:16,Synthetic Demo Data
REQ002878,612915,Bagalur,Bangalore,KARNATAKA,Banking,People are requesting easier access to ATM or banking kiosk services.,English,Low,2026-07-31T08:05,Synthetic Demo Data
REQ002879,612915,Bagalur,Bangalore,KARNATAKA,Public Transport,ವಿಶ್ವಾಸಾರ್ಹ ಸಾರಿಗೆ ಬಸ್ ಸೇವೆಗಳನ್ನು ಹೆಚ್ಚಿಸಲು ವಿನಂತಿ.,Kannada,Medium,2026-08-21T06:23,Synthetic Demo Data
REQ002880,612915,Bagalur,Bangalore,KARNATAKA,Banking,ಗ್ರಾಮದಲ್ಲಿ ಬ್ಯಾಂಕ್ ಸೇವೆಗಳು ಮತ್ತು ಸಾಲ ಸೌಲಭ್ಯಗಳು ಸುಲಭವಾಗಿ ಸಿಗುತ್ತಿಲ್ಲ.,Kannada,Medium,2026-08-19T14:31,Synthetic Demo Data
REQ002881,612915,Bagalur,Bangalore,KARNATAKA,Waste Management,ಮನೆ ಮನೆಗೆ ತೆರಳಿ ಕಸ ಸಂಗ್ರಹಿಸುವ ವ್ಯವಸ್ಥೆ ಬೇಕು ಎಂದು ನಿವಾಸಿಗಳು ಕೋರುತ್ತಿದ್ದಾರೆ.,Kannada,Medium,2026-08-04T16:12,Synthetic Demo Data
REQ002882,612915,Bagalur,Bangalore,KARNATAKA,Road,ತಾಲೂಕು ಕೇಂದ್ರಕ್ಕೆ ಸಂಪರ್ಕ ಕಲ್ಪಿಸುವ ರಸ್ತೆ ಸುಧಾರಣೆಗೆ ಗ್ರಾಮಸ್ಥರ ಮನವಿ.,Kannada,Medium,2026-08-04T18:24,Synthetic Demo Data
REQ002883,612915,Bagalur,Bangalore,KARNATAKA,Banking,Residents have limited access to nearby banking services and have to travel 10 km.,English,Medium,2026-07-09T19:13,Synthetic Demo Data
REQ002884,612915,Bagalur,Bangalore,KARNATAKA,Banking,ಎಟಿಎಂ ಅಥವಾ ಗ್ರಾಮ ಬ್ಯಾಂಕಿಂಗ್ ಸೇವೆ ಒದಗಿಸಲು ಸಾರ್ವಜನಿಕರ ಮನವಿ.,Kannada,High,2026-08-17T06:34,Synthetic Demo Data
REQ002885,612915,Bagalur,Bangalore,KARNATAKA,Public Transport,ಮೆಟ್ರೋ ನಿಲ್ದಾಣಕ್ಕೆ ನೇರ ಬಸ್ ಸಂಪರ್ಕ ಕಲ್ಪಿಸಲು ಗ್ರಾಮಸ್ಥರ ಕೋರಿಕೆ.,Kannada,Low,2026-08-09T08:52,Synthetic Demo Data
REQ002886,612915,Bagalur,Bangalore,KARNATAKA,Waste Management,Residents are requesting a better door-to-door waste collection system.,English,High,2026-08-17T18:25,Synthetic Demo Data
REQ002887,612915,Bagalur,Bangalore,KARNATAKA,Waste Management,ಕಸವನ್ನು ನಿಯಮಿತವಾಗಿ ವಿಲೇವಾರಿ ಮಾಡಲಾಗುತ್ತಿಲ್ಲ.,Kannada,Low,2026-07-31T06:29,Synthetic Demo Data
REQ002888,612915,Bagalur,Bangalore,KARNATAKA,Banking,ಎಟಿಎಂ ಅಥವಾ ಗ್ರಾಮ ಬ್ಯಾಂಕಿಂಗ್ ಸೇವೆ ಒದಗಿಸಲು ಸಾರ್ವಜನಿಕರ ಮನವಿ.,Kannada,Medium,2026-09-14T09:17,Synthetic Demo Data
REQ002889,612915,Bagalur,Bangalore,KARNATAKA,Waste Management,ವಸತಿ ಪ್ರದೇಶಗಳ ಬಳಿ ಕಸ ಶೇಖರಣೆಯಾಗುತ್ತಿದೆ.,Kannada,High,2026-08-03T12:15,Synthetic Demo Data
REQ002890,612915,Bagalur,Bangalore,KARNATAKA,Electricity,ವೋಲ್ಟೇಜ್ ಏರಿಳಿತದಿಂದ ಪಂಪ್‌ಸೆಟ್‌ಗಳಿಗೆ ತೊಂದರೆಯಾಗುತ್ತಿದೆ.,Kannada,Low,2026-08-08T16:56,Synthetic Demo Data
REQ002891,612915,Bagalur,Bangalore,KARNATAKA,Waste Management,Garbage is not being collected regularly in residential lanes.,English,Medium,2026-08-22T13:42,Synthetic Demo Data
REQ002892,612915,Bagalur,Bangalore,KARNATAKA,Electricity,ಗ್ರಾಮದ ಪ್ರಮುಖ ರಸ್ತೆಗಳಲ್ಲಿ ಬೀದಿದೀಪಗಳ ಸೌಲಭ್ಯ ಕಲ್ಪಿಸಬೇಕಾಗಿದೆ.,Kannada,Low,2026-07-04T09:31,Synthetic Demo Data
REQ002893,612915,Bagalur,Bangalore,KARNATAKA,Banking,People are requesting easier access to ATM or banking kiosk services.,English,High,2026-07-16T08:23,Synthetic Demo Data
REQ002894,612915,Bagalur,Bangalore,KARNATAKA,Public Transport,ವಿಶ್ವಾಸಾರ್ಹ ಸಾರಿಗೆ ಬಸ್ ಸೇವೆಗಳನ್ನು ಹೆಚ್ಚಿಸಲು ವಿನಂತಿ.,Kannada,High,2026-07-21T12:23,Synthetic Demo Data
REQ002895,612915,Bagalur,Bangalore,KARNATAKA,Banking,Residents have limited access to nearby banking services and have to travel 10 km.,English,Low,2026-08-25T20:16,Synthetic Demo Data
REQ002896,612915,Bagalur,Bangalore,KARNATAKA,Waste Management,Residents are requesting a better door-to-door waste collection system.,English,Medium,2026-07-15T21:12,Synthetic Demo Data
REQ002897,612915,Bagalur,Bangalore,KARNATAKA,Digital Connectivity,ಗ್ರಾಮದ ಒಳಭಾಗದಲ್ಲಿ ಮೊಬೈಲ್ ನೆಟ್‌ವರ್ಕ್ ಸಿಗುತ್ತಿಲ್ಲ.,Kannada,Low,2026-07-04T19:50,Synthetic Demo Data
REQ002898,612915,Bagalur,Bangalore,KARNATAKA,Waste Management,Garbage is not being collected regularly in residential lanes.,English,High,2026-08-26T20:28,Synthetic Demo Data
REQ002899,612915,Bagalur,Bangalore,KARNATAKA,Drainage,ವಸತಿ ಪ್ರದೇಶದ ಬಳಿ ಕಾಂಕ್ರೀಟ್ ಮುಚ್ಚಿದ ಚರಂಡಿ ನಿರ್ಮಿಸಲು ವಿನಂತಿ.,Kannada,High,2026-07-25T12:29,Synthetic Demo Data
REQ002900,612915,Bagalur,Bangalore,KARNATAKA,Water,ಬೇಸಿಗೆಯಲ್ಲಿ ಶುದ್ಧ ಕುಡಿಯುವ ನೀರಿನ ಕೊರತೆ ಎದುರಾಗುತ್ತಿದೆ.,Kannada,Medium,2026-07-06T17:52,Synthetic Demo Data
REQ002901,612915,Bagalur,Bangalore,KARNATAKA,Drainage,ವಸತಿ ಪ್ರದೇಶದ ಬಳಿ ಕಾಂಕ್ರೀಟ್ ಮುಚ್ಚಿದ ಚರಂಡಿ ನಿರ್ಮಿಸಲು ವಿನಂತಿ.,Kannada,High,2026-08-17T16:41,Synthetic Demo Data
REQ002902,612915,Bagalur,Bangalore,KARNATAKA,Education,स्कूल में बेहतर सुविधाओं और शिक्षकों की मांग है।,Hindi,High,2026-07-20T21:54,Synthetic Demo Data
REQ002903,612915,Bagalur,Bangalore,KARNATAKA,Public Transport,The village needs better bus frequency during morning and evening hours.,English,High,2026-08-10T20:42,Synthetic Demo Data
REQ002904,612915,Bagalur,Bangalore,KARNATAKA,Banking,ಗ್ರಾಮದಲ್ಲಿ ಬ್ಯಾಂಕ್ ಸೇವೆಗಳು ಮತ್ತು ಸಾಲ ಸೌಲಭ್ಯಗಳು ಸುಲಭವಾಗಿ ಸಿಗುತ್ತಿಲ್ಲ.,Kannada,High,2026-08-08T13:36,Synthetic Demo Data
REQ002905,612915,Bagalur,Bangalore,KARNATAKA,Public Transport,ಬೆಳಿಗ್ಗೆ ಮತ್ತು ಸಂಜೆ ವೇಳೆಯಲ್ಲಿ ಹೆಚ್ಚಿನ ಬಸ್ ಸಂಚಾರ ಬೇಕಾಗಿದೆ.,Kannada,Medium,2026-09-06T08:31,Synthetic Demo Data
REQ002906,612915,Bagalur,Bangalore,KARNATAKA,Banking,People are requesting easier access to ATM or banking kiosk services.,English,High,2026-08-18T17:22,Synthetic Demo Data
REQ002907,612915,Bagalur,Bangalore,KARNATAKA,Public Transport,ಮೆಟ್ರೋ ನಿಲ್ದಾಣಕ್ಕೆ ನೇರ ಬಸ್ ಸಂಪರ್ಕ ಕಲ್ಪಿಸಲು ಗ್ರಾಮಸ್ಥರ ಕೋರಿಕೆ.,Kannada,High,2026-07-04T11:36,Synthetic Demo Data
REQ002908,612915,Bagalur,Bangalore,KARNATAKA,Public Transport,The village needs better bus frequency during morning and evening hours.,English,High,2026-08-17T17:52,Synthetic Demo Data
REQ002909,612915,Bagalur,Bangalore,KARNATAKA,Banking,People are requesting easier access to ATM or banking kiosk services.,English,Low,2026-07-19T11:09,Synthetic Demo Data
REQ002910,612915,Bagalur,Bangalore,KARNATAKA,Digital Connectivity,Residents have limited access to high-speed internet and CSC services.,English,High,2026-09-17T12:57,Synthetic Demo Data
REQ002911,612915,Bagalur,Bangalore,KARNATAKA,Education,Students have difficulty accessing nearby secondary education without bus.,English,High,2026-08-30T13:50,Synthetic Demo Data
REQ002912,612915,Bagalur,Bangalore,KARNATAKA,Road,ತಾಲೂಕು ಕೇಂದ್ರಕ್ಕೆ ಸಂಪರ್ಕ ಕಲ್ಪಿಸುವ ರಸ್ತೆ ಸುಧಾರಣೆಗೆ ಗ್ರಾಮಸ್ಥರ ಮನವಿ.,Kannada,Medium,2026-09-03T17:02,Synthetic Demo Data
REQ002913,612915,Bagalur,Bangalore,KARNATAKA,Healthcare,ನಮ್ಮ ಗ್ರಾಮಕ್ಕೆ ಪ್ರಾಥಮಿಕ ಆರೋಗ್ಯ ಕೇಂದ್ರದ ಸುಲಭ ಪ್ರವೇಶ ಬೇಕಾಗಿದೆ.,Kannada,Medium,2026-08-28T07:32,Synthetic Demo Data
REQ002914,612915,Bagalur,Bangalore,KARNATAKA,Waste Management,Garbage is not being collected regularly in residential lanes.,English,Medium,2026-07-21T12:24,Synthetic Demo Data
REQ002915,612915,Bagalur,Bangalore,KARNATAKA,Water,ಬೇಸಿಗೆಯಲ್ಲಿ ಶುದ್ಧ ಕುಡಿಯುವ ನೀರಿನ ಕೊರತೆ ಎದುರಾಗುತ್ತಿದೆ.,Kannada,High,2026-07-13T17:41,Synthetic Demo Data
REQ002916,612964,Varthur,Bangalore,KARNATAKA,Banking,Residents have limited access to nearby banking services and have to travel 10 km.,English,High,2026-09-10T11:45,Synthetic Demo Data
REQ002917,612964,Varthur,Bangalore,KARNATAKA,Drainage,Residents are requesting proper concrete covered drainage near residential areas.,English,Medium,2026-08-25T14:34,Synthetic Demo Data
REQ002918,612964,Varthur,Bangalore,KARNATAKA,Banking,The village needs better access to banking facilities and loan services.,English,High,2026-08-26T14:08,Synthetic Demo Data
REQ002919,612964,Varthur,Bangalore,KARNATAKA,Drainage,नालियों में पानी भर जाने से जलभराव हो रहा है।,Hindi,Low,2026-07-20T10:10,Synthetic Demo Data
REQ002920,612964,Varthur,Bangalore,KARNATAKA,Banking,"ಬ್ಯಾಂಕಿಂಗ್ ಸೇವೆಗೆ 10 ಕಿ.ಮೀ ದೂರ ಹೋಗಬೇಕಾಗಿದ್ದು, ಸ್ಥಳೀಯ ಕಿಯೋಸ್ಕ್ ಅಗತ್ಯವಿದೆ.",Kannada,High,2026-09-16T15:16,Synthetic Demo Data
REQ002921,612964,Varthur,Bangalore,KARNATAKA,Banking,"ಬ್ಯಾಂಕಿಂಗ್ ಸೇವೆಗೆ 10 ಕಿ.ಮೀ ದೂರ ಹೋಗಬೇಕಾಗಿದ್ದು, ಸ್ಥಳೀಯ ಕಿಯೋಸ್ಕ್ ಅಗತ್ಯವಿದೆ.",Kannada,Low,2026-09-11T10:45,Synthetic Demo Data
REQ002922,612964,Varthur,Bangalore,KARNATAKA,Banking,गांव में एटीएम या बैंकिंग सुविधा उपलब्ध कराई जाए।,Hindi,Low,2026-07-23T17:25,Synthetic Demo Data
REQ002923,612964,Varthur,Bangalore,KARNATAKA,Water,ಮೇಲ್ಭಾಗದ ಬಡಾವಣೆಗಳಿಗೆ ನೀರಿನ ಸರಬರಾಜು ಒತ್ತಡ ಸಾಲುತ್ತಿಲ್ಲ.,Kannada,Low,2026-08-13T12:23,Synthetic Demo Data
REQ002924,612964,Varthur,Bangalore,KARNATAKA,Public Transport,The village needs better bus frequency during morning and evening hours.,English,Low,2026-08-31T13:04,Synthetic Demo Data
REQ002925,612964,Varthur,Bangalore,KARNATAKA,Banking,ಎಟಿಎಂ ಅಥವಾ ಗ್ರಾಮ ಬ್ಯಾಂಕಿಂಗ್ ಸೇವೆ ಒದಗಿಸಲು ಸಾರ್ವಜನಿಕರ ಮನವಿ.,Kannada,High,2026-09-01T14:06,Synthetic Demo Data
REQ002926,612964,Varthur,Bangalore,KARNATAKA,Banking,"ಬ್ಯಾಂಕಿಂಗ್ ಸೇವೆಗೆ 10 ಕಿ.ಮೀ ದೂರ ಹೋಗಬೇಕಾಗಿದ್ದು, ಸ್ಥಳೀಯ ಕಿಯೋಸ್ಕ್ ಅಗತ್ಯವಿದೆ.",Kannada,High,2026-09-10T15:49,Synthetic Demo Data
REQ002927,612964,Varthur,Bangalore,KARNATAKA,Drainage,Drainage overflows during heavy rain and causes waterlogging near the school.,English,High,2026-07-10T13:49,Synthetic Demo Data
REQ002928,612964,Varthur,Bangalore,KARNATAKA,Road,ಗ್ರಾಮದ ಮುಖ್ಯ ರಸ್ತೆ ಹಾಳಾಗಿದ್ದು ಸಂಚಾರಕ್ಕೆ ತೊಂದರೆಯಾಗಿದೆ.,Kannada,Medium,2026-08-06T18:14,Synthetic Demo Data
REQ002929,612964,Varthur,Bangalore,KARNATAKA,Education,The village needs improved educational facilities and playground repair.,English,Medium,2026-07-09T16:46,Synthetic Demo Data
REQ002930,612964,Varthur,Bangalore,KARNATAKA,Waste Management,ವಸತಿ ಪ್ರದೇಶಗಳ ಬಳಿ ಕಸ ಶೇಖರಣೆಯಾಗುತ್ತಿದೆ.,Kannada,High,2026-09-11T08:51,Synthetic Demo Data
REQ002931,612964,Varthur,Bangalore,KARNATAKA,Waste Management,Garbage is not being collected regularly in residential lanes.,English,Medium,2026-08-24T14:04,Synthetic Demo Data
REQ002932,612964,Varthur,Bangalore,KARNATAKA,Drainage,Residents are requesting proper concrete covered drainage near residential areas.,English,High,2026-08-24T14:01,Synthetic Demo Data
REQ002933,612964,Varthur,Bangalore,KARNATAKA,Education,The village needs improved educational facilities and playground repair.,English,Medium,2026-09-14T12:37,Synthetic Demo Data
REQ002934,612966,Channenahalli,Bangalore,KARNATAKA,Waste Management,ವಸತಿ ಪ್ರದೇಶಗಳ ಬಳಿ ಕಸ ಶೇಖರಣೆಯಾಗುತ್ತಿದೆ.,Kannada,Low,2026-07-08T21:51,Synthetic Demo Data
REQ002935,612966,Channenahalli,Bangalore,KARNATAKA,Water,ಗ್ರಾಮಕ್ಕೆ ಶುದ್ಧ ಕುಡಿಯುವ ನೀರಿನ ಆರ್‌ಒ ಘಟಕದ ಅಗತ್ಯವಿದೆ.,Kannada,High,2026-07-21T06:04,Synthetic Demo Data
REQ002936,612966,Channenahalli,Bangalore,KARNATAKA,Healthcare,The village needs easier access to primary healthcare center.,English,High,2026-07-12T10:19,Synthetic Demo Data
REQ002937,612966,Channenahalli,Bangalore,KARNATAKA,Drainage,ಭಾರೀ ಮಳೆಯಾದಾಗ ಚರಂಡಿ ಉಕ್ಕಿ ಶಾಲೆ ಬಳಿ ನೀರು ನಿಲ್ಲುತ್ತದೆ.,Kannada,Medium,2026-08-25T18:29,Synthetic Demo Data
REQ002938,612966,Channenahalli,Bangalore,KARNATAKA,Healthcare,Residents have limited access to a nearby health facility after 5 PM.,English,High,2026-09-05T21:13,Synthetic Demo Data
REQ002939,612966,Channenahalli,Bangalore,KARNATAKA,Drainage,ಚರಂಡಿ ಕೊರತೆಯಿಂದ ನೀರು ನಿಂತು ಸೊಳ್ಳೆಗಳ ಕಾಟ ಹೆಚ್ಚಾಗಿದೆ.,Kannada,High,2026-09-16T11:08,Synthetic Demo Data
REQ002940,612966,Channenahalli,Bangalore,KARNATAKA,Road,ಗ್ರಾಮದ ಮುಖ್ಯ ರಸ್ತೆ ಹಾಳಾಗಿದ್ದು ಸಂಚಾರಕ್ಕೆ ತೊಂದರೆಯಾಗಿದೆ.,Kannada,Medium,2026-08-13T21:41,Synthetic Demo Data
REQ002941,612966,Channenahalli,Bangalore,KARNATAKA,Healthcare,ಸ್ಥಳೀಯ ಆರೋಗ್ಯ ಸೇವೆಗಳು ಮತ್ತು ಔಷಧಿಗಳ ಲಭ್ಯತೆಯನ್ನು ಸುಧಾರಿಸಲು ವಿನಂತಿ.,Kannada,Low,2026-09-12T15:12,Synthetic Demo Data
REQ002942,612966,Channenahalli,Bangalore,KARNATAKA,Drainage,ಚರಂಡಿ ಕೊರತೆಯಿಂದ ನೀರು ನಿಂತು ಸೊಳ್ಳೆಗಳ ಕಾಟ ಹೆಚ್ಚಾಗಿದೆ.,Kannada,High,2026-07-25T06:32,Synthetic Demo Data
REQ002943,612966,Channenahalli,Bangalore,KARNATAKA,Education,The village needs improved educational facilities and playground repair.,English,High,2026-07-30T09:09,Synthetic Demo Data
REQ002944,612966,Channenahalli,Bangalore,KARNATAKA,Water,ಬೇಸಿಗೆಯಲ್ಲಿ ಶುದ್ಧ ಕುಡಿಯುವ ನೀರಿನ ಕೊರತೆ ಎದುರಾಗುತ್ತಿದೆ.,Kannada,Medium,2026-07-04T17:31,Synthetic Demo Data
REQ002945,612966,Channenahalli,Bangalore,KARNATAKA,Public Transport,ಮೆಟ್ರೋ ನಿಲ್ದಾಣಕ್ಕೆ ನೇರ ಬಸ್ ಸಂಪರ್ಕ ಕಲ್ಪಿಸಲು ಗ್ರಾಮಸ್ಥರ ಕೋರಿಕೆ.,Kannada,Medium,2026-08-28T15:30,Synthetic Demo Data
REQ002946,612966,Channenahalli,Bangalore,KARNATAKA,Water,ಬೇಸಿಗೆಯಲ್ಲಿ ಶುದ್ಧ ಕುಡಿಯುವ ನೀರಿನ ಕೊರತೆ ಎದುರಾಗುತ್ತಿದೆ.,Kannada,Medium,2026-09-10T20:25,Synthetic Demo Data
REQ002947,612966,Channenahalli,Bangalore,KARNATAKA,Waste Management,ವಸತಿ ಪ್ರದೇಶಗಳ ಬಳಿ ಕಸ ಶೇಖರಣೆಯಾಗುತ್ತಿದೆ.,Kannada,Medium,2026-08-08T20:37,Synthetic Demo Data
REQ002948,612966,Channenahalli,Bangalore,KARNATAKA,Road,ಗ್ರಾಮದ ಮುಖ್ಯ ರಸ್ತೆ ಹಾಳಾಗಿದ್ದು ಸಂಚಾರಕ್ಕೆ ತೊಂದರೆಯಾಗಿದೆ.,Kannada,Medium,2026-07-26T18:56,Synthetic Demo Data
REQ002949,612966,Channenahalli,Bangalore,KARNATAKA,Waste Management,Garbage is not being collected regularly in residential lanes.,English,High,2026-08-12T07:01,Synthetic Demo Data
REQ002950,612966,Channenahalli,Bangalore,KARNATAKA,Waste Management,ಮನೆ ಮನೆಗೆ ತೆರಳಿ ಕಸ ಸಂಗ್ರಹಿಸುವ ವ್ಯವಸ್ಥೆ ಬೇಕು ಎಂದು ನಿವಾಸಿಗಳು ಕೋರುತ್ತಿದ್ದಾರೆ.,Kannada,High,2026-07-26T07:37,Synthetic Demo Data
REQ002951,612966,Channenahalli,Bangalore,KARNATAKA,Digital Connectivity,इंटरनेट और डिजिटल सेवा केंद्र की जरूरत है।,Hindi,Medium,2026-07-24T20:28,Synthetic Demo Data
REQ002952,612966,Channenahalli,Bangalore,KARNATAKA,Drainage,Residents are requesting proper concrete covered drainage near residential areas.,English,Medium,2026-07-18T18:14,Synthetic Demo Data
REQ002953,612966,Channenahalli,Bangalore,KARNATAKA,Waste Management,ವಸತಿ ಪ್ರದೇಶಗಳ ಬಳಿ ಕಸ ಶೇಖರಣೆಯಾಗುತ್ತಿದೆ.,Kannada,Medium,2026-07-02T11:23,Synthetic Demo Data
REQ002954,612966,Channenahalli,Bangalore,KARNATAKA,Waste Management,ಕಸವನ್ನು ನಿಯಮಿತವಾಗಿ ವಿಲೇವಾರಿ ಮಾಡಲಾಗುತ್ತಿಲ್ಲ.,Kannada,Medium,2026-07-27T19:19,Synthetic Demo Data
REQ002955,612966,Channenahalli,Bangalore,KARNATAKA,Drainage,ಚರಂಡಿ ಕೊರತೆಯಿಂದ ನೀರು ನಿಂತು ಸೊಳ್ಳೆಗಳ ಕಾಟ ಹೆಚ್ಚಾಗಿದೆ.,Kannada,Medium,2026-09-06T16:39,Synthetic Demo Data
REQ002956,612966,Channenahalli,Bangalore,KARNATAKA,Waste Management,Waste is accumulating near residential areas and temple road.,English,Medium,2026-08-01T15:21,Synthetic Demo Data
REQ002957,612966,Channenahalli,Bangalore,KARNATAKA,Digital Connectivity,Residents have limited access to high-speed internet and CSC services.,English,Medium,2026-08-09T14:50,Synthetic Demo Data
REQ002958,612966,Channenahalli,Bangalore,KARNATAKA,Drainage,Residents are requesting proper concrete covered drainage near residential areas.,English,High,2026-09-11T13:48,Synthetic Demo Data
REQ002959,612966,Channenahalli,Bangalore,KARNATAKA,Healthcare,Residents have limited access to a nearby health facility after 5 PM.,English,High,2026-08-27T15:14,Synthetic Demo Data
REQ002960,612966,Channenahalli,Bangalore,KARNATAKA,Healthcare,ಸಂಜೆ 5 ರ ನಂತರ ಸಮೀಪದ ಆರೋಗ್ಯ ಕೇಂದ್ರಕ್ಕೆ ಹೋಗಲು ಕಷ್ಟವಾಗುತ್ತಿದೆ.,Kannada,High,2026-09-06T11:09,Synthetic Demo Data
REQ002961,612966,Channenahalli,Bangalore,KARNATAKA,Drainage,Residents are requesting proper concrete covered drainage near residential areas.,English,Medium,2026-09-16T21:46,Synthetic Demo Data
REQ002962,612966,Channenahalli,Bangalore,KARNATAKA,Banking,गांव में एटीएम या बैंकिंग सुविधा उपलब्ध कराई जाए।,Hindi,Low,2026-09-05T14:06,Synthetic Demo Data
REQ002963,612966,Channenahalli,Bangalore,KARNATAKA,Waste Management,ಕಸವನ್ನು ನಿಯಮಿತವಾಗಿ ವಿಲೇವಾರಿ ಮಾಡಲಾಗುತ್ತಿಲ್ಲ.,Kannada,Low,2026-09-12T20:08,Synthetic Demo Data
REQ002964,612966,Channenahalli,Bangalore,KARNATAKA,Water,ಗ್ರಾಮಕ್ಕೆ ಶುದ್ಧ ಕುಡಿಯುವ ನೀರಿನ ಆರ್‌ಒ ಘಟಕದ ಅಗತ್ಯವಿದೆ.,Kannada,Medium,2026-08-31T16:19,Synthetic Demo Data
REQ002965,612966,Channenahalli,Bangalore,KARNATAKA,Electricity,ಪದೇ ಪದೇ ವಿದ್ಯುತ್ ಕಡಿತವಾಗದಂತೆ ನಿರಂತರ ವಿದ್ಯುತ್ ನೀಡಲು ವಿನಂತಿ.,Kannada,High,2026-08-22T17:21,Synthetic Demo Data
REQ002966,612966,Channenahalli,Bangalore,KARNATAKA,Road,The main approach road near the village is damaged and difficult to use.,English,High,2026-07-02T07:19,Synthetic Demo Data
REQ002967,612966,Channenahalli,Bangalore,KARNATAKA,Waste Management,ವಸತಿ ಪ್ರದೇಶಗಳ ಬಳಿ ಕಸ ಶೇಖರಣೆಯಾಗುತ್ತಿದೆ.,Kannada,Medium,2026-07-09T10:46,Synthetic Demo Data
REQ002968,612966,Channenahalli,Bangalore,KARNATAKA,Healthcare,The village needs easier access to primary healthcare center.,English,High,2026-08-15T09:08,Synthetic Demo Data
REQ002969,612966,Channenahalli,Bangalore,KARNATAKA,Digital Connectivity,ಹೈಸ್ಪೀಡ್ ಇಂಟರ್ನೆಟ್ ಮತ್ತು ಸಿಎಸ್ಸಿ ಸೇವೆಗಳು ಲಭ್ಯವಿಲ್ಲ.,Kannada,High,2026-08-20T17:33,Synthetic Demo Data
REQ002970,612966,Channenahalli,Bangalore,KARNATAKA,Education,ಸ್ಥಳೀಯ ಸರ್ಕಾರಿ ಶಾಲೆಯಲ್ಲಿ ಕಂಪ್ಯೂಟರ್ ಹಾಗೂ ಶೌಚಾಲಯ ಸೌಲಭ್ಯ ಕಲ್ಪಿಸಲು ಮನವಿ.,Kannada,Medium,2026-08-30T06:35,Synthetic Demo Data
REQ002971,612979,Tavarekere,Bangalore,KARNATAKA,Banking,गांव में एटीएम या बैंकिंग सुविधा उपलब्ध कराई जाए।,Hindi,Low,2026-09-17T12:04,Synthetic Demo Data
REQ002972,612979,Tavarekere,Bangalore,KARNATAKA,Waste Management,ವಸತಿ ಪ್ರದೇಶಗಳ ಬಳಿ ಕಸ ಶೇಖರಣೆಯಾಗುತ್ತಿದೆ.,Kannada,High,2026-08-11T18:24,Synthetic Demo Data
REQ002973,612979,Tavarekere,Bangalore,KARNATAKA,Waste Management,ಮನೆ ಮನೆಗೆ ತೆರಳಿ ಕಸ ಸಂಗ್ರಹಿಸುವ ವ್ಯವಸ್ಥೆ ಬೇಕು ಎಂದು ನಿವಾಸಿಗಳು ಕೋರುತ್ತಿದ್ದಾರೆ.,Kannada,Medium,2026-07-07T12:18,Synthetic Demo Data
REQ002974,612979,Tavarekere,Bangalore,KARNATAKA,Electricity,ವೋಲ್ಟೇಜ್ ಏರಿಳಿತದಿಂದ ಪಂಪ್‌ಸೆಟ್‌ಗಳಿಗೆ ತೊಂದರೆಯಾಗುತ್ತಿದೆ.,Kannada,High,2026-07-18T07:54,Synthetic Demo Data
REQ002975,612979,Tavarekere,Bangalore,KARNATAKA,Waste Management,ವಸತಿ ಪ್ರದೇಶಗಳ ಬಳಿ ಕಸ ಶೇಖರಣೆಯಾಗುತ್ತಿದೆ.,Kannada,High,2026-08-22T12:41,Synthetic Demo Data
REQ002976,612979,Tavarekere,Bangalore,KARNATAKA,Drainage,ವಸತಿ ಪ್ರದೇಶದ ಬಳಿ ಕಾಂಕ್ರೀಟ್ ಮುಚ್ಚಿದ ಚರಂಡಿ ನಿರ್ಮಿಸಲು ವಿನಂತಿ.,Kannada,Medium,2026-09-13T19:32,Synthetic Demo Data
REQ002977,612979,Tavarekere,Bangalore,KARNATAKA,Public Transport,People are requesting more reliable BMTC/KSRTC public transport services.,English,Medium,2026-09-08T06:02,Synthetic Demo Data
REQ002978,612979,Tavarekere,Bangalore,KARNATAKA,Healthcare,Residents are requesting improved local healthcare access and medicine availability.,English,High,2026-07-19T14:24,Synthetic Demo Data
REQ002979,612979,Tavarekere,Bangalore,KARNATAKA,Public Transport,बस सेवा बढ़ाने का अनुरोध किया गया है।,Hindi,Low,2026-07-12T21:28,Synthetic Demo Data
REQ002980,612979,Tavarekere,Bangalore,KARNATAKA,Electricity,ವೋಲ್ಟೇಜ್ ಏರಿಳಿತದಿಂದ ಪಂಪ್‌ಸೆಟ್‌ಗಳಿಗೆ ತೊಂದರೆಯಾಗುತ್ತಿದೆ.,Kannada,High,2026-07-05T15:13,Synthetic Demo Data
REQ002981,612979,Tavarekere,Bangalore,KARNATAKA,Electricity,ಪದೇ ಪದೇ ವಿದ್ಯುತ್ ಕಡಿತವಾಗದಂತೆ ನಿರಂತರ ವಿದ್ಯುತ್ ನೀಡಲು ವಿನಂತಿ.,Kannada,Medium,2026-08-16T07:10,Synthetic Demo Data
REQ002982,612979,Tavarekere,Bangalore,KARNATAKA,Drainage,Poor drainage is causing stagnant water and mosquito breeding in the village.,English,Medium,2026-08-13T11:28,Synthetic Demo Data
REQ002983,612979,Tavarekere,Bangalore,KARNATAKA,Public Transport,The village needs better bus frequency during morning and evening hours.,English,High,2026-07-18T10:39,Synthetic Demo Data
REQ002984,612979,Tavarekere,Bangalore,KARNATAKA,Public Transport,ಬೆಳಿಗ್ಗೆ ಮತ್ತು ಸಂಜೆ ವೇಳೆಯಲ್ಲಿ ಹೆಚ್ಚಿನ ಬಸ್ ಸಂಚಾರ ಬೇಕಾಗಿದೆ.,Kannada,High,2026-08-21T09:13,Synthetic Demo Data
REQ002985,612979,Tavarekere,Bangalore,KARNATAKA,Waste Management,ಕಸವನ್ನು ನಿಯಮಿತವಾಗಿ ವಿಲೇವಾರಿ ಮಾಡಲಾಗುತ್ತಿಲ್ಲ.,Kannada,High,2026-08-02T19:29,Synthetic Demo Data
REQ002986,612979,Tavarekere,Bangalore,KARNATAKA,Road,The main approach road near the village is damaged and difficult to use.,English,Medium,2026-08-24T20:23,Synthetic Demo Data
REQ002987,612979,Tavarekere,Bangalore,KARNATAKA,Banking,ಗ್ರಾಮದಲ್ಲಿ ಬ್ಯಾಂಕ್ ಸೇವೆಗಳು ಮತ್ತು ಸಾಲ ಸೌಲಭ್ಯಗಳು ಸುಲಭವಾಗಿ ಸಿಗುತ್ತಿಲ್ಲ.,Kannada,High,2026-08-31T17:48,Synthetic Demo Data
REQ002988,612979,Tavarekere,Bangalore,KARNATAKA,Public Transport,ವಿಶ್ವಾಸಾರ್ಹ ಸಾರಿಗೆ ಬಸ್ ಸೇವೆಗಳನ್ನು ಹೆಚ್ಚಿಸಲು ವಿನಂತಿ.,Kannada,High,2026-08-05T17:13,Synthetic Demo Data
REQ002989,612979,Tavarekere,Bangalore,KARNATAKA,Water,Residents report difficulty getting reliable drinking water in summer.,English,Low,2026-09-13T14:52,Synthetic Demo Data
REQ002990,612979,Tavarekere,Bangalore,KARNATAKA,Healthcare,ನಮ್ಮ ಗ್ರಾಮಕ್ಕೆ ಪ್ರಾಥಮಿಕ ಆರೋಗ್ಯ ಕೇಂದ್ರದ ಸುಲಭ ಪ್ರವೇಶ ಬೇಕಾಗಿದೆ.,Kannada,High,2026-07-17T07:08,Synthetic Demo Data
REQ002991,612979,Tavarekere,Bangalore,KARNATAKA,Healthcare,ಸ್ಥಳೀಯ ಆರೋಗ್ಯ ಸೇವೆಗಳು ಮತ್ತು ಔಷಧಿಗಳ ಲಭ್ಯತೆಯನ್ನು ಸುಧಾರಿಸಲು ವಿನಂತಿ.,Kannada,Low,2026-07-03T08:29,Synthetic Demo Data
REQ002992,612979,Tavarekere,Bangalore,KARNATAKA,Digital Connectivity,इंटरनेट और डिजिटल सेवा केंद्र की जरूरत है।,Hindi,Medium,2026-08-07T07:56,Synthetic Demo Data
REQ002993,612979,Tavarekere,Bangalore,KARNATAKA,Waste Management,ಮನೆ ಮನೆಗೆ ತೆರಳಿ ಕಸ ಸಂಗ್ರಹಿಸುವ ವ್ಯವಸ್ಥೆ ಬೇಕು ಎಂದು ನಿವಾಸಿಗಳು ಕೋರುತ್ತಿದ್ದಾರೆ.,Kannada,Medium,2026-08-03T20:46,Synthetic Demo Data
REQ002994,612979,Tavarekere,Bangalore,KARNATAKA,Public Transport,ಮೆಟ್ರೋ ನಿಲ್ದಾಣಕ್ಕೆ ನೇರ ಬಸ್ ಸಂಪರ್ಕ ಕಲ್ಪಿಸಲು ಗ್ರಾಮಸ್ಥರ ಕೋರಿಕೆ.,Kannada,Medium,2026-09-02T16:52,Synthetic Demo Data
REQ002995,612979,Tavarekere,Bangalore,KARNATAKA,Waste Management,ಮನೆ ಮನೆಗೆ ತೆರಳಿ ಕಸ ಸಂಗ್ರಹಿಸುವ ವ್ಯವಸ್ಥೆ ಬೇಕು ಎಂದು ನಿವಾಸಿಗಳು ಕೋರುತ್ತಿದ್ದಾರೆ.,Kannada,Low,2026-07-24T14:03,Synthetic Demo Data
REQ002996,612979,Tavarekere,Bangalore,KARNATAKA,Waste Management,Garbage is not being collected regularly in residential lanes.,English,Medium,2026-08-26T10:50,Synthetic Demo Data
REQ002997,612979,Tavarekere,Bangalore,KARNATAKA,Digital Connectivity,Residents have limited access to high-speed internet and CSC services.,English,Medium,2026-07-09T11:09,Synthetic Demo Data
REQ002998,612979,Tavarekere,Bangalore,KARNATAKA,Waste Management,ಮನೆ ಮನೆಗೆ ತೆರಳಿ ಕಸ ಸಂಗ್ರಹಿಸುವ ವ್ಯವಸ್ಥೆ ಬೇಕು ಎಂದು ನಿವಾಸಿಗಳು ಕೋರುತ್ತಿದ್ದಾರೆ.,Kannada,Medium,2026-08-13T18:25,Synthetic Demo Data
REQ002999,612979,Tavarekere,Bangalore,KARNATAKA,Public Transport,ಮೆಟ್ರೋ ನಿಲ್ದಾಣಕ್ಕೆ ನೇರ ಬಸ್ ಸಂಪರ್ಕ ಕಲ್ಪಿಸಲು ಗ್ರಾಮಸ್ಥರ ಕೋರಿಕೆ.,Kannada,Low,2026-07-19T13:31,Synthetic Demo Data
REQ003000,612979,Tavarekere,Bangalore,KARNATAKA,Waste Management,ಮನೆ ಮನೆಗೆ ತೆರಳಿ ಕಸ ಸಂಗ್ರಹಿಸುವ ವ್ಯವಸ್ಥೆ ಬೇಕು ಎಂದು ನಿವಾಸಿಗಳು ಕೋರುತ್ತಿದ್ದಾರೆ.,Kannada,Medium,2026-07-10T11:06,Synthetic Demo Data
REQ003001,612979,Tavarekere,Bangalore,KARNATAKA,Drainage,ಭಾರೀ ಮಳೆಯಾದಾಗ ಚರಂಡಿ ಉಕ್ಕಿ ಶಾಲೆ ಬಳಿ ನೀರು ನಿಲ್ಲುತ್ತದೆ.,Kannada,High,2026-08-28T07:15,Synthetic Demo Data
REQ003002,612979,Tavarekere,Bangalore,KARNATAKA,Digital Connectivity,इंटरनेट और डिजिटल सेवा केंद्र की जरूरत है।,Hindi,Medium,2026-09-17T07:42,Synthetic Demo Data
REQ003003,612979,Tavarekere,Bangalore,KARNATAKA,Banking,गांव में एटीएम या बैंकिंग सुविधा उपलब्ध कराई जाए।,Hindi,Medium,2026-07-07T21:18,Synthetic Demo Data
REQ003004,612979,Tavarekere,Bangalore,KARNATAKA,Digital Connectivity,People are requesting a local digital service facility (Bapuji Seva Kendra).,English,Medium,2026-08-15T09:37,Synthetic Demo Data
REQ003005,612979,Tavarekere,Bangalore,KARNATAKA,Banking,Residents have limited access to nearby banking services and have to travel 10 km.,English,Medium,2026-09-15T16:47,Synthetic Demo Data
REQ003006,612979,Tavarekere,Bangalore,KARNATAKA,Electricity,Residents report voltage fluctuations affecting agriculture pump sets.,English,High,2026-07-23T10:57,Synthetic Demo Data
REQ003007,612979,Tavarekere,Bangalore,KARNATAKA,Healthcare,ಸಂಜೆ 5 ರ ನಂತರ ಸಮೀಪದ ಆರೋಗ್ಯ ಕೇಂದ್ರಕ್ಕೆ ಹೋಗಲು ಕಷ್ಟವಾಗುತ್ತಿದೆ.,Kannada,High,2026-09-10T20:11,Synthetic Demo Data
REQ003008,612979,Tavarekere,Bangalore,KARNATAKA,Drainage,ಚರಂಡಿ ಕೊರತೆಯಿಂದ ನೀರು ನಿಂತು ಸೊಳ್ಳೆಗಳ ಕಾಟ ಹೆಚ್ಚಾಗಿದೆ.,Kannada,High,2026-07-15T18:11,Synthetic Demo Data
REQ003009,612979,Tavarekere,Bangalore,KARNATAKA,Waste Management,ವಸತಿ ಪ್ರದೇಶಗಳ ಬಳಿ ಕಸ ಶೇಖರಣೆಯಾಗುತ್ತಿದೆ.,Kannada,Medium,2026-08-18T12:58,Synthetic Demo Data
REQ003010,612979,Tavarekere,Bangalore,KARNATAKA,Waste Management,Residents are requesting a better door-to-door waste collection system.,English,Medium,2026-07-26T12:18,Synthetic Demo Data
REQ003011,612979,Tavarekere,Bangalore,KARNATAKA,Waste Management,ಕಸವನ್ನು ನಿಯಮಿತವಾಗಿ ವಿಲೇವಾರಿ ಮಾಡಲಾಗುತ್ತಿಲ್ಲ.,Kannada,High,2026-09-05T21:32,Synthetic Demo Data
REQ003012,612979,Tavarekere,Bangalore,KARNATAKA,Education,Students have difficulty accessing nearby secondary education without bus.,English,High,2026-07-03T11:00,Synthetic Demo Data
REQ003013,612979,Tavarekere,Bangalore,KARNATAKA,Electricity,Residents report voltage fluctuations affecting agriculture pump sets.,English,Medium,2026-08-14T08:39,Synthetic Demo Data
REQ003014,612979,Tavarekere,Bangalore,KARNATAKA,Public Transport,ವಿಶ್ವಾಸಾರ್ಹ ಸಾರಿಗೆ ಬಸ್ ಸೇವೆಗಳನ್ನು ಹೆಚ್ಚಿಸಲು ವಿನಂತಿ.,Kannada,Medium,2026-08-02T11:25,Synthetic Demo Data
REQ003015,612979,Tavarekere,Bangalore,KARNATAKA,Road,The main approach road near the village is damaged and difficult to use.,English,Low,2026-09-15T16:26,Synthetic Demo Data
REQ003016,612993,Chunchanakuppe,Bangalore,KARNATAKA,Waste Management,ವಸತಿ ಪ್ರದೇಶಗಳ ಬಳಿ ಕಸ ಶೇಖರಣೆಯಾಗುತ್ತಿದೆ.,Kannada,Medium,2026-07-22T11:58,Synthetic Demo Data
REQ003017,612993,Chunchanakuppe,Bangalore,KARNATAKA,Road,ತಾಲೂಕು ಕೇಂದ್ರಕ್ಕೆ ಸಂಪರ್ಕ ಕಲ್ಪಿಸುವ ರಸ್ತೆ ಸುಧಾರಣೆಗೆ ಗ್ರಾಮಸ್ಥರ ಮನವಿ.,Kannada,High,2026-08-21T17:34,Synthetic Demo Data
REQ003018,612993,Chunchanakuppe,Bangalore,KARNATAKA,Drainage,Drainage overflows during heavy rain and causes waterlogging near the school.,English,High,2026-08-17T11:09,Synthetic Demo Data
REQ003019,612993,Chunchanakuppe,Bangalore,KARNATAKA,Digital Connectivity,ಹೈಸ್ಪೀಡ್ ಇಂಟರ್ನೆಟ್ ಮತ್ತು ಸಿಎಸ್ಸಿ ಸೇವೆಗಳು ಲಭ್ಯವಿಲ್ಲ.,Kannada,Low,2026-08-22T12:02,Synthetic Demo Data
REQ003020,612993,Chunchanakuppe,Bangalore,KARNATAKA,Drainage,ವಸತಿ ಪ್ರದೇಶದ ಬಳಿ ಕಾಂಕ್ರೀಟ್ ಮುಚ್ಚಿದ ಚರಂಡಿ ನಿರ್ಮಿಸಲು ವಿನಂತಿ.,Kannada,Medium,2026-08-21T13:27,Synthetic Demo Data
REQ003021,612993,Chunchanakuppe,Bangalore,KARNATAKA,Waste Management,Garbage is not being collected regularly in residential lanes.,English,Medium,2026-07-23T15:42,Synthetic Demo Data
REQ003022,612993,Chunchanakuppe,Bangalore,KARNATAKA,Electricity,ವೋಲ್ಟೇಜ್ ಏರಿಳಿತದಿಂದ ಪಂಪ್‌ಸೆಟ್‌ಗಳಿಗೆ ತೊಂದರೆಯಾಗುತ್ತಿದೆ.,Kannada,Medium,2026-08-12T14:39,Synthetic Demo Data
REQ003023,612993,Chunchanakuppe,Bangalore,KARNATAKA,Education,The village needs improved educational facilities and playground repair.,English,High,2026-07-25T12:46,Synthetic Demo Data
REQ003024,612993,Chunchanakuppe,Bangalore,KARNATAKA,Drainage,Drainage overflows during heavy rain and causes waterlogging near the school.,English,High,2026-09-12T13:45,Synthetic Demo Data
REQ003025,612993,Chunchanakuppe,Bangalore,KARNATAKA,Banking,"ಬ್ಯಾಂಕಿಂಗ್ ಸೇವೆಗೆ 10 ಕಿ.ಮೀ ದೂರ ಹೋಗಬೇಕಾಗಿದ್ದು, ಸ್ಥಳೀಯ ಕಿಯೋಸ್ಕ್ ಅಗತ್ಯವಿದೆ.",Kannada,High,2026-07-20T09:53,Synthetic Demo Data
REQ003026,612993,Chunchanakuppe,Bangalore,KARNATAKA,Waste Management,ಮನೆ ಮನೆಗೆ ತೆರಳಿ ಕಸ ಸಂಗ್ರಹಿಸುವ ವ್ಯವಸ್ಥೆ ಬೇಕು ಎಂದು ನಿವಾಸಿಗಳು ಕೋರುತ್ತಿದ್ದಾರೆ.,Kannada,High,2026-07-15T17:34,Synthetic Demo Data
REQ003027,612993,Chunchanakuppe,Bangalore,KARNATAKA,Drainage,ಚರಂಡಿ ಕೊರತೆಯಿಂದ ನೀರು ನಿಂತು ಸೊಳ್ಳೆಗಳ ಕಾಟ ಹೆಚ್ಚಾಗಿದೆ.,Kannada,Medium,2026-08-21T15:57,Synthetic Demo Data
REQ003028,612993,Chunchanakuppe,Bangalore,KARNATAKA,Water,Residents report difficulty getting reliable drinking water in summer.,English,Medium,2026-08-03T07:24,Synthetic Demo Data
REQ003029,612993,Chunchanakuppe,Bangalore,KARNATAKA,Waste Management,ಕಸವನ್ನು ನಿಯಮಿತವಾಗಿ ವಿಲೇವಾರಿ ಮಾಡಲಾಗುತ್ತಿಲ್ಲ.,Kannada,Low,2026-07-01T07:50,Synthetic Demo Data
REQ003030,612993,Chunchanakuppe,Bangalore,KARNATAKA,Road,The road becomes waterlogged and difficult to travel on during the rainy season.,English,Low,2026-09-02T20:40,Synthetic Demo Data
REQ003031,612993,Chunchanakuppe,Bangalore,KARNATAKA,Education,ಸ್ಥಳೀಯ ಸರ್ಕಾರಿ ಶಾಲೆಯಲ್ಲಿ ಕಂಪ್ಯೂಟರ್ ಹಾಗೂ ಶೌಚಾಲಯ ಸೌಲಭ್ಯ ಕಲ್ಪಿಸಲು ಮನವಿ.,Kannada,Medium,2026-08-19T18:18,Synthetic Demo Data
REQ003032,612993,Chunchanakuppe,Bangalore,KARNATAKA,Banking,ಗ್ರಾಮದಲ್ಲಿ ಬ್ಯಾಂಕ್ ಸೇವೆಗಳು ಮತ್ತು ಸಾಲ ಸೌಲಭ್ಯಗಳು ಸುಲಭವಾಗಿ ಸಿಗುತ್ತಿಲ್ಲ.,Kannada,Medium,2026-07-16T19:46,Synthetic Demo Data
REQ003033,612993,Chunchanakuppe,Bangalore,KARNATAKA,Drainage,ಭಾರೀ ಮಳೆಯಾದಾಗ ಚರಂಡಿ ಉಕ್ಕಿ ಶಾಲೆ ಬಳಿ ನೀರು ನಿಲ್ಲುತ್ತದೆ.,Kannada,High,2026-07-19T19:51,Synthetic Demo Data
REQ003034,612993,Chunchanakuppe,Bangalore,KARNATAKA,Drainage,ಭಾರೀ ಮಳೆಯಾದಾಗ ಚರಂಡಿ ಉಕ್ಕಿ ಶಾಲೆ ಬಳಿ ನೀರು ನಿಲ್ಲುತ್ತದೆ.,Kannada,High,2026-07-09T07:18,Synthetic Demo Data
REQ003035,612993,Chunchanakuppe,Bangalore,KARNATAKA,Waste Management,ಕಸವನ್ನು ನಿಯಮಿತವಾಗಿ ವಿಲೇವಾರಿ ಮಾಡಲಾಗುತ್ತಿಲ್ಲ.,Kannada,Medium,2026-07-15T15:46,Synthetic Demo Data
REQ003036,613016,Ramohalli,Bangalore,KARNATAKA,Healthcare,ಸ್ಥಳೀಯ ಆರೋಗ್ಯ ಸೇವೆಗಳು ಮತ್ತು ಔಷಧಿಗಳ ಲಭ್ಯತೆಯನ್ನು ಸುಧಾರಿಸಲು ವಿನಂತಿ.,Kannada,Medium,2026-07-15T08:30,Synthetic Demo Data
REQ003037,613016,Ramohalli,Bangalore,KARNATAKA,Banking,ಗ್ರಾಮದಲ್ಲಿ ಬ್ಯಾಂಕ್ ಸೇವೆಗಳು ಮತ್ತು ಸಾಲ ಸೌಲಭ್ಯಗಳು ಸುಲಭವಾಗಿ ಸಿಗುತ್ತಿಲ್ಲ.,Kannada,Medium,2026-09-15T14:36,Synthetic Demo Data
REQ003038,613016,Ramohalli,Bangalore,KARNATAKA,Public Transport,ಬೆಳಿಗ್ಗೆ ಮತ್ತು ಸಂಜೆ ವೇಳೆಯಲ್ಲಿ ಹೆಚ್ಚಿನ ಬಸ್ ಸಂಚಾರ ಬೇಕಾಗಿದೆ.,Kannada,Medium,2026-07-26T09:47,Synthetic Demo Data
REQ003039,613016,Ramohalli,Bangalore,KARNATAKA,Education,ಸ್ಥಳೀಯ ಸರ್ಕಾರಿ ಶಾಲೆಯಲ್ಲಿ ಕಂಪ್ಯೂಟರ್ ಹಾಗೂ ಶೌಚಾಲಯ ಸೌಲಭ್ಯ ಕಲ್ಪಿಸಲು ಮನವಿ.,Kannada,Medium,2026-07-03T11:45,Synthetic Demo Data
REQ003040,613016,Ramohalli,Bangalore,KARNATAKA,Water,ಬೇಸಿಗೆಯಲ್ಲಿ ಶುದ್ಧ ಕುಡಿಯುವ ನೀರಿನ ಕೊರತೆ ಎದುರಾಗುತ್ತಿದೆ.,Kannada,Medium,2026-09-08T16:12,Synthetic Demo Data
REQ003041,613016,Ramohalli,Bangalore,KARNATAKA,Education,ಬಸ್ ಕೊರತೆಯಿಂದ ವಿದ್ಯಾರ್ಥಿಗಳಿಗೆ ಪ್ರೌಢಶಾಲೆಗೆ ಹೋಗಲು ತೊಂದರೆಯಾಗಿದೆ.,Kannada,High,2026-07-06T16:51,Synthetic Demo Data
REQ003042,613016,Ramohalli,Bangalore,KARNATAKA,Waste Management,ಮನೆ ಮನೆಗೆ ತೆರಳಿ ಕಸ ಸಂಗ್ರಹಿಸುವ ವ್ಯವಸ್ಥೆ ಬೇಕು ಎಂದು ನಿವಾಸಿಗಳು ಕೋರುತ್ತಿದ್ದಾರೆ.,Kannada,Low,2026-09-09T06:59,Synthetic Demo Data
REQ003043,613016,Ramohalli,Bangalore,KARNATAKA,Road,Residents are requesting improvement of road connectivity to the taluk center.,English,Low,2026-09-17T11:42,Synthetic Demo Data
REQ003044,613016,Ramohalli,Bangalore,KARNATAKA,Electricity,People are requesting more reliable power supply without frequent cuts.,English,High,2026-08-20T19:10,Synthetic Demo Data
REQ003045,613016,Ramohalli,Bangalore,KARNATAKA,Banking,People are requesting easier access to ATM or banking kiosk services.,English,Low,2026-07-23T12:56,Synthetic Demo Data
REQ003046,613016,Ramohalli,Bangalore,KARNATAKA,Banking,The village needs better access to banking facilities and loan services.,English,Medium,2026-07-27T12:52,Synthetic Demo Data
REQ003047,613016,Ramohalli,Bangalore,KARNATAKA,Healthcare,The village needs easier access to primary healthcare center.,English,Medium,2026-07-15T18:11,Synthetic Demo Data
REQ003048,613016,Ramohalli,Bangalore,KARNATAKA,Road,ತಾಲೂಕು ಕೇಂದ್ರಕ್ಕೆ ಸಂಪರ್ಕ ಕಲ್ಪಿಸುವ ರಸ್ತೆ ಸುಧಾರಣೆಗೆ ಗ್ರಾಮಸ್ಥರ ಮನವಿ.,Kannada,Medium,2026-07-14T06:04,Synthetic Demo Data
REQ003049,613016,Ramohalli,Bangalore,KARNATAKA,Waste Management,Garbage is not being collected regularly in residential lanes.,English,High,2026-07-29T10:06,Synthetic Demo Data
REQ003050,613016,Ramohalli,Bangalore,KARNATAKA,Public Transport,People are requesting more reliable BMTC/KSRTC public transport services.,English,Low,2026-08-14T11:29,Synthetic Demo Data
REQ003051,613016,Ramohalli,Bangalore,KARNATAKA,Electricity,People are requesting more reliable power supply without frequent cuts.,English,Medium,2026-08-11T06:25,Synthetic Demo Data
REQ003052,613016,Ramohalli,Bangalore,KARNATAKA,Banking,ಗ್ರಾಮದಲ್ಲಿ ಬ್ಯಾಂಕ್ ಸೇವೆಗಳು ಮತ್ತು ಸಾಲ ಸೌಲಭ್ಯಗಳು ಸುಲಭವಾಗಿ ಸಿಗುತ್ತಿಲ್ಲ.,Kannada,High,2026-07-06T19:48,Synthetic Demo Data
REQ003053,613016,Ramohalli,Bangalore,KARNATAKA,Digital Connectivity,ಗ್ರಾಮದ ಒಳಭಾಗದಲ್ಲಿ ಮೊಬೈಲ್ ನೆಟ್‌ವರ್ಕ್ ಸಿಗುತ್ತಿಲ್ಲ.,Kannada,High,2026-09-07T09:54,Synthetic Demo Data
REQ003054,613016,Ramohalli,Bangalore,KARNATAKA,Public Transport,ಬೆಳಿಗ್ಗೆ ಮತ್ತು ಸಂಜೆ ವೇಳೆಯಲ್ಲಿ ಹೆಚ್ಚಿನ ಬಸ್ ಸಂಚಾರ ಬೇಕಾಗಿದೆ.,Kannada,Medium,2026-08-29T20:26,Synthetic Demo Data
REQ003055,613016,Ramohalli,Bangalore,KARNATAKA,Drainage,Residents are requesting proper concrete covered drainage near residential areas.,English,High,2026-09-14T19:37,Synthetic Demo Data
REQ003056,613016,Ramohalli,Bangalore,KARNATAKA,Banking,Residents have limited access to nearby banking services and have to travel 10 km.,English,Medium,2026-08-14T21:11,Synthetic Demo Data
REQ003057,613016,Ramohalli,Bangalore,KARNATAKA,Electricity,ಗ್ರಾಮದ ಪ್ರಮುಖ ರಸ್ತೆಗಳಲ್ಲಿ ಬೀದಿದೀಪಗಳ ಸೌಲಭ್ಯ ಕಲ್ಪಿಸಬೇಕಾಗಿದೆ.,Kannada,Low,2026-07-20T18:24,Synthetic Demo Data
REQ003058,613016,Ramohalli,Bangalore,KARNATAKA,Road,सड़क की हालत खराब है और मरम्मत की जरूरत है।,Hindi,Medium,2026-07-22T17:36,Synthetic Demo Data
REQ003059,613016,Ramohalli,Bangalore,KARNATAKA,Banking,ಗ್ರಾಮದಲ್ಲಿ ಬ್ಯಾಂಕ್ ಸೇವೆಗಳು ಮತ್ತು ಸಾಲ ಸೌಲಭ್ಯಗಳು ಸುಲಭವಾಗಿ ಸಿಗುತ್ತಿಲ್ಲ.,Kannada,High,2026-09-17T11:21,Synthetic Demo Data
REQ003060,613016,Ramohalli,Bangalore,KARNATAKA,Waste Management,Residents are requesting a better door-to-door waste collection system.,English,Medium,2026-07-02T20:47,Synthetic Demo Data
REQ003061,613016,Ramohalli,Bangalore,KARNATAKA,Waste Management,ಮನೆ ಮನೆಗೆ ತೆರಳಿ ಕಸ ಸಂಗ್ರಹಿಸುವ ವ್ಯವಸ್ಥೆ ಬೇಕು ಎಂದು ನಿವಾಸಿಗಳು ಕೋರುತ್ತಿದ್ದಾರೆ.,Kannada,High,2026-08-04T21:09,Synthetic Demo Data
REQ003062,613016,Ramohalli,Bangalore,KARNATAKA,Electricity,ಗ್ರಾಮದ ಪ್ರಮುಖ ರಸ್ತೆಗಳಲ್ಲಿ ಬೀದಿದೀಪಗಳ ಸೌಲಭ್ಯ ಕಲ್ಪಿಸಬೇಕಾಗಿದೆ.,Kannada,Low,2026-08-08T08:48,Synthetic Demo Data
REQ003063,613016,Ramohalli,Bangalore,KARNATAKA,Healthcare,Residents have limited access to a nearby health facility after 5 PM.,English,High,2026-07-01T20:19,Synthetic Demo Data
REQ003064,613016,Ramohalli,Bangalore,KARNATAKA,Public Transport,ವಿಶ್ವಾಸಾರ್ಹ ಸಾರಿಗೆ ಬಸ್ ಸೇವೆಗಳನ್ನು ಹೆಚ್ಚಿಸಲು ವಿನಂತಿ.,Kannada,Medium,2026-09-12T15:25,Synthetic Demo Data
REQ003065,613016,Ramohalli,Bangalore,KARNATAKA,Waste Management,गांव में कचरा समय पर नहीं उठाया जा रहा है।,Hindi,Low,2026-09-03T15:07,Synthetic Demo Data
REQ003066,613016,Ramohalli,Bangalore,KARNATAKA,Road,ತಾಲೂಕು ಕೇಂದ್ರಕ್ಕೆ ಸಂಪರ್ಕ ಕಲ್ಪಿಸುವ ರಸ್ತೆ ಸುಧಾರಣೆಗೆ ಗ್ರಾಮಸ್ಥರ ಮನವಿ.,Kannada,Medium,2026-08-13T12:25,Synthetic Demo Data
REQ003067,613016,Ramohalli,Bangalore,KARNATAKA,Electricity,ಗ್ರಾಮದ ಪ್ರಮುಖ ರಸ್ತೆಗಳಲ್ಲಿ ಬೀದಿದೀಪಗಳ ಸೌಲಭ್ಯ ಕಲ್ಪಿಸಬೇಕಾಗಿದೆ.,Kannada,High,2026-08-18T15:49,Synthetic Demo Data
REQ003068,613016,Ramohalli,Bangalore,KARNATAKA,Digital Connectivity,ಹೈಸ್ಪೀಡ್ ಇಂಟರ್ನೆಟ್ ಮತ್ತು ಸಿಎಸ್ಸಿ ಸೇವೆಗಳು ಲಭ್ಯವಿಲ್ಲ.,Kannada,High,2026-09-16T11:42,Synthetic Demo Data
REQ003069,613016,Ramohalli,Bangalore,KARNATAKA,Digital Connectivity,People are requesting a local digital service facility (Bapuji Seva Kendra).,English,High,2026-07-22T09:53,Synthetic Demo Data
REQ003070,613016,Ramohalli,Bangalore,KARNATAKA,Banking,ಗ್ರಾಮದಲ್ಲಿ ಬ್ಯಾಂಕ್ ಸೇವೆಗಳು ಮತ್ತು ಸಾಲ ಸೌಲಭ್ಯಗಳು ಸುಲಭವಾಗಿ ಸಿಗುತ್ತಿಲ್ಲ.,Kannada,High,2026-08-28T07:25,Synthetic Demo Data
REQ003071,613016,Ramohalli,Bangalore,KARNATAKA,Road,The main approach road near the village is damaged and difficult to use.,English,High,2026-09-08T11:17,Synthetic Demo Data
REQ003072,613022,Kambipura,Bangalore,KARNATAKA,Healthcare,ಸ್ಥಳೀಯ ಆರೋಗ್ಯ ಸೇವೆಗಳು ಮತ್ತು ಔಷಧಿಗಳ ಲಭ್ಯತೆಯನ್ನು ಸುಧಾರಿಸಲು ವಿನಂತಿ.,Kannada,High,2026-07-29T06:35,Synthetic Demo Data
REQ003073,613022,Kambipura,Bangalore,KARNATAKA,Electricity,People are requesting more reliable power supply without frequent cuts.,English,Low,2026-07-06T16:30,Synthetic Demo Data
REQ003074,613022,Kambipura,Bangalore,KARNATAKA,Waste Management,Residents are requesting a better door-to-door waste collection system.,English,High,2026-09-15T21:16,Synthetic Demo Data
REQ003075,613022,Kambipura,Bangalore,KARNATAKA,Public Transport,The village needs better bus frequency during morning and evening hours.,English,Medium,2026-08-23T13:00,Synthetic Demo Data
REQ003076,613022,Kambipura,Bangalore,KARNATAKA,Drainage,नालियों में पानी भर जाने से जलभराव हो रहा है।,Hindi,Low,2026-07-07T06:13,Synthetic Demo Data
REQ003077,613022,Kambipura,Bangalore,KARNATAKA,Water,ಗ್ರಾಮಕ್ಕೆ ಶುದ್ಧ ಕುಡಿಯುವ ನೀರಿನ ಆರ್‌ಒ ಘಟಕದ ಅಗತ್ಯವಿದೆ.,Kannada,Medium,2026-08-21T09:37,Synthetic Demo Data
REQ003078,613022,Kambipura,Bangalore,KARNATAKA,Electricity,Residents report voltage fluctuations affecting agriculture pump sets.,English,Medium,2026-07-03T17:24,Synthetic Demo Data
REQ003079,613022,Kambipura,Bangalore,KARNATAKA,Waste Management,Residents are requesting a better door-to-door waste collection system.,English,High,2026-08-26T15:27,Synthetic Demo Data
REQ003080,613022,Kambipura,Bangalore,KARNATAKA,Healthcare,ಸಂಜೆ 5 ರ ನಂತರ ಸಮೀಪದ ಆರೋಗ್ಯ ಕೇಂದ್ರಕ್ಕೆ ಹೋಗಲು ಕಷ್ಟವಾಗುತ್ತಿದೆ.,Kannada,Low,2026-07-03T09:33,Synthetic Demo Data
REQ003081,613022,Kambipura,Bangalore,KARNATAKA,Healthcare,ಸ್ಥಳೀಯ ಆರೋಗ್ಯ ಸೇವೆಗಳು ಮತ್ತು ಔಷಧಿಗಳ ಲಭ್ಯತೆಯನ್ನು ಸುಧಾರಿಸಲು ವಿನಂತಿ.,Kannada,Low,2026-07-04T09:40,Synthetic Demo Data
REQ003082,613022,Kambipura,Bangalore,KARNATAKA,Digital Connectivity,ಗ್ರಾಮದ ಒಳಭಾಗದಲ್ಲಿ ಮೊಬೈಲ್ ನೆಟ್‌ವರ್ಕ್ ಸಿಗುತ್ತಿಲ್ಲ.,Kannada,High,2026-07-30T14:58,Synthetic Demo Data
REQ003083,613022,Kambipura,Bangalore,KARNATAKA,Waste Management,Waste is accumulating near residential areas and temple road.,English,High,2026-09-15T07:25,Synthetic Demo Data
REQ003084,613022,Kambipura,Bangalore,KARNATAKA,Healthcare,Residents have limited access to a nearby health facility after 5 PM.,English,Medium,2026-08-21T17:10,Synthetic Demo Data
REQ003085,613022,Kambipura,Bangalore,KARNATAKA,Waste Management,ಕಸವನ್ನು ನಿಯಮಿತವಾಗಿ ವಿಲೇವಾರಿ ಮಾಡಲಾಗುತ್ತಿಲ್ಲ.,Kannada,Medium,2026-07-17T09:20,Synthetic Demo Data
REQ003086,613022,Kambipura,Bangalore,KARNATAKA,Electricity,Residents report voltage fluctuations affecting agriculture pump sets.,English,Low,2026-07-18T16:59,Synthetic Demo Data
REQ003087,613022,Kambipura,Bangalore,KARNATAKA,Healthcare,ನಮ್ಮ ಗ್ರಾಮಕ್ಕೆ ಪ್ರಾಥಮಿಕ ಆರೋಗ್ಯ ಕೇಂದ್ರದ ಸುಲಭ ಪ್ರವೇಶ ಬೇಕಾಗಿದೆ.,Kannada,High,2026-07-02T16:15,Synthetic Demo Data
REQ003088,613022,Kambipura,Bangalore,KARNATAKA,Waste Management,Residents are requesting a better door-to-door waste collection system.,English,High,2026-07-04T14:31,Synthetic Demo Data
REQ003089,613022,Kambipura,Bangalore,KARNATAKA,Waste Management,Waste is accumulating near residential areas and temple road.,English,Medium,2026-08-11T17:38,Synthetic Demo Data
REQ003090,613022,Kambipura,Bangalore,KARNATAKA,Waste Management,ಕಸವನ್ನು ನಿಯಮಿತವಾಗಿ ವಿಲೇವಾರಿ ಮಾಡಲಾಗುತ್ತಿಲ್ಲ.,Kannada,High,2026-07-30T13:20,Synthetic Demo Data
REQ003091,613022,Kambipura,Bangalore,KARNATAKA,Water,Residents report difficulty getting reliable drinking water in summer.,English,High,2026-08-14T12:06,Synthetic Demo Data
REQ003092,613022,Kambipura,Bangalore,KARNATAKA,Waste Management,Residents are requesting a better door-to-door waste collection system.,English,High,2026-08-01T18:08,Synthetic Demo Data
REQ003093,613022,Kambipura,Bangalore,KARNATAKA,Education,Students have difficulty accessing nearby secondary education without bus.,English,Low,2026-08-30T13:59,Synthetic Demo Data
REQ003094,613022,Kambipura,Bangalore,KARNATAKA,Public Transport,ಮೆಟ್ರೋ ನಿಲ್ದಾಣಕ್ಕೆ ನೇರ ಬಸ್ ಸಂಪರ್ಕ ಕಲ್ಪಿಸಲು ಗ್ರಾಮಸ್ಥರ ಕೋರಿಕೆ.,Kannada,Medium,2026-08-24T14:34,Synthetic Demo Data
REQ003095,613022,Kambipura,Bangalore,KARNATAKA,Education,The village needs improved educational facilities and playground repair.,English,High,2026-08-11T16:35,Synthetic Demo Data
REQ003096,613022,Kambipura,Bangalore,KARNATAKA,Waste Management,ಮನೆ ಮನೆಗೆ ತೆರಳಿ ಕಸ ಸಂಗ್ರಹಿಸುವ ವ್ಯವಸ್ಥೆ ಬೇಕು ಎಂದು ನಿವಾಸಿಗಳು ಕೋರುತ್ತಿದ್ದಾರೆ.,Kannada,High,2026-08-14T10:45,Synthetic Demo Data
REQ003097,613022,Kambipura,Bangalore,KARNATAKA,Electricity,ಪದೇ ಪದೇ ವಿದ್ಯುತ್ ಕಡಿತವಾಗದಂತೆ ನಿರಂತರ ವಿದ್ಯುತ್ ನೀಡಲು ವಿನಂತಿ.,Kannada,Low,2026-08-11T21:23,Synthetic Demo Data
REQ003098,613022,Kambipura,Bangalore,KARNATAKA,Healthcare,ನಮ್ಮ ಗ್ರಾಮಕ್ಕೆ ಪ್ರಾಥಮಿಕ ಆರೋಗ್ಯ ಕೇಂದ್ರದ ಸುಲಭ ಪ್ರವೇಶ ಬೇಕಾಗಿದೆ.,Kannada,High,2026-07-07T07:23,Synthetic Demo Data
REQ003099,613022,Kambipura,Bangalore,KARNATAKA,Waste Management,ವಸತಿ ಪ್ರದೇಶಗಳ ಬಳಿ ಕಸ ಶೇಖರಣೆಯಾಗುತ್ತಿದೆ.,Kannada,Medium,2026-08-04T21:14,Synthetic Demo Data
REQ003100,613022,Kambipura,Bangalore,KARNATAKA,Digital Connectivity,Residents have limited access to high-speed internet and CSC services.,English,Medium,2026-08-08T20:55,Synthetic Demo Data
REQ003101,613022,Kambipura,Bangalore,KARNATAKA,Healthcare,Residents are requesting improved local healthcare access and medicine availability.,English,High,2026-08-29T09:22,Synthetic Demo Data
REQ003102,613022,Kambipura,Bangalore,KARNATAKA,Healthcare,Residents are requesting improved local healthcare access and medicine availability.,English,Medium,2026-08-03T15:54,Synthetic Demo Data
REQ003103,613022,Kambipura,Bangalore,KARNATAKA,Electricity,ವೋಲ್ಟೇಜ್ ಏರಿಳಿತದಿಂದ ಪಂಪ್‌ಸೆಟ್‌ಗಳಿಗೆ ತೊಂದರೆಯಾಗುತ್ತಿದೆ.,Kannada,High,2026-09-04T06:14,Synthetic Demo Data
REQ003104,613022,Kambipura,Bangalore,KARNATAKA,Waste Management,ವಸತಿ ಪ್ರದೇಶಗಳ ಬಳಿ ಕಸ ಶೇಖರಣೆಯಾಗುತ್ತಿದೆ.,Kannada,High,2026-07-09T12:15,Synthetic Demo Data
REQ003105,613022,Kambipura,Bangalore,KARNATAKA,Public Transport,ವಿಶ್ವಾಸಾರ್ಹ ಸಾರಿಗೆ ಬಸ್ ಸೇವೆಗಳನ್ನು ಹೆಚ್ಚಿಸಲು ವಿನಂತಿ.,Kannada,Low,2026-08-24T07:32,Synthetic Demo Data
REQ003106,613022,Kambipura,Bangalore,KARNATAKA,Healthcare,ನಮ್ಮ ಗ್ರಾಮಕ್ಕೆ ಪ್ರಾಥಮಿಕ ಆರೋಗ್ಯ ಕೇಂದ್ರದ ಸುಲಭ ಪ್ರವೇಶ ಬೇಕಾಗಿದೆ.,Kannada,Low,2026-09-10T08:22,Synthetic Demo Data
REQ003107,613022,Kambipura,Bangalore,KARNATAKA,Public Transport,ಮೆಟ್ರೋ ನಿಲ್ದಾಣಕ್ಕೆ ನೇರ ಬಸ್ ಸಂಪರ್ಕ ಕಲ್ಪಿಸಲು ಗ್ರಾಮಸ್ಥರ ಕೋರಿಕೆ.,Kannada,High,2026-08-06T19:11,Synthetic Demo Data
REQ003108,613022,Kambipura,Bangalore,KARNATAKA,Waste Management,ಕಸವನ್ನು ನಿಯಮಿತವಾಗಿ ವಿಲೇವಾರಿ ಮಾಡಲಾಗುತ್ತಿಲ್ಲ.,Kannada,High,2026-08-09T19:20,Synthetic Demo Data
REQ003109,613022,Kambipura,Bangalore,KARNATAKA,Public Transport,ಮೆಟ್ರೋ ನಿಲ್ದಾಣಕ್ಕೆ ನೇರ ಬಸ್ ಸಂಪರ್ಕ ಕಲ್ಪಿಸಲು ಗ್ರಾಮಸ್ಥರ ಕೋರಿಕೆ.,Kannada,Medium,2026-08-31T07:06,Synthetic Demo Data
REQ003110,613022,Kambipura,Bangalore,KARNATAKA,Healthcare,Residents have limited access to a nearby health facility after 5 PM.,English,Medium,2026-08-31T12:18,Synthetic Demo Data
REQ003111,613022,Kambipura,Bangalore,KARNATAKA,Waste Management,ಕಸವನ್ನು ನಿಯಮಿತವಾಗಿ ವಿಲೇವಾರಿ ಮಾಡಲಾಗುತ್ತಿಲ್ಲ.,Kannada,Medium,2026-08-26T18:59,Synthetic Demo Data
REQ003112,613022,Kambipura,Bangalore,KARNATAKA,Waste Management,Residents are requesting a better door-to-door waste collection system.,English,Low,2026-08-09T13:13,Synthetic Demo Data
REQ003113,613022,Kambipura,Bangalore,KARNATAKA,Public Transport,ವಿಶ್ವಾಸಾರ್ಹ ಸಾರಿಗೆ ಬಸ್ ಸೇವೆಗಳನ್ನು ಹೆಚ್ಚಿಸಲು ವಿನಂತಿ.,Kannada,Medium,2026-08-18T19:16,Synthetic Demo Data
REQ003114,613022,Kambipura,Bangalore,KARNATAKA,Banking,"ಬ್ಯಾಂಕಿಂಗ್ ಸೇವೆಗೆ 10 ಕಿ.ಮೀ ದೂರ ಹೋಗಬೇಕಾಗಿದ್ದು, ಸ್ಥಳೀಯ ಕಿಯೋಸ್ಕ್ ಅಗತ್ಯವಿದೆ.",Kannada,Medium,2026-09-13T06:44,Synthetic Demo Data
REQ003115,613022,Kambipura,Bangalore,KARNATAKA,Water,ಮೇಲ್ಭಾಗದ ಬಡಾವಣೆಗಳಿಗೆ ನೀರಿನ ಸರಬರಾಜು ಒತ್ತಡ ಸಾಲುತ್ತಿಲ್ಲ.,Kannada,Medium,2026-08-31T13:36,Synthetic Demo Data
REQ003116,613022,Kambipura,Bangalore,KARNATAKA,Water,Water supply pressure is insufficient for residents on higher lanes.,English,Medium,2026-07-21T09:45,Synthetic Demo Data
REQ003117,613042,Kaggalipura,Bangalore,KARNATAKA,Water,Water supply pressure is insufficient for residents on higher lanes.,English,Medium,2026-08-06T11:41,Synthetic Demo Data
REQ003118,613042,Kaggalipura,Bangalore,KARNATAKA,Waste Management,ಮನೆ ಮನೆಗೆ ತೆರಳಿ ಕಸ ಸಂಗ್ರಹಿಸುವ ವ್ಯವಸ್ಥೆ ಬೇಕು ಎಂದು ನಿವಾಸಿಗಳು ಕೋರುತ್ತಿದ್ದಾರೆ.,Kannada,Medium,2026-08-08T20:37,Synthetic Demo Data
REQ003119,613042,Kaggalipura,Bangalore,KARNATAKA,Road,ತಾಲೂಕು ಕೇಂದ್ರಕ್ಕೆ ಸಂಪರ್ಕ ಕಲ್ಪಿಸುವ ರಸ್ತೆ ಸುಧಾರಣೆಗೆ ಗ್ರಾಮಸ್ಥರ ಮನವಿ.,Kannada,Low,2026-09-01T16:40,Synthetic Demo Data
REQ003120,613042,Kaggalipura,Bangalore,KARNATAKA,Public Transport,ವಿಶ್ವಾಸಾರ್ಹ ಸಾರಿಗೆ ಬಸ್ ಸೇವೆಗಳನ್ನು ಹೆಚ್ಚಿಸಲು ವಿನಂತಿ.,Kannada,High,2026-09-05T09:53,Synthetic Demo Data
REQ003121,613042,Kaggalipura,Bangalore,KARNATAKA,Education,ಬಸ್ ಕೊರತೆಯಿಂದ ವಿದ್ಯಾರ್ಥಿಗಳಿಗೆ ಪ್ರೌಢಶಾಲೆಗೆ ಹೋಗಲು ತೊಂದರೆಯಾಗಿದೆ.,Kannada,Medium,2026-09-13T20:46,Synthetic Demo Data
REQ003122,613042,Kaggalipura,Bangalore,KARNATAKA,Education,The village needs improved educational facilities and playground repair.,English,Low,2026-07-10T10:19,Synthetic Demo Data
REQ003123,613042,Kaggalipura,Bangalore,KARNATAKA,Education,ಗ್ರಾಮದ ಶಾಲಾ ಆವರಣ ಹಾಗೂ ಆಟದ ಮೈದಾನ ದುರಸ್ತಿ ಮಾಡಬೇಕಾಗಿದೆ.,Kannada,Low,2026-08-27T08:29,Synthetic Demo Data
REQ003124,613042,Kaggalipura,Bangalore,KARNATAKA,Water,ಮೇಲ್ಭಾಗದ ಬಡಾವಣೆಗಳಿಗೆ ನೀರಿನ ಸರಬರಾಜು ಒತ್ತಡ ಸಾಲುತ್ತಿಲ್ಲ.,Kannada,Medium,2026-08-03T16:51,Synthetic Demo Data
REQ003125,613042,Kaggalipura,Bangalore,KARNATAKA,Water,ಬೇಸಿಗೆಯಲ್ಲಿ ಶುದ್ಧ ಕುಡಿಯುವ ನೀರಿನ ಕೊರತೆ ಎದುರಾಗುತ್ತಿದೆ.,Kannada,Medium,2026-07-21T18:33,Synthetic Demo Data
REQ003126,613042,Kaggalipura,Bangalore,KARNATAKA,Drainage,ಭಾರೀ ಮಳೆಯಾದಾಗ ಚರಂಡಿ ಉಕ್ಕಿ ಶಾಲೆ ಬಳಿ ನೀರು ನಿಲ್ಲುತ್ತದೆ.,Kannada,Medium,2026-07-27T16:48,Synthetic Demo Data
REQ003127,613042,Kaggalipura,Bangalore,KARNATAKA,Healthcare,ನಮ್ಮ ಗ್ರಾಮಕ್ಕೆ ಪ್ರಾಥಮಿಕ ಆರೋಗ್ಯ ಕೇಂದ್ರದ ಸುಲಭ ಪ್ರವೇಶ ಬೇಕಾಗಿದೆ.,Kannada,Medium,2026-09-17T21:53,Synthetic Demo Data
REQ003128,613042,Kaggalipura,Bangalore,KARNATAKA,Education,ಸ್ಥಳೀಯ ಸರ್ಕಾರಿ ಶಾಲೆಯಲ್ಲಿ ಕಂಪ್ಯೂಟರ್ ಹಾಗೂ ಶೌಚಾಲಯ ಸೌಲಭ್ಯ ಕಲ್ಪಿಸಲು ಮನವಿ.,Kannada,Medium,2026-07-03T11:53,Synthetic Demo Data
REQ003129,613042,Kaggalipura,Bangalore,KARNATAKA,Drainage,ಭಾರೀ ಮಳೆಯಾದಾಗ ಚರಂಡಿ ಉಕ್ಕಿ ಶಾಲೆ ಬಳಿ ನೀರು ನಿಲ್ಲುತ್ತದೆ.,Kannada,Medium,2026-07-19T19:59,Synthetic Demo Data
REQ003130,613042,Kaggalipura,Bangalore,KARNATAKA,Healthcare,ಸಂಜೆ 5 ರ ನಂತರ ಸಮೀಪದ ಆರೋಗ್ಯ ಕೇಂದ್ರಕ್ಕೆ ಹೋಗಲು ಕಷ್ಟವಾಗುತ್ತಿದೆ.,Kannada,High,2026-08-10T06:48,Synthetic Demo Data
REQ003131,613042,Kaggalipura,Bangalore,KARNATAKA,Public Transport,बस सेवा बढ़ाने का अनुरोध किया गया है।,Hindi,Medium,2026-08-10T12:08,Synthetic Demo Data
REQ003132,613042,Kaggalipura,Bangalore,KARNATAKA,Digital Connectivity,ಗ್ರಾಮದ ಒಳಭಾಗದಲ್ಲಿ ಮೊಬೈಲ್ ನೆಟ್‌ವರ್ಕ್ ಸಿಗುತ್ತಿಲ್ಲ.,Kannada,High,2026-09-12T13:50,Synthetic Demo Data
REQ003133,613042,Kaggalipura,Bangalore,KARNATAKA,Education,ಗ್ರಾಮದ ಶಾಲಾ ಆವರಣ ಹಾಗೂ ಆಟದ ಮೈದಾನ ದುರಸ್ತಿ ಮಾಡಬೇಕಾಗಿದೆ.,Kannada,High,2026-09-12T21:19,Synthetic Demo Data
REQ003134,613042,Kaggalipura,Bangalore,KARNATAKA,Drainage,Poor drainage is causing stagnant water and mosquito breeding in the village.,English,High,2026-08-24T07:36,Synthetic Demo Data
REQ003135,613042,Kaggalipura,Bangalore,KARNATAKA,Water,ಮೇಲ್ಭಾಗದ ಬಡಾವಣೆಗಳಿಗೆ ನೀರಿನ ಸರಬರಾಜು ಒತ್ತಡ ಸಾಲುತ್ತಿಲ್ಲ.,Kannada,Medium,2026-09-03T09:02,Synthetic Demo Data
REQ003136,613042,Kaggalipura,Bangalore,KARNATAKA,Waste Management,ಕಸವನ್ನು ನಿಯಮಿತವಾಗಿ ವಿಲೇವಾರಿ ಮಾಡಲಾಗುತ್ತಿಲ್ಲ.,Kannada,High,2026-08-29T12:25,Synthetic Demo Data
REQ003137,613042,Kaggalipura,Bangalore,KARNATAKA,Water,ಮೇಲ್ಭಾಗದ ಬಡಾವಣೆಗಳಿಗೆ ನೀರಿನ ಸರಬರಾಜು ಒತ್ತಡ ಸಾಲುತ್ತಿಲ್ಲ.,Kannada,Medium,2026-09-06T21:13,Synthetic Demo Data
REQ003138,613042,Kaggalipura,Bangalore,KARNATAKA,Road,ತಾಲೂಕು ಕೇಂದ್ರಕ್ಕೆ ಸಂಪರ್ಕ ಕಲ್ಪಿಸುವ ರಸ್ತೆ ಸುಧಾರಣೆಗೆ ಗ್ರಾಮಸ್ಥರ ಮನವಿ.,Kannada,High,2026-08-14T18:36,Synthetic Demo Data
REQ003139,613042,Kaggalipura,Bangalore,KARNATAKA,Waste Management,ಮನೆ ಮನೆಗೆ ತೆರಳಿ ಕಸ ಸಂಗ್ರಹಿಸುವ ವ್ಯವಸ್ಥೆ ಬೇಕು ಎಂದು ನಿವಾಸಿಗಳು ಕೋರುತ್ತಿದ್ದಾರೆ.,Kannada,High,2026-07-01T16:34,Synthetic Demo Data
REQ003140,613042,Kaggalipura,Bangalore,KARNATAKA,Road,Residents are requesting improvement of road connectivity to the taluk center.,English,High,2026-08-07T20:42,Synthetic Demo Data
REQ003141,613042,Kaggalipura,Bangalore,KARNATAKA,Waste Management,Waste is accumulating near residential areas and temple road.,English,Low,2026-07-31T21:36,Synthetic Demo Data
REQ003142,613042,Kaggalipura,Bangalore,KARNATAKA,Drainage,ಭಾರೀ ಮಳೆಯಾದಾಗ ಚರಂಡಿ ಉಕ್ಕಿ ಶಾಲೆ ಬಳಿ ನೀರು ನಿಲ್ಲುತ್ತದೆ.,Kannada,High,2026-08-07T13:25,Synthetic Demo Data
REQ003143,613042,Kaggalipura,Bangalore,KARNATAKA,Banking,Residents have limited access to nearby banking services and have to travel 10 km.,English,High,2026-09-04T13:30,Synthetic Demo Data
REQ003144,613042,Kaggalipura,Bangalore,KARNATAKA,Healthcare,ನಮ್ಮ ಗ್ರಾಮಕ್ಕೆ ಪ್ರಾಥಮಿಕ ಆರೋಗ್ಯ ಕೇಂದ್ರದ ಸುಲಭ ಪ್ರವೇಶ ಬೇಕಾಗಿದೆ.,Kannada,Medium,2026-08-23T18:26,Synthetic Demo Data
REQ003145,613042,Kaggalipura,Bangalore,KARNATAKA,Water,The village needs improved access to safe drinking water RO plant.,English,High,2026-07-11T18:51,Synthetic Demo Data
REQ003146,613042,Kaggalipura,Bangalore,KARNATAKA,Waste Management,ಮನೆ ಮನೆಗೆ ತೆರಳಿ ಕಸ ಸಂಗ್ರಹಿಸುವ ವ್ಯವಸ್ಥೆ ಬೇಕು ಎಂದು ನಿವಾಸಿಗಳು ಕೋರುತ್ತಿದ್ದಾರೆ.,Kannada,Medium,2026-07-10T07:57,Synthetic Demo Data
REQ003147,613042,Kaggalipura,Bangalore,KARNATAKA,Drainage,नालियों में पानी भर जाने से जलभराव हो रहा है।,Hindi,Low,2026-08-11T12:21,Synthetic Demo Data
REQ003148,613042,Kaggalipura,Bangalore,KARNATAKA,Education,Residents are requesting better facilities and computers in the local school.,English,Medium,2026-08-03T07:23,Synthetic Demo Data
REQ003149,613042,Kaggalipura,Bangalore,KARNATAKA,Banking,"ಬ್ಯಾಂಕಿಂಗ್ ಸೇವೆಗೆ 10 ಕಿ.ಮೀ ದೂರ ಹೋಗಬೇಕಾಗಿದ್ದು, ಸ್ಥಳೀಯ ಕಿಯೋಸ್ಕ್ ಅಗತ್ಯವಿದೆ.",Kannada,Medium,2026-07-01T10:31,Synthetic Demo Data
REQ003150,613042,Kaggalipura,Bangalore,KARNATAKA,Banking,ಎಟಿಎಂ ಅಥವಾ ಗ್ರಾಮ ಬ್ಯಾಂಕಿಂಗ್ ಸೇವೆ ಒದಗಿಸಲು ಸಾರ್ವಜನಿಕರ ಮನವಿ.,Kannada,Medium,2026-07-27T19:08,Synthetic Demo Data
REQ003151,613042,Kaggalipura,Bangalore,KARNATAKA,Banking,ಎಟಿಎಂ ಅಥವಾ ಗ್ರಾಮ ಬ್ಯಾಂಕಿಂಗ್ ಸೇವೆ ಒದಗಿಸಲು ಸಾರ್ವಜನಿಕರ ಮನವಿ.,Kannada,High,2026-08-03T14:29,Synthetic Demo Data
REQ003152,613042,Kaggalipura,Bangalore,KARNATAKA,Drainage,Drainage overflows during heavy rain and causes waterlogging near the school.,English,Medium,2026-07-28T06:36,Synthetic Demo Data
REQ003153,613042,Kaggalipura,Bangalore,KARNATAKA,Healthcare,Residents have limited access to a nearby health facility after 5 PM.,English,Medium,2026-08-03T06:36,Synthetic Demo Data
REQ003154,613042,Kaggalipura,Bangalore,KARNATAKA,Drainage,ಚರಂಡಿ ಕೊರತೆಯಿಂದ ನೀರು ನಿಂತು ಸೊಳ್ಳೆಗಳ ಕಾಟ ಹೆಚ್ಚಾಗಿದೆ.,Kannada,Low,2026-09-04T20:48,Synthetic Demo Data
REQ003155,613042,Kaggalipura,Bangalore,KARNATAKA,Waste Management,ವಸತಿ ಪ್ರದೇಶಗಳ ಬಳಿ ಕಸ ಶೇಖರಣೆಯಾಗುತ್ತಿದೆ.,Kannada,High,2026-07-31T16:34,Synthetic Demo Data
REQ003156,613042,Kaggalipura,Bangalore,KARNATAKA,Public Transport,ಮೆಟ್ರೋ ನಿಲ್ದಾಣಕ್ಕೆ ನೇರ ಬಸ್ ಸಂಪರ್ಕ ಕಲ್ಪಿಸಲು ಗ್ರಾಮಸ್ಥರ ಕೋರಿಕೆ.,Kannada,High,2026-08-04T12:01,Synthetic Demo Data
REQ003157,613042,Kaggalipura,Bangalore,KARNATAKA,Digital Connectivity,ಗ್ರಾಮದ ಒಳಭಾಗದಲ್ಲಿ ಮೊಬೈಲ್ ನೆಟ್‌ವರ್ಕ್ ಸಿಗುತ್ತಿಲ್ಲ.,Kannada,Low,2026-07-16T09:48,Synthetic Demo Data
REQ003158,613042,Kaggalipura,Bangalore,KARNATAKA,Road,Residents are requesting improvement of road connectivity to the taluk center.,English,Medium,2026-07-05T12:19,Synthetic Demo Data
REQ003159,613042,Kaggalipura,Bangalore,KARNATAKA,Banking,Residents have limited access to nearby banking services and have to travel 10 km.,English,Low,2026-09-03T21:13,Synthetic Demo Data
REQ003160,613042,Kaggalipura,Bangalore,KARNATAKA,Education,ಗ್ರಾಮದ ಶಾಲಾ ಆವರಣ ಹಾಗೂ ಆಟದ ಮೈದಾನ ದುರಸ್ತಿ ಮಾಡಬೇಕಾಗಿದೆ.,Kannada,Medium,2026-09-04T13:46,Synthetic Demo Data
REQ003161,613042,Kaggalipura,Bangalore,KARNATAKA,Waste Management,ವಸತಿ ಪ್ರದೇಶಗಳ ಬಳಿ ಕಸ ಶೇಖರಣೆಯಾಗುತ್ತಿದೆ.,Kannada,Medium,2026-08-02T09:14,Synthetic Demo Data
REQ003162,613050,Somanahalli,Bangalore,KARNATAKA,Public Transport,People are requesting more reliable BMTC/KSRTC public transport services.,English,Low,2026-08-14T12:32,Synthetic Demo Data
REQ003163,613050,Somanahalli,Bangalore,KARNATAKA,Banking,People are requesting easier access to ATM or banking kiosk services.,English,High,2026-07-17T18:08,Synthetic Demo Data
REQ003164,613050,Somanahalli,Bangalore,KARNATAKA,Road,The main approach road near the village is damaged and difficult to use.,English,Low,2026-07-09T11:55,Synthetic Demo Data
REQ003165,613050,Somanahalli,Bangalore,KARNATAKA,Banking,Residents have limited access to nearby banking services and have to travel 10 km.,English,High,2026-08-15T20:29,Synthetic Demo Data
REQ003166,613050,Somanahalli,Bangalore,KARNATAKA,Drainage,ಚರಂಡಿ ಕೊರತೆಯಿಂದ ನೀರು ನಿಂತು ಸೊಳ್ಳೆಗಳ ಕಾಟ ಹೆಚ್ಚಾಗಿದೆ.,Kannada,High,2026-07-08T21:44,Synthetic Demo Data
REQ003167,613050,Somanahalli,Bangalore,KARNATAKA,Digital Connectivity,People are requesting a local digital service facility (Bapuji Seva Kendra).,English,Medium,2026-07-21T14:23,Synthetic Demo Data
REQ003168,613050,Somanahalli,Bangalore,KARNATAKA,Banking,"ಬ್ಯಾಂಕಿಂಗ್ ಸೇವೆಗೆ 10 ಕಿ.ಮೀ ದೂರ ಹೋಗಬೇಕಾಗಿದ್ದು, ಸ್ಥಳೀಯ ಕಿಯೋಸ್ಕ್ ಅಗತ್ಯವಿದೆ.",Kannada,Medium,2026-07-08T21:45,Synthetic Demo Data
REQ003169,613050,Somanahalli,Bangalore,KARNATAKA,Digital Connectivity,ಗ್ರಾಮದ ಒಳಭಾಗದಲ್ಲಿ ಮೊಬೈಲ್ ನೆಟ್‌ವರ್ಕ್ ಸಿಗುತ್ತಿಲ್ಲ.,Kannada,Low,2026-07-19T14:34,Synthetic Demo Data
REQ003170,613050,Somanahalli,Bangalore,KARNATAKA,Banking,"ಬ್ಯಾಂಕಿಂಗ್ ಸೇವೆಗೆ 10 ಕಿ.ಮೀ ದೂರ ಹೋಗಬೇಕಾಗಿದ್ದು, ಸ್ಥಳೀಯ ಕಿಯೋಸ್ಕ್ ಅಗತ್ಯವಿದೆ.",Kannada,Medium,2026-08-30T10:47,Synthetic Demo Data
REQ003171,613050,Somanahalli,Bangalore,KARNATAKA,Road,ಮಳೆಗಾಲದಲ್ಲಿ ರಸ್ತೆಯಲ್ಲಿ ನೀರು ನಿಂತು ವಾಹನ ಚಾಲನೆ ಕಷ್ಟವಾಗುತ್ತದೆ.,Kannada,Medium,2026-07-24T11:23,Synthetic Demo Data
REQ003172,613050,Somanahalli,Bangalore,KARNATAKA,Drainage,ಚರಂಡಿ ಕೊರತೆಯಿಂದ ನೀರು ನಿಂತು ಸೊಳ್ಳೆಗಳ ಕಾಟ ಹೆಚ್ಚಾಗಿದೆ.,Kannada,Medium,2026-07-24T15:00,Synthetic Demo Data
REQ003173,613050,Somanahalli,Bangalore,KARNATAKA,Waste Management,Residents are requesting a better door-to-door waste collection system.,English,Medium,2026-07-23T19:06,Synthetic Demo Data
REQ003174,613050,Somanahalli,Bangalore,KARNATAKA,Drainage,Drainage overflows during heavy rain and causes waterlogging near the school.,English,High,2026-08-09T18:33,Synthetic Demo Data
REQ003175,613050,Somanahalli,Bangalore,KARNATAKA,Healthcare,The village needs easier access to primary healthcare center.,English,High,2026-07-02T10:34,Synthetic Demo Data
REQ003176,613050,Somanahalli,Bangalore,KARNATAKA,Road,The main approach road near the village is damaged and difficult to use.,English,High,2026-07-20T07:02,Synthetic Demo Data
REQ003177,613050,Somanahalli,Bangalore,KARNATAKA,Digital Connectivity,People are requesting a local digital service facility (Bapuji Seva Kendra).,English,Medium,2026-08-23T10:04,Synthetic Demo Data
REQ003178,613050,Somanahalli,Bangalore,KARNATAKA,Education,ಗ್ರಾಮದ ಶಾಲಾ ಆವರಣ ಹಾಗೂ ಆಟದ ಮೈದಾನ ದುರಸ್ತಿ ಮಾಡಬೇಕಾಗಿದೆ.,Kannada,Medium,2026-07-02T16:29,Synthetic Demo Data
REQ003179,613050,Somanahalli,Bangalore,KARNATAKA,Healthcare,ನಮ್ಮ ಗ್ರಾಮಕ್ಕೆ ಪ್ರಾಥಮಿಕ ಆರೋಗ್ಯ ಕೇಂದ್ರದ ಸುಲಭ ಪ್ರವೇಶ ಬೇಕಾಗಿದೆ.,Kannada,High,2026-08-01T10:21,Synthetic Demo Data
REQ003180,613050,Somanahalli,Bangalore,KARNATAKA,Banking,People are requesting easier access to ATM or banking kiosk services.,English,High,2026-08-29T12:39,Synthetic Demo Data
REQ003181,613050,Somanahalli,Bangalore,KARNATAKA,Healthcare,ನಮ್ಮ ಗ್ರಾಮಕ್ಕೆ ಪ್ರಾಥಮಿಕ ಆರೋಗ್ಯ ಕೇಂದ್ರದ ಸುಲಭ ಪ್ರವೇಶ ಬೇಕಾಗಿದೆ.,Kannada,Medium,2026-07-22T11:05,Synthetic Demo Data
REQ003182,613050,Somanahalli,Bangalore,KARNATAKA,Drainage,ಚರಂಡಿ ಕೊರತೆಯಿಂದ ನೀರು ನಿಂತು ಸೊಳ್ಳೆಗಳ ಕಾಟ ಹೆಚ್ಚಾಗಿದೆ.,Kannada,Medium,2026-09-04T21:56,Synthetic Demo Data
REQ003183,613050,Somanahalli,Bangalore,KARNATAKA,Water,ಬೇಸಿಗೆಯಲ್ಲಿ ಶುದ್ಧ ಕುಡಿಯುವ ನೀರಿನ ಕೊರತೆ ಎದುರಾಗುತ್ತಿದೆ.,Kannada,High,2026-07-04T14:20,Synthetic Demo Data
REQ003184,613050,Somanahalli,Bangalore,KARNATAKA,Banking,The village needs better access to banking facilities and loan services.,English,Medium,2026-07-15T21:07,Synthetic Demo Data
REQ003185,613050,Somanahalli,Bangalore,KARNATAKA,Education,ಬಸ್ ಕೊರತೆಯಿಂದ ವಿದ್ಯಾರ್ಥಿಗಳಿಗೆ ಪ್ರೌಢಶಾಲೆಗೆ ಹೋಗಲು ತೊಂದರೆಯಾಗಿದೆ.,Kannada,Medium,2026-07-01T20:16,Synthetic Demo Data
REQ003186,613050,Somanahalli,Bangalore,KARNATAKA,Waste Management,ಕಸವನ್ನು ನಿಯಮಿತವಾಗಿ ವಿಲೇವಾರಿ ಮಾಡಲಾಗುತ್ತಿಲ್ಲ.,Kannada,Low,2026-08-08T15:54,Synthetic Demo Data
REQ003187,613050,Somanahalli,Bangalore,KARNATAKA,Electricity,People are requesting more reliable power supply without frequent cuts.,English,Medium,2026-07-12T18:00,Synthetic Demo Data
REQ003188,613050,Somanahalli,Bangalore,KARNATAKA,Drainage,ವಸತಿ ಪ್ರದೇಶದ ಬಳಿ ಕಾಂಕ್ರೀಟ್ ಮುಚ್ಚಿದ ಚರಂಡಿ ನಿರ್ಮಿಸಲು ವಿನಂತಿ.,Kannada,High,2026-07-11T10:46,Synthetic Demo Data
REQ003189,613050,Somanahalli,Bangalore,KARNATAKA,Banking,People are requesting easier access to ATM or banking kiosk services.,English,Medium,2026-08-09T20:51,Synthetic Demo Data
REQ003190,613050,Somanahalli,Bangalore,KARNATAKA,Banking,The village needs better access to banking facilities and loan services.,English,Medium,2026-07-27T11:26,Synthetic Demo Data
REQ003191,613050,Somanahalli,Bangalore,KARNATAKA,Digital Connectivity,ಗ್ರಾಮ ಪಂಚಾಯತ್ ವ್ಯಾಪ್ತಿಯಲ್ಲಿ ಬಾಪೂಜಿ ಸೇವಾ ಕೇಂದ್ರ / ಡಿಜಿಟಲ್ ಕೇಂದ್ರ ಬೇಕು.,Kannada,High,2026-07-17T21:26,Synthetic Demo Data
REQ003192,613050,Somanahalli,Bangalore,KARNATAKA,Drainage,ಚರಂಡಿ ಕೊರತೆಯಿಂದ ನೀರು ನಿಂತು ಸೊಳ್ಳೆಗಳ ಕಾಟ ಹೆಚ್ಚಾಗಿದೆ.,Kannada,Medium,2026-07-04T10:17,Synthetic Demo Data
REQ003193,613050,Somanahalli,Bangalore,KARNATAKA,Banking,The village needs better access to banking facilities and loan services.,English,Medium,2026-08-14T09:24,Synthetic Demo Data
REQ003194,613050,Somanahalli,Bangalore,KARNATAKA,Water,ಮೇಲ್ಭಾಗದ ಬಡಾವಣೆಗಳಿಗೆ ನೀರಿನ ಸರಬರಾಜು ಒತ್ತಡ ಸಾಲುತ್ತಿಲ್ಲ.,Kannada,Medium,2026-08-10T08:10,Synthetic Demo Data
REQ003195,613050,Somanahalli,Bangalore,KARNATAKA,Electricity,ವೋಲ್ಟೇಜ್ ಏರಿಳಿತದಿಂದ ಪಂಪ್‌ಸೆಟ್‌ಗಳಿಗೆ ತೊಂದರೆಯಾಗುತ್ತಿದೆ.,Kannada,Low,2026-08-06T19:16,Synthetic Demo Data
REQ003196,613050,Somanahalli,Bangalore,KARNATAKA,Healthcare,ಸ್ಥಳೀಯ ಆರೋಗ್ಯ ಸೇವೆಗಳು ಮತ್ತು ಔಷಧಿಗಳ ಲಭ್ಯತೆಯನ್ನು ಸುಧಾರಿಸಲು ವಿನಂತಿ.,Kannada,Medium,2026-07-17T12:29,Synthetic Demo Data
REQ003197,613050,Somanahalli,Bangalore,KARNATAKA,Road,ಗ್ರಾಮದ ಮುಖ್ಯ ರಸ್ತೆ ಹಾಳಾಗಿದ್ದು ಸಂಚಾರಕ್ಕೆ ತೊಂದರೆಯಾಗಿದೆ.,Kannada,Medium,2026-08-04T15:29,Synthetic Demo Data
REQ003198,613050,Somanahalli,Bangalore,KARNATAKA,Waste Management,ಕಸವನ್ನು ನಿಯಮಿತವಾಗಿ ವಿಲೇವಾರಿ ಮಾಡಲಾಗುತ್ತಿಲ್ಲ.,Kannada,Medium,2026-09-10T08:36,Synthetic Demo Data
REQ003199,613050,Somanahalli,Bangalore,KARNATAKA,Drainage,ಚರಂಡಿ ಕೊರತೆಯಿಂದ ನೀರು ನಿಂತು ಸೊಳ್ಳೆಗಳ ಕಾಟ ಹೆಚ್ಚಾಗಿದೆ.,Kannada,Medium,2026-09-11T10:05,Synthetic Demo Data
REQ003200,613050,Somanahalli,Bangalore,KARNATAKA,Healthcare,ಸಂಜೆ 5 ರ ನಂತರ ಸಮೀಪದ ಆರೋಗ್ಯ ಕೇಂದ್ರಕ್ಕೆ ಹೋಗಲು ಕಷ್ಟವಾಗುತ್ತಿದೆ.,Kannada,Medium,2026-09-06T12:25,Synthetic Demo Data
REQ003201,613050,Somanahalli,Bangalore,KARNATAKA,Digital Connectivity,People are requesting a local digital service facility (Bapuji Seva Kendra).,English,Low,2026-08-11T13:17,Synthetic Demo Data
REQ003202,613050,Somanahalli,Bangalore,KARNATAKA,Education,ಸ್ಥಳೀಯ ಸರ್ಕಾರಿ ಶಾಲೆಯಲ್ಲಿ ಕಂಪ್ಯೂಟರ್ ಹಾಗೂ ಶೌಚಾಲಯ ಸೌಲಭ್ಯ ಕಲ್ಪಿಸಲು ಮನವಿ.,Kannada,Medium,2026-07-06T11:07,Synthetic Demo Data
REQ003203,613056,Doddanagamangala,Bangalore,KARNATAKA,Waste Management,गांव में कचरा समय पर नहीं उठाया जा रहा है।,Hindi,High,2026-08-25T11:09,Synthetic Demo Data
REQ003204,613056,Doddanagamangala,Bangalore,KARNATAKA,Public Transport,ಬೆಳಿಗ್ಗೆ ಮತ್ತು ಸಂಜೆ ವೇಳೆಯಲ್ಲಿ ಹೆಚ್ಚಿನ ಬಸ್ ಸಂಚಾರ ಬೇಕಾಗಿದೆ.,Kannada,Low,2026-07-26T21:43,Synthetic Demo Data
REQ003205,613056,Doddanagamangala,Bangalore,KARNATAKA,Banking,ಎಟಿಎಂ ಅಥವಾ ಗ್ರಾಮ ಬ್ಯಾಂಕಿಂಗ್ ಸೇವೆ ಒದಗಿಸಲು ಸಾರ್ವಜನಿಕರ ಮನವಿ.,Kannada,Medium,2026-08-12T06:56,Synthetic Demo Data
REQ003206,613056,Doddanagamangala,Bangalore,KARNATAKA,Waste Management,ಕಸವನ್ನು ನಿಯಮಿತವಾಗಿ ವಿಲೇವಾರಿ ಮಾಡಲಾಗುತ್ತಿಲ್ಲ.,Kannada,High,2026-09-09T18:15,Synthetic Demo Data
REQ003207,613056,Doddanagamangala,Bangalore,KARNATAKA,Electricity,Residents report voltage fluctuations affecting agriculture pump sets.,English,Medium,2026-09-14T09:39,Synthetic Demo Data
REQ003208,613056,Doddanagamangala,Bangalore,KARNATAKA,Water,ಮೇಲ್ಭಾಗದ ಬಡಾವಣೆಗಳಿಗೆ ನೀರಿನ ಸರಬರಾಜು ಒತ್ತಡ ಸಾಲುತ್ತಿಲ್ಲ.,Kannada,Medium,2026-09-11T08:07,Synthetic Demo Data
REQ003209,613056,Doddanagamangala,Bangalore,KARNATAKA,Road,ಗ್ರಾಮದ ಮುಖ್ಯ ರಸ್ತೆ ಹಾಳಾಗಿದ್ದು ಸಂಚಾರಕ್ಕೆ ತೊಂದರೆಯಾಗಿದೆ.,Kannada,High,2026-07-12T18:36,Synthetic Demo Data
REQ003210,613056,Doddanagamangala,Bangalore,KARNATAKA,Electricity,People are requesting more reliable power supply without frequent cuts.,English,High,2026-09-02T12:59,Synthetic Demo Data
REQ003211,613056,Doddanagamangala,Bangalore,KARNATAKA,Healthcare,Residents are requesting improved local healthcare access and medicine availability.,English,Medium,2026-09-12T20:47,Synthetic Demo Data
REQ003212,613056,Doddanagamangala,Bangalore,KARNATAKA,Public Transport,ಬೆಳಿಗ್ಗೆ ಮತ್ತು ಸಂಜೆ ವೇಳೆಯಲ್ಲಿ ಹೆಚ್ಚಿನ ಬಸ್ ಸಂಚಾರ ಬೇಕಾಗಿದೆ.,Kannada,Medium,2026-08-13T15:34,Synthetic Demo Data
REQ003213,613056,Doddanagamangala,Bangalore,KARNATAKA,Banking,गांव में एटीएम या बैंकिंग सुविधा उपलब्ध कराई जाए।,Hindi,Medium,2026-08-03T18:15,Synthetic Demo Data
REQ003214,613056,Doddanagamangala,Bangalore,KARNATAKA,Water,ಮೇಲ್ಭಾಗದ ಬಡಾವಣೆಗಳಿಗೆ ನೀರಿನ ಸರಬರಾಜು ಒತ್ತಡ ಸಾಲುತ್ತಿಲ್ಲ.,Kannada,Low,2026-09-14T14:43,Synthetic Demo Data
REQ003215,613056,Doddanagamangala,Bangalore,KARNATAKA,Waste Management,ಕಸವನ್ನು ನಿಯಮಿತವಾಗಿ ವಿಲೇವಾರಿ ಮಾಡಲಾಗುತ್ತಿಲ್ಲ.,Kannada,Medium,2026-08-01T20:05,Synthetic Demo Data
REQ003216,613056,Doddanagamangala,Bangalore,KARNATAKA,Banking,ಎಟಿಎಂ ಅಥವಾ ಗ್ರಾಮ ಬ್ಯಾಂಕಿಂಗ್ ಸೇವೆ ಒದಗಿಸಲು ಸಾರ್ವಜನಿಕರ ಮನವಿ.,Kannada,High,2026-09-16T17:44,Synthetic Demo Data
REQ003217,613056,Doddanagamangala,Bangalore,KARNATAKA,Road,ಮಳೆಗಾಲದಲ್ಲಿ ರಸ್ತೆಯಲ್ಲಿ ನೀರು ನಿಂತು ವಾಹನ ಚಾಲನೆ ಕಷ್ಟವಾಗುತ್ತದೆ.,Kannada,Low,2026-08-09T10:01,Synthetic Demo Data
REQ003218,613056,Doddanagamangala,Bangalore,KARNATAKA,Waste Management,ಮನೆ ಮನೆಗೆ ತೆರಳಿ ಕಸ ಸಂಗ್ರಹಿಸುವ ವ್ಯವಸ್ಥೆ ಬೇಕು ಎಂದು ನಿವಾಸಿಗಳು ಕೋರುತ್ತಿದ್ದಾರೆ.,Kannada,High,2026-08-16T12:20,Synthetic Demo Data
REQ003219,613056,Doddanagamangala,Bangalore,KARNATAKA,Electricity,ವೋಲ್ಟೇಜ್ ಏರಿಳಿತದಿಂದ ಪಂಪ್‌ಸೆಟ್‌ಗಳಿಗೆ ತೊಂದರೆಯಾಗುತ್ತಿದೆ.,Kannada,High,2026-08-11T18:36,Synthetic Demo Data
REQ003220,613056,Doddanagamangala,Bangalore,KARNATAKA,Digital Connectivity,ಗ್ರಾಮದ ಒಳಭಾಗದಲ್ಲಿ ಮೊಬೈಲ್ ನೆಟ್‌ವರ್ಕ್ ಸಿಗುತ್ತಿಲ್ಲ.,Kannada,Low,2026-08-04T18:27,Synthetic Demo Data
REQ003221,613056,Doddanagamangala,Bangalore,KARNATAKA,Healthcare,The village needs easier access to primary healthcare center.,English,High,2026-07-18T14:56,Synthetic Demo Data
REQ003222,613056,Doddanagamangala,Bangalore,KARNATAKA,Digital Connectivity,ಗ್ರಾಮ ಪಂಚಾಯತ್ ವ್ಯಾಪ್ತಿಯಲ್ಲಿ ಬಾಪೂಜಿ ಸೇವಾ ಕೇಂದ್ರ / ಡಿಜಿಟಲ್ ಕೇಂದ್ರ ಬೇಕು.,Kannada,Medium,2026-09-08T08:44,Synthetic Demo Data
REQ003223,613056,Doddanagamangala,Bangalore,KARNATAKA,Education,The village needs improved educational facilities and playground repair.,English,High,2026-08-27T15:00,Synthetic Demo Data
REQ003224,613056,Doddanagamangala,Bangalore,KARNATAKA,Drainage,Drainage overflows during heavy rain and causes waterlogging near the school.,English,High,2026-08-14T08:31,Synthetic Demo Data
REQ003225,613056,Doddanagamangala,Bangalore,KARNATAKA,Road,ಗ್ರಾಮದ ಮುಖ್ಯ ರಸ್ತೆ ಹಾಳಾಗಿದ್ದು ಸಂಚಾರಕ್ಕೆ ತೊಂದರೆಯಾಗಿದೆ.,Kannada,Medium,2026-08-15T12:26,Synthetic Demo Data
REQ003226,613056,Doddanagamangala,Bangalore,KARNATAKA,Healthcare,प्राथमिक स्वास्थ्य केंद्र में बेहतर सुविधाओं की आवश्यकता है।,Hindi,High,2026-08-28T06:00,Synthetic Demo Data
REQ003227,613056,Doddanagamangala,Bangalore,KARNATAKA,Road,ಗ್ರಾಮದ ಮುಖ್ಯ ರಸ್ತೆ ಹಾಳಾಗಿದ್ದು ಸಂಚಾರಕ್ಕೆ ತೊಂದರೆಯಾಗಿದೆ.,Kannada,Low,2026-09-10T10:35,Synthetic Demo Data
REQ003228,613056,Doddanagamangala,Bangalore,KARNATAKA,Public Transport,ಬೆಳಿಗ್ಗೆ ಮತ್ತು ಸಂಜೆ ವೇಳೆಯಲ್ಲಿ ಹೆಚ್ಚಿನ ಬಸ್ ಸಂಚಾರ ಬೇಕಾಗಿದೆ.,Kannada,Medium,2026-07-09T11:50,Synthetic Demo Data
REQ003229,613056,Doddanagamangala,Bangalore,KARNATAKA,Digital Connectivity,ಗ್ರಾಮದ ಒಳಭಾಗದಲ್ಲಿ ಮೊಬೈಲ್ ನೆಟ್‌ವರ್ಕ್ ಸಿಗುತ್ತಿಲ್ಲ.,Kannada,High,2026-08-20T09:56,Synthetic Demo Data
REQ003230,613056,Doddanagamangala,Bangalore,KARNATAKA,Water,ಬೇಸಿಗೆಯಲ್ಲಿ ಶುದ್ಧ ಕುಡಿಯುವ ನೀರಿನ ಕೊರತೆ ಎದುರಾಗುತ್ತಿದೆ.,Kannada,High,2026-08-03T19:26,Synthetic Demo Data
REQ003231,613056,Doddanagamangala,Bangalore,KARNATAKA,Water,ಮೇಲ್ಭಾಗದ ಬಡಾವಣೆಗಳಿಗೆ ನೀರಿನ ಸರಬರಾಜು ಒತ್ತಡ ಸಾಲುತ್ತಿಲ್ಲ.,Kannada,High,2026-07-19T20:05,Synthetic Demo Data
REQ003232,613056,Doddanagamangala,Bangalore,KARNATAKA,Water,Water supply pressure is insufficient for residents on higher lanes.,English,Low,2026-07-26T10:36,Synthetic Demo Data
REQ003233,613056,Doddanagamangala,Bangalore,KARNATAKA,Electricity,Residents report voltage fluctuations affecting agriculture pump sets.,English,High,2026-07-12T10:01,Synthetic Demo Data
REQ003234,613056,Doddanagamangala,Bangalore,KARNATAKA,Public Transport,ವಿಶ್ವಾಸಾರ್ಹ ಸಾರಿಗೆ ಬಸ್ ಸೇವೆಗಳನ್ನು ಹೆಚ್ಚಿಸಲು ವಿನಂತಿ.,Kannada,Medium,2026-07-02T21:47,Synthetic Demo Data
REQ003235,613056,Doddanagamangala,Bangalore,KARNATAKA,Healthcare,The village needs easier access to primary healthcare center.,English,Low,2026-08-03T15:24,Synthetic Demo Data
REQ003236,613056,Doddanagamangala,Bangalore,KARNATAKA,Public Transport,बस सेवा बढ़ाने का अनुरोध किया गया है।,Hindi,Medium,2026-07-19T20:26,Synthetic Demo Data
REQ003237,613056,Doddanagamangala,Bangalore,KARNATAKA,Banking,The village needs better access to banking facilities and loan services.,English,Medium,2026-07-04T09:39,Synthetic Demo Data
REQ003238,613056,Doddanagamangala,Bangalore,KARNATAKA,Drainage,ಚರಂಡಿ ಕೊರತೆಯಿಂದ ನೀರು ನಿಂತು ಸೊಳ್ಳೆಗಳ ಕಾಟ ಹೆಚ್ಚಾಗಿದೆ.,Kannada,Medium,2026-07-27T15:31,Synthetic Demo Data
REQ003239,613056,Doddanagamangala,Bangalore,KARNATAKA,Banking,ಗ್ರಾಮದಲ್ಲಿ ಬ್ಯಾಂಕ್ ಸೇವೆಗಳು ಮತ್ತು ಸಾಲ ಸೌಲಭ್ಯಗಳು ಸುಲಭವಾಗಿ ಸಿಗುತ್ತಿಲ್ಲ.,Kannada,Medium,2026-08-23T08:31,Synthetic Demo Data
REQ003240,613056,Doddanagamangala,Bangalore,KARNATAKA,Banking,ಎಟಿಎಂ ಅಥವಾ ಗ್ರಾಮ ಬ್ಯಾಂಕಿಂಗ್ ಸೇವೆ ಒದಗಿಸಲು ಸಾರ್ವಜನಿಕರ ಮನವಿ.,Kannada,Low,2026-07-13T10:52,Synthetic Demo Data
REQ003241,613056,Doddanagamangala,Bangalore,KARNATAKA,Healthcare,प्राथमिक स्वास्थ्य केंद्र में बेहतर सुविधाओं की आवश्यकता है।,Hindi,Medium,2026-07-01T18:54,Synthetic Demo Data
REQ003242,613056,Doddanagamangala,Bangalore,KARNATAKA,Healthcare,Residents have limited access to a nearby health facility after 5 PM.,English,Low,2026-08-21T10:54,Synthetic Demo Data
REQ003243,613056,Doddanagamangala,Bangalore,KARNATAKA,Drainage,नालियों में पानी भर जाने से जलभराव हो रहा है।,Hindi,Low,2026-08-22T20:32,Synthetic Demo Data
REQ003244,613056,Doddanagamangala,Bangalore,KARNATAKA,Banking,"ಬ್ಯಾಂಕಿಂಗ್ ಸೇವೆಗೆ 10 ಕಿ.ಮೀ ದೂರ ಹೋಗಬೇಕಾಗಿದ್ದು, ಸ್ಥಳೀಯ ಕಿಯೋಸ್ಕ್ ಅಗತ್ಯವಿದೆ.",Kannada,High,2026-08-29T08:42,Synthetic Demo Data
REQ003245,613056,Doddanagamangala,Bangalore,KARNATAKA,Waste Management,ಕಸವನ್ನು ನಿಯಮಿತವಾಗಿ ವಿಲೇವಾರಿ ಮಾಡಲಾಗುತ್ತಿಲ್ಲ.,Kannada,Medium,2026-07-05T19:59,Synthetic Demo Data
REQ003246,613076,Rampura,Bangalore,KARNATAKA,Drainage,ವಸತಿ ಪ್ರದೇಶದ ಬಳಿ ಕಾಂಕ್ರೀಟ್ ಮುಚ್ಚಿದ ಚರಂಡಿ ನಿರ್ಮಿಸಲು ವಿನಂತಿ.,Kannada,Medium,2026-08-08T10:08,Synthetic Demo Data
REQ003247,613076,Rampura,Bangalore,KARNATAKA,Waste Management,Garbage is not being collected regularly in residential lanes.,English,High,2026-08-09T19:56,Synthetic Demo Data
REQ003248,613076,Rampura,Bangalore,KARNATAKA,Public Transport,ಬೆಳಿಗ್ಗೆ ಮತ್ತು ಸಂಜೆ ವೇಳೆಯಲ್ಲಿ ಹೆಚ್ಚಿನ ಬಸ್ ಸಂಚಾರ ಬೇಕಾಗಿದೆ.,Kannada,Low,2026-07-20T08:21,Synthetic Demo Data
REQ003249,613076,Rampura,Bangalore,KARNATAKA,Electricity,ವೋಲ್ಟೇಜ್ ಏರಿಳಿತದಿಂದ ಪಂಪ್‌ಸೆಟ್‌ಗಳಿಗೆ ತೊಂದರೆಯಾಗುತ್ತಿದೆ.,Kannada,Medium,2026-08-15T11:22,Synthetic Demo Data
REQ003250,613076,Rampura,Bangalore,KARNATAKA,Waste Management,Garbage is not being collected regularly in residential lanes.,English,Low,2026-08-05T15:41,Synthetic Demo Data
REQ003251,613076,Rampura,Bangalore,KARNATAKA,Electricity,People are requesting more reliable power supply without frequent cuts.,English,Medium,2026-09-17T21:49,Synthetic Demo Data
REQ003252,613076,Rampura,Bangalore,KARNATAKA,Waste Management,Residents are requesting a better door-to-door waste collection system.,English,High,2026-08-01T06:54,Synthetic Demo Data
REQ003253,613076,Rampura,Bangalore,KARNATAKA,Digital Connectivity,ಗ್ರಾಮ ಪಂಚಾಯತ್ ವ್ಯಾಪ್ತಿಯಲ್ಲಿ ಬಾಪೂಜಿ ಸೇವಾ ಕೇಂದ್ರ / ಡಿಜಿಟಲ್ ಕೇಂದ್ರ ಬೇಕು.,Kannada,High,2026-09-14T15:32,Synthetic Demo Data
REQ003254,613076,Rampura,Bangalore,KARNATAKA,Banking,ಎಟಿಎಂ ಅಥವಾ ಗ್ರಾಮ ಬ್ಯಾಂಕಿಂಗ್ ಸೇವೆ ಒದಗಿಸಲು ಸಾರ್ವಜನಿಕರ ಮನವಿ.,Kannada,Medium,2026-09-06T14:37,Synthetic Demo Data
REQ003255,613076,Rampura,Bangalore,KARNATAKA,Electricity,ವೋಲ್ಟೇಜ್ ಏರಿಳಿತದಿಂದ ಪಂಪ್‌ಸೆಟ್‌ಗಳಿಗೆ ತೊಂದರೆಯಾಗುತ್ತಿದೆ.,Kannada,Medium,2026-07-03T17:54,Synthetic Demo Data
REQ003256,613076,Rampura,Bangalore,KARNATAKA,Drainage,ಭಾರೀ ಮಳೆಯಾದಾಗ ಚರಂಡಿ ಉಕ್ಕಿ ಶಾಲೆ ಬಳಿ ನೀರು ನಿಲ್ಲುತ್ತದೆ.,Kannada,High,2026-07-21T17:19,Synthetic Demo Data
REQ003257,613076,Rampura,Bangalore,KARNATAKA,Waste Management,Garbage is not being collected regularly in residential lanes.,English,Low,2026-07-24T13:55,Synthetic Demo Data
REQ003258,613076,Rampura,Bangalore,KARNATAKA,Water,Residents report difficulty getting reliable drinking water in summer.,English,High,2026-09-06T19:00,Synthetic Demo Data
REQ003259,613076,Rampura,Bangalore,KARNATAKA,Electricity,ಪದೇ ಪದೇ ವಿದ್ಯುತ್ ಕಡಿತವಾಗದಂತೆ ನಿರಂತರ ವಿದ್ಯುತ್ ನೀಡಲು ವಿನಂತಿ.,Kannada,High,2026-09-03T18:03,Synthetic Demo Data
REQ003260,613076,Rampura,Bangalore,KARNATAKA,Banking,ಎಟಿಎಂ ಅಥವಾ ಗ್ರಾಮ ಬ್ಯಾಂಕಿಂಗ್ ಸೇವೆ ಒದಗಿಸಲು ಸಾರ್ವಜನಿಕರ ಮನವಿ.,Kannada,Low,2026-07-26T09:38,Synthetic Demo Data
REQ003261,613076,Rampura,Bangalore,KARNATAKA,Healthcare,Residents are requesting improved local healthcare access and medicine availability.,English,Medium,2026-07-07T08:05,Synthetic Demo Data
REQ003262,613076,Rampura,Bangalore,KARNATAKA,Electricity,ಪದೇ ಪದೇ ವಿದ್ಯುತ್ ಕಡಿತವಾಗದಂತೆ ನಿರಂತರ ವಿದ್ಯುತ್ ನೀಡಲು ವಿನಂತಿ.,Kannada,High,2026-08-30T09:15,Synthetic Demo Data
REQ003263,613076,Rampura,Bangalore,KARNATAKA,Drainage,Residents are requesting proper concrete covered drainage near residential areas.,English,High,2026-08-29T19:02,Synthetic Demo Data
REQ003264,613076,Rampura,Bangalore,KARNATAKA,Electricity,ಗ್ರಾಮದ ಪ್ರಮುಖ ರಸ್ತೆಗಳಲ್ಲಿ ಬೀದಿದೀಪಗಳ ಸೌಲಭ್ಯ ಕಲ್ಪಿಸಬೇಕಾಗಿದೆ.,Kannada,Medium,2026-07-20T17:43,Synthetic Demo Data
REQ003265,613076,Rampura,Bangalore,KARNATAKA,Public Transport,बस सेवा बढ़ाने का अनुरोध किया गया है।,Hindi,Medium,2026-08-03T09:37,Synthetic Demo Data
REQ003266,613076,Rampura,Bangalore,KARNATAKA,Digital Connectivity,The village needs better mobile network coverage in interior areas.,English,Medium,2026-09-06T16:55,Synthetic Demo Data
REQ003267,613076,Rampura,Bangalore,KARNATAKA,Road,ಗ್ರಾಮದ ಮುಖ್ಯ ರಸ್ತೆ ಹಾಳಾಗಿದ್ದು ಸಂಚಾರಕ್ಕೆ ತೊಂದರೆಯಾಗಿದೆ.,Kannada,High,2026-08-26T16:14,Synthetic Demo Data
REQ003268,613076,Rampura,Bangalore,KARNATAKA,Road,ಗ್ರಾಮದ ಮುಖ್ಯ ರಸ್ತೆ ಹಾಳಾಗಿದ್ದು ಸಂಚಾರಕ್ಕೆ ತೊಂದರೆಯಾಗಿದೆ.,Kannada,High,2026-07-22T20:33,Synthetic Demo Data
REQ003269,613076,Rampura,Bangalore,KARNATAKA,Public Transport,ಮೆಟ್ರೋ ನಿಲ್ದಾಣಕ್ಕೆ ನೇರ ಬಸ್ ಸಂಪರ್ಕ ಕಲ್ಪಿಸಲು ಗ್ರಾಮಸ್ಥರ ಕೋರಿಕೆ.,Kannada,Medium,2026-07-08T13:29,Synthetic Demo Data
REQ003270,613076,Rampura,Bangalore,KARNATAKA,Drainage,ಚರಂಡಿ ಕೊರತೆಯಿಂದ ನೀರು ನಿಂತು ಸೊಳ್ಳೆಗಳ ಕಾಟ ಹೆಚ್ಚಾಗಿದೆ.,Kannada,High,2026-09-04T09:49,Synthetic Demo Data
REQ003271,613076,Rampura,Bangalore,KARNATAKA,Education,स्कूल में बेहतर सुविधाओं और शिक्षकों की मांग है।,Hindi,High,2026-07-26T18:16,Synthetic Demo Data
REQ003272,613076,Rampura,Bangalore,KARNATAKA,Healthcare,Residents are requesting improved local healthcare access and medicine availability.,English,High,2026-08-13T13:02,Synthetic Demo Data
REQ003273,613083,Bidarahalli,Bangalore,KARNATAKA,Healthcare,ನಮ್ಮ ಗ್ರಾಮಕ್ಕೆ ಪ್ರಾಥಮಿಕ ಆರೋಗ್ಯ ಕೇಂದ್ರದ ಸುಲಭ ಪ್ರವೇಶ ಬೇಕಾಗಿದೆ.,Kannada,Low,2026-07-01T11:51,Synthetic Demo Data
REQ003274,613083,Bidarahalli,Bangalore,KARNATAKA,Waste Management,ಮನೆ ಮನೆಗೆ ತೆರಳಿ ಕಸ ಸಂಗ್ರಹಿಸುವ ವ್ಯವಸ್ಥೆ ಬೇಕು ಎಂದು ನಿವಾಸಿಗಳು ಕೋರುತ್ತಿದ್ದಾರೆ.,Kannada,Medium,2026-08-16T17:29,Synthetic Demo Data
REQ003275,613083,Bidarahalli,Bangalore,KARNATAKA,Banking,ಎಟಿಎಂ ಅಥವಾ ಗ್ರಾಮ ಬ್ಯಾಂಕಿಂಗ್ ಸೇವೆ ಒದಗಿಸಲು ಸಾರ್ವಜನಿಕರ ಮನವಿ.,Kannada,High,2026-08-02T15:12,Synthetic Demo Data
REQ003276,613083,Bidarahalli,Bangalore,KARNATAKA,Electricity,ವೋಲ್ಟೇಜ್ ಏರಿಳಿತದಿಂದ ಪಂಪ್‌ಸೆಟ್‌ಗಳಿಗೆ ತೊಂದರೆಯಾಗುತ್ತಿದೆ.,Kannada,Low,2026-07-21T09:25,Synthetic Demo Data
REQ003277,613083,Bidarahalli,Bangalore,KARNATAKA,Education,Residents are requesting better facilities and computers in the local school.,English,Medium,2026-08-18T17:54,Synthetic Demo Data
REQ003278,613083,Bidarahalli,Bangalore,KARNATAKA,Healthcare,ಸಂಜೆ 5 ರ ನಂತರ ಸಮೀಪದ ಆರೋಗ್ಯ ಕೇಂದ್ರಕ್ಕೆ ಹೋಗಲು ಕಷ್ಟವಾಗುತ್ತಿದೆ.,Kannada,High,2026-08-26T17:04,Synthetic Demo Data
REQ003279,613083,Bidarahalli,Bangalore,KARNATAKA,Healthcare,The village needs easier access to primary healthcare center.,English,Medium,2026-08-16T10:05,Synthetic Demo Data
REQ003280,613083,Bidarahalli,Bangalore,KARNATAKA,Road,Residents are requesting improvement of road connectivity to the taluk center.,English,Low,2026-07-19T18:04,Synthetic Demo Data
REQ003281,613083,Bidarahalli,Bangalore,KARNATAKA,Water,Residents report difficulty getting reliable drinking water in summer.,English,High,2026-07-06T14:57,Synthetic Demo Data
REQ003282,613083,Bidarahalli,Bangalore,KARNATAKA,Electricity,ಪದೇ ಪದೇ ವಿದ್ಯುತ್ ಕಡಿತವಾಗದಂತೆ ನಿರಂತರ ವಿದ್ಯುತ್ ನೀಡಲು ವಿನಂತಿ.,Kannada,Medium,2026-07-15T13:36,Synthetic Demo Data
REQ003283,613083,Bidarahalli,Bangalore,KARNATAKA,Drainage,ಚರಂಡಿ ಕೊರತೆಯಿಂದ ನೀರು ನಿಂತು ಸೊಳ್ಳೆಗಳ ಕಾಟ ಹೆಚ್ಚಾಗಿದೆ.,Kannada,Medium,2026-07-29T06:00,Synthetic Demo Data
REQ003284,613083,Bidarahalli,Bangalore,KARNATAKA,Waste Management,ವಸತಿ ಪ್ರದೇಶಗಳ ಬಳಿ ಕಸ ಶೇಖರಣೆಯಾಗುತ್ತಿದೆ.,Kannada,Medium,2026-07-10T06:20,Synthetic Demo Data
REQ003285,613083,Bidarahalli,Bangalore,KARNATAKA,Banking,ಎಟಿಎಂ ಅಥವಾ ಗ್ರಾಮ ಬ್ಯಾಂಕಿಂಗ್ ಸೇವೆ ಒದಗಿಸಲು ಸಾರ್ವಜನಿಕರ ಮನವಿ.,Kannada,Medium,2026-07-10T18:30,Synthetic Demo Data
REQ003286,613083,Bidarahalli,Bangalore,KARNATAKA,Public Transport,People are requesting more reliable BMTC/KSRTC public transport services.,English,Medium,2026-08-19T15:25,Synthetic Demo Data
REQ003287,613083,Bidarahalli,Bangalore,KARNATAKA,Public Transport,ವಿಶ್ವಾಸಾರ್ಹ ಸಾರಿಗೆ ಬಸ್ ಸೇವೆಗಳನ್ನು ಹೆಚ್ಚಿಸಲು ವಿನಂತಿ.,Kannada,Low,2026-09-17T16:14,Synthetic Demo Data
REQ003288,613083,Bidarahalli,Bangalore,KARNATAKA,Waste Management,ಕಸವನ್ನು ನಿಯಮಿತವಾಗಿ ವಿಲೇವಾರಿ ಮಾಡಲಾಗುತ್ತಿಲ್ಲ.,Kannada,High,2026-07-16T14:58,Synthetic Demo Data
REQ003289,613083,Bidarahalli,Bangalore,KARNATAKA,Healthcare,ನಮ್ಮ ಗ್ರಾಮಕ್ಕೆ ಪ್ರಾಥಮಿಕ ಆರೋಗ್ಯ ಕೇಂದ್ರದ ಸುಲಭ ಪ್ರವೇಶ ಬೇಕಾಗಿದೆ.,Kannada,Medium,2026-09-13T19:54,Synthetic Demo Data
REQ003290,613083,Bidarahalli,Bangalore,KARNATAKA,Banking,ಎಟಿಎಂ ಅಥವಾ ಗ್ರಾಮ ಬ್ಯಾಂಕಿಂಗ್ ಸೇವೆ ಒದಗಿಸಲು ಸಾರ್ವಜನಿಕರ ಮನವಿ.,Kannada,Medium,2026-08-11T09:08,Synthetic Demo Data
REQ003291,613083,Bidarahalli,Bangalore,KARNATAKA,Healthcare,ಸಂಜೆ 5 ರ ನಂತರ ಸಮೀಪದ ಆರೋಗ್ಯ ಕೇಂದ್ರಕ್ಕೆ ಹೋಗಲು ಕಷ್ಟವಾಗುತ್ತಿದೆ.,Kannada,Low,2026-08-12T09:08,Synthetic Demo Data
REQ003292,613083,Bidarahalli,Bangalore,KARNATAKA,Waste Management,ಮನೆ ಮನೆಗೆ ತೆರಳಿ ಕಸ ಸಂಗ್ರಹಿಸುವ ವ್ಯವಸ್ಥೆ ಬೇಕು ಎಂದು ನಿವಾಸಿಗಳು ಕೋರುತ್ತಿದ್ದಾರೆ.,Kannada,Medium,2026-07-13T16:23,Synthetic Demo Data
REQ003293,613083,Bidarahalli,Bangalore,KARNATAKA,Waste Management,ಮನೆ ಮನೆಗೆ ತೆರಳಿ ಕಸ ಸಂಗ್ರಹಿಸುವ ವ್ಯವಸ್ಥೆ ಬೇಕು ಎಂದು ನಿವಾಸಿಗಳು ಕೋರುತ್ತಿದ್ದಾರೆ.,Kannada,High,2026-09-15T20:10,Synthetic Demo Data
REQ003294,613083,Bidarahalli,Bangalore,KARNATAKA,Waste Management,ಕಸವನ್ನು ನಿಯಮಿತವಾಗಿ ವಿಲೇವಾರಿ ಮಾಡಲಾಗುತ್ತಿಲ್ಲ.,Kannada,High,2026-08-07T19:48,Synthetic Demo Data
REQ003295,613083,Bidarahalli,Bangalore,KARNATAKA,Public Transport,बस सेवा बढ़ाने का अनुरोध किया गया है।,Hindi,Medium,2026-08-29T20:09,Synthetic Demo Data
REQ003296,613083,Bidarahalli,Bangalore,KARNATAKA,Water,ಬೇಸಿಗೆಯಲ್ಲಿ ಶುದ್ಧ ಕುಡಿಯುವ ನೀರಿನ ಕೊರತೆ ಎದುರಾಗುತ್ತಿದೆ.,Kannada,High,2026-07-27T07:52,Synthetic Demo Data
REQ003297,613083,Bidarahalli,Bangalore,KARNATAKA,Healthcare,ಸಂಜೆ 5 ರ ನಂತರ ಸಮೀಪದ ಆರೋಗ್ಯ ಕೇಂದ್ರಕ್ಕೆ ಹೋಗಲು ಕಷ್ಟವಾಗುತ್ತಿದೆ.,Kannada,Low,2026-08-31T13:30,Synthetic Demo Data
REQ003298,613083,Bidarahalli,Bangalore,KARNATAKA,Digital Connectivity,ಗ್ರಾಮ ಪಂಚಾಯತ್ ವ್ಯಾಪ್ತಿಯಲ್ಲಿ ಬಾಪೂಜಿ ಸೇವಾ ಕೇಂದ್ರ / ಡಿಜಿಟಲ್ ಕೇಂದ್ರ ಬೇಕು.,Kannada,Medium,2026-08-09T13:33,Synthetic Demo Data
REQ003299,613083,Bidarahalli,Bangalore,KARNATAKA,Water,ಗ್ರಾಮಕ್ಕೆ ಶುದ್ಧ ಕುಡಿಯುವ ನೀರಿನ ಆರ್‌ಒ ಘಟಕದ ಅಗತ್ಯವಿದೆ.,Kannada,High,2026-07-10T15:32,Synthetic Demo Data
REQ003300,613101,Avalahalli (East),Bangalore,KARNATAKA,Electricity,The village needs improved electricity infrastructure and street lighting.,English,High,2026-07-07T11:36,Synthetic Demo Data
REQ003301,613101,Avalahalli (East),Bangalore,KARNATAKA,Drainage,ಚರಂಡಿ ಕೊರತೆಯಿಂದ ನೀರು ನಿಂತು ಸೊಳ್ಳೆಗಳ ಕಾಟ ಹೆಚ್ಚಾಗಿದೆ.,Kannada,Medium,2026-08-21T10:57,Synthetic Demo Data
REQ003302,613101,Avalahalli (East),Bangalore,KARNATAKA,Road,Residents are requesting improvement of road connectivity to the taluk center.,English,Low,2026-08-27T19:27,Synthetic Demo Data
REQ003303,613101,Avalahalli (East),Bangalore,KARNATAKA,Waste Management,ಮನೆ ಮನೆಗೆ ತೆರಳಿ ಕಸ ಸಂಗ್ರಹಿಸುವ ವ್ಯವಸ್ಥೆ ಬೇಕು ಎಂದು ನಿವಾಸಿಗಳು ಕೋರುತ್ತಿದ್ದಾರೆ.,Kannada,Low,2026-07-27T10:30,Synthetic Demo Data
REQ003304,613101,Avalahalli (East),Bangalore,KARNATAKA,Banking,Residents have limited access to nearby banking services and have to travel 10 km.,English,High,2026-08-13T12:46,Synthetic Demo Data
REQ003305,613101,Avalahalli (East),Bangalore,KARNATAKA,Healthcare,Residents have limited access to a nearby health facility after 5 PM.,English,Medium,2026-07-18T17:38,Synthetic Demo Data
REQ003306,613101,Avalahalli (East),Bangalore,KARNATAKA,Drainage,Poor drainage is causing stagnant water and mosquito breeding in the village.,English,Medium,2026-08-30T07:26,Synthetic Demo Data
REQ003307,613101,Avalahalli (East),Bangalore,KARNATAKA,Electricity,Residents report voltage fluctuations affecting agriculture pump sets.,English,Medium,2026-09-05T18:37,Synthetic Demo Data
REQ003308,613101,Avalahalli (East),Bangalore,KARNATAKA,Digital Connectivity,ಗ್ರಾಮದ ಒಳಭಾಗದಲ್ಲಿ ಮೊಬೈಲ್ ನೆಟ್‌ವರ್ಕ್ ಸಿಗುತ್ತಿಲ್ಲ.,Kannada,High,2026-08-17T13:16,Synthetic Demo Data
REQ003309,613101,Avalahalli (East),Bangalore,KARNATAKA,Water,Water supply pressure is insufficient for residents on higher lanes.,English,Medium,2026-09-16T10:30,Synthetic Demo Data
REQ003310,613101,Avalahalli (East),Bangalore,KARNATAKA,Waste Management,ಕಸವನ್ನು ನಿಯಮಿತವಾಗಿ ವಿಲೇವಾರಿ ಮಾಡಲಾಗುತ್ತಿಲ್ಲ.,Kannada,Low,2026-08-11T20:27,Synthetic Demo Data
REQ003311,613101,Avalahalli (East),Bangalore,KARNATAKA,Banking,The village needs better access to banking facilities and loan services.,English,High,2026-08-11T19:28,Synthetic Demo Data
REQ003312,613101,Avalahalli (East),Bangalore,KARNATAKA,Water,ಮೇಲ್ಭಾಗದ ಬಡಾವಣೆಗಳಿಗೆ ನೀರಿನ ಸರಬರಾಜು ಒತ್ತಡ ಸಾಲುತ್ತಿಲ್ಲ.,Kannada,Low,2026-09-02T16:22,Synthetic Demo Data
REQ003313,613101,Avalahalli (East),Bangalore,KARNATAKA,Waste Management,ಕಸವನ್ನು ನಿಯಮಿತವಾಗಿ ವಿಲೇವಾರಿ ಮಾಡಲಾಗುತ್ತಿಲ್ಲ.,Kannada,Medium,2026-07-04T13:53,Synthetic Demo Data
REQ003314,613101,Avalahalli (East),Bangalore,KARNATAKA,Public Transport,ಬೆಳಿಗ್ಗೆ ಮತ್ತು ಸಂಜೆ ವೇಳೆಯಲ್ಲಿ ಹೆಚ್ಚಿನ ಬಸ್ ಸಂಚಾರ ಬೇಕಾಗಿದೆ.,Kannada,Medium,2026-08-21T10:29,Synthetic Demo Data
REQ003315,613101,Avalahalli (East),Bangalore,KARNATAKA,Digital Connectivity,ಗ್ರಾಮದ ಒಳಭಾಗದಲ್ಲಿ ಮೊಬೈಲ್ ನೆಟ್‌ವರ್ಕ್ ಸಿಗುತ್ತಿಲ್ಲ.,Kannada,High,2026-07-19T21:06,Synthetic Demo Data
REQ003316,613101,Avalahalli (East),Bangalore,KARNATAKA,Drainage,ಚರಂಡಿ ಕೊರತೆಯಿಂದ ನೀರು ನಿಂತು ಸೊಳ್ಳೆಗಳ ಕಾಟ ಹೆಚ್ಚಾಗಿದೆ.,Kannada,Low,2026-09-01T19:38,Synthetic Demo Data
REQ003317,613101,Avalahalli (East),Bangalore,KARNATAKA,Drainage,ಚರಂಡಿ ಕೊರತೆಯಿಂದ ನೀರು ನಿಂತು ಸೊಳ್ಳೆಗಳ ಕಾಟ ಹೆಚ್ಚಾಗಿದೆ.,Kannada,High,2026-08-07T11:39,Synthetic Demo Data
REQ003318,613101,Avalahalli (East),Bangalore,KARNATAKA,Electricity,ವೋಲ್ಟೇಜ್ ಏರಿಳಿತದಿಂದ ಪಂಪ್‌ಸೆಟ್‌ಗಳಿಗೆ ತೊಂದರೆಯಾಗುತ್ತಿದೆ.,Kannada,High,2026-09-09T18:36,Synthetic Demo Data
REQ003319,613101,Avalahalli (East),Bangalore,KARNATAKA,Healthcare,ನಮ್ಮ ಗ್ರಾಮಕ್ಕೆ ಪ್ರಾಥಮಿಕ ಆರೋಗ್ಯ ಕೇಂದ್ರದ ಸುಲಭ ಪ್ರವೇಶ ಬೇಕಾಗಿದೆ.,Kannada,Low,2026-08-24T06:13,Synthetic Demo Data
REQ003320,613101,Avalahalli (East),Bangalore,KARNATAKA,Education,Students have difficulty accessing nearby secondary education without bus.,English,High,2026-07-24T19:36,Synthetic Demo Data
REQ003321,613101,Avalahalli (East),Bangalore,KARNATAKA,Public Transport,ಮೆಟ್ರೋ ನಿಲ್ದಾಣಕ್ಕೆ ನೇರ ಬಸ್ ಸಂಪರ್ಕ ಕಲ್ಪಿಸಲು ಗ್ರಾಮಸ್ಥರ ಕೋರಿಕೆ.,Kannada,High,2026-08-20T14:31,Synthetic Demo Data
REQ003322,613101,Avalahalli (East),Bangalore,KARNATAKA,Electricity,ಗ್ರಾಮದ ಪ್ರಮುಖ ರಸ್ತೆಗಳಲ್ಲಿ ಬೀದಿದೀಪಗಳ ಸೌಲಭ್ಯ ಕಲ್ಪಿಸಬೇಕಾಗಿದೆ.,Kannada,High,2026-07-10T20:29,Synthetic Demo Data
REQ003323,613101,Avalahalli (East),Bangalore,KARNATAKA,Electricity,People are requesting more reliable power supply without frequent cuts.,English,Low,2026-07-11T18:59,Synthetic Demo Data
REQ003324,613101,Avalahalli (East),Bangalore,KARNATAKA,Waste Management,Garbage is not being collected regularly in residential lanes.,English,Low,2026-07-02T07:18,Synthetic Demo Data
REQ003325,613101,Avalahalli (East),Bangalore,KARNATAKA,Education,ಸ್ಥಳೀಯ ಸರ್ಕಾರಿ ಶಾಲೆಯಲ್ಲಿ ಕಂಪ್ಯೂಟರ್ ಹಾಗೂ ಶೌಚಾಲಯ ಸೌಲಭ್ಯ ಕಲ್ಪಿಸಲು ಮನವಿ.,Kannada,Low,2026-07-24T14:58,Synthetic Demo Data
REQ003326,613101,Avalahalli (East),Bangalore,KARNATAKA,Waste Management,Garbage is not being collected regularly in residential lanes.,English,Low,2026-08-26T11:36,Synthetic Demo Data
REQ003327,613101,Avalahalli (East),Bangalore,KARNATAKA,Waste Management,ಕಸವನ್ನು ನಿಯಮಿತವಾಗಿ ವಿಲೇವಾರಿ ಮಾಡಲಾಗುತ್ತಿಲ್ಲ.,Kannada,Low,2026-07-01T13:36,Synthetic Demo Data
REQ003328,613101,Avalahalli (East),Bangalore,KARNATAKA,Water,ಗ್ರಾಮಕ್ಕೆ ಶುದ್ಧ ಕುಡಿಯುವ ನೀರಿನ ಆರ್‌ಒ ಘಟಕದ ಅಗತ್ಯವಿದೆ.,Kannada,High,2026-07-21T17:39,Synthetic Demo Data
REQ003329,613101,Avalahalli (East),Bangalore,KARNATAKA,Digital Connectivity,The village needs better mobile network coverage in interior areas.,English,High,2026-09-16T13:47,Synthetic Demo Data
REQ003330,613101,Avalahalli (East),Bangalore,KARNATAKA,Education,ಗ್ರಾಮದ ಶಾಲಾ ಆವರಣ ಹಾಗೂ ಆಟದ ಮೈದಾನ ದುರಸ್ತಿ ಮಾಡಬೇಕಾಗಿದೆ.,Kannada,High,2026-09-02T11:34,Synthetic Demo Data
REQ003331,613101,Avalahalli (East),Bangalore,KARNATAKA,Electricity,ಗ್ರಾಮದ ಪ್ರಮುಖ ರಸ್ತೆಗಳಲ್ಲಿ ಬೀದಿದೀಪಗಳ ಸೌಲಭ್ಯ ಕಲ್ಪಿಸಬೇಕಾಗಿದೆ.,Kannada,High,2026-08-19T13:22,Synthetic Demo Data
REQ003332,613101,Avalahalli (East),Bangalore,KARNATAKA,Digital Connectivity,ಗ್ರಾಮದ ಒಳಭಾಗದಲ್ಲಿ ಮೊಬೈಲ್ ನೆಟ್‌ವರ್ಕ್ ಸಿಗುತ್ತಿಲ್ಲ.,Kannada,Low,2026-07-08T10:53,Synthetic Demo Data
REQ003333,613101,Avalahalli (East),Bangalore,KARNATAKA,Road,ತಾಲೂಕು ಕೇಂದ್ರಕ್ಕೆ ಸಂಪರ್ಕ ಕಲ್ಪಿಸುವ ರಸ್ತೆ ಸುಧಾರಣೆಗೆ ಗ್ರಾಮಸ್ಥರ ಮನವಿ.,Kannada,Medium,2026-07-22T20:55,Synthetic Demo Data
REQ003334,613101,Avalahalli (East),Bangalore,KARNATAKA,Drainage,Poor drainage is causing stagnant water and mosquito breeding in the village.,English,Low,2026-09-14T21:16,Synthetic Demo Data
REQ003335,613101,Avalahalli (East),Bangalore,KARNATAKA,Education,Residents are requesting better facilities and computers in the local school.,English,High,2026-07-01T19:19,Synthetic Demo Data
REQ003336,613101,Avalahalli (East),Bangalore,KARNATAKA,Public Transport,ಮೆಟ್ರೋ ನಿಲ್ದಾಣಕ್ಕೆ ನೇರ ಬಸ್ ಸಂಪರ್ಕ ಕಲ್ಪಿಸಲು ಗ್ರಾಮಸ್ಥರ ಕೋರಿಕೆ.,Kannada,Low,2026-08-22T06:10,Synthetic Demo Data
REQ003337,613101,Avalahalli (East),Bangalore,KARNATAKA,Water,ಮೇಲ್ಭಾಗದ ಬಡಾವಣೆಗಳಿಗೆ ನೀರಿನ ಸರಬರಾಜು ಒತ್ತಡ ಸಾಲುತ್ತಿಲ್ಲ.,Kannada,Low,2026-09-11T11:38,Synthetic Demo Data
REQ003338,613101,Avalahalli (East),Bangalore,KARNATAKA,Water,ಬೇಸಿಗೆಯಲ್ಲಿ ಶುದ್ಧ ಕುಡಿಯುವ ನೀರಿನ ಕೊರತೆ ಎದುರಾಗುತ್ತಿದೆ.,Kannada,Low,2026-08-08T13:39,Synthetic Demo Data
REQ003339,613101,Avalahalli (East),Bangalore,KARNATAKA,Water,ಮೇಲ್ಭಾಗದ ಬಡಾವಣೆಗಳಿಗೆ ನೀರಿನ ಸರಬರಾಜು ಒತ್ತಡ ಸಾಲುತ್ತಿಲ್ಲ.,Kannada,Low,2026-09-13T13:11,Synthetic Demo Data
REQ003340,613101,Avalahalli (East),Bangalore,KARNATAKA,Electricity,ಪದೇ ಪದೇ ವಿದ್ಯುತ್ ಕಡಿತವಾಗದಂತೆ ನಿರಂತರ ವಿದ್ಯುತ್ ನೀಡಲು ವಿನಂತಿ.,Kannada,High,2026-07-23T06:10,Synthetic Demo Data
REQ003341,613101,Avalahalli (East),Bangalore,KARNATAKA,Waste Management,ಕಸವನ್ನು ನಿಯಮಿತವಾಗಿ ವಿಲೇವಾರಿ ಮಾಡಲಾಗುತ್ತಿಲ್ಲ.,Kannada,Low,2026-08-12T17:54,Synthetic Demo Data
REQ003342,613101,Avalahalli (East),Bangalore,KARNATAKA,Banking,"ಬ್ಯಾಂಕಿಂಗ್ ಸೇವೆಗೆ 10 ಕಿ.ಮೀ ದೂರ ಹೋಗಬೇಕಾಗಿದ್ದು, ಸ್ಥಳೀಯ ಕಿಯೋಸ್ಕ್ ಅಗತ್ಯವಿದೆ.",Kannada,High,2026-08-13T15:21,Synthetic Demo Data
REQ003343,613101,Avalahalli (East),Bangalore,KARNATAKA,Public Transport,The village needs better bus frequency during morning and evening hours.,English,High,2026-08-21T15:44,Synthetic Demo Data
REQ003344,613101,Avalahalli (East),Bangalore,KARNATAKA,Public Transport,The village needs better bus frequency during morning and evening hours.,English,High,2026-07-21T15:54,Synthetic Demo Data
REQ003345,613112,Kannamangala,Bangalore,KARNATAKA,Waste Management,Residents are requesting a better door-to-door waste collection system.,English,Medium,2026-07-01T06:22,Synthetic Demo Data
REQ003346,613112,Kannamangala,Bangalore,KARNATAKA,Education,The village needs improved educational facilities and playground repair.,English,High,2026-07-17T14:48,Synthetic Demo Data
REQ003347,613112,Kannamangala,Bangalore,KARNATAKA,Waste Management,ಮನೆ ಮನೆಗೆ ತೆರಳಿ ಕಸ ಸಂಗ್ರಹಿಸುವ ವ್ಯವಸ್ಥೆ ಬೇಕು ಎಂದು ನಿವಾಸಿಗಳು ಕೋರುತ್ತಿದ್ದಾರೆ.,Kannada,High,2026-08-12T18:20,Synthetic Demo Data
REQ003348,613112,Kannamangala,Bangalore,KARNATAKA,Banking,Residents have limited access to nearby banking services and have to travel 10 km.,English,High,2026-07-08T09:09,Synthetic Demo Data
REQ003349,613112,Kannamangala,Bangalore,KARNATAKA,Waste Management,ಕಸವನ್ನು ನಿಯಮಿತವಾಗಿ ವಿಲೇವಾರಿ ಮಾಡಲಾಗುತ್ತಿಲ್ಲ.,Kannada,High,2026-08-28T15:37,Synthetic Demo Data
REQ003350,613112,Kannamangala,Bangalore,KARNATAKA,Road,ಗ್ರಾಮದ ಮುಖ್ಯ ರಸ್ತೆ ಹಾಳಾಗಿದ್ದು ಸಂಚಾರಕ್ಕೆ ತೊಂದರೆಯಾಗಿದೆ.,Kannada,Medium,2026-09-15T14:41,Synthetic Demo Data
REQ003351,613112,Kannamangala,Bangalore,KARNATAKA,Drainage,ಚರಂಡಿ ಕೊರತೆಯಿಂದ ನೀರು ನಿಂತು ಸೊಳ್ಳೆಗಳ ಕಾಟ ಹೆಚ್ಚಾಗಿದೆ.,Kannada,High,2026-07-13T10:11,Synthetic Demo Data
REQ003352,613112,Kannamangala,Bangalore,KARNATAKA,Healthcare,ನಮ್ಮ ಗ್ರಾಮಕ್ಕೆ ಪ್ರಾಥಮಿಕ ಆರೋಗ್ಯ ಕೇಂದ್ರದ ಸುಲಭ ಪ್ರವೇಶ ಬೇಕಾಗಿದೆ.,Kannada,High,2026-08-17T13:46,Synthetic Demo Data
REQ003353,613112,Kannamangala,Bangalore,KARNATAKA,Healthcare,Residents have limited access to a nearby health facility after 5 PM.,English,Medium,2026-07-20T18:16,Synthetic Demo Data
REQ003354,613112,Kannamangala,Bangalore,KARNATAKA,Healthcare,The village needs easier access to primary healthcare center.,English,Medium,2026-08-24T09:28,Synthetic Demo Data
REQ003355,613112,Kannamangala,Bangalore,KARNATAKA,Electricity,ಪದೇ ಪದೇ ವಿದ್ಯುತ್ ಕಡಿತವಾಗದಂತೆ ನಿರಂತರ ವಿದ್ಯುತ್ ನೀಡಲು ವಿನಂತಿ.,Kannada,Medium,2026-07-21T14:20,Synthetic Demo Data
REQ003356,613112,Kannamangala,Bangalore,KARNATAKA,Banking,ಎಟಿಎಂ ಅಥವಾ ಗ್ರಾಮ ಬ್ಯಾಂಕಿಂಗ್ ಸೇವೆ ಒದಗಿಸಲು ಸಾರ್ವಜನಿಕರ ಮನವಿ.,Kannada,High,2026-07-14T08:22,Synthetic Demo Data
REQ003357,613112,Kannamangala,Bangalore,KARNATAKA,Public Transport,Residents report limited public transport access to metro/train stations.,English,High,2026-07-13T14:13,Synthetic Demo Data
REQ003358,613112,Kannamangala,Bangalore,KARNATAKA,Public Transport,ವಿಶ್ವಾಸಾರ್ಹ ಸಾರಿಗೆ ಬಸ್ ಸೇವೆಗಳನ್ನು ಹೆಚ್ಚಿಸಲು ವಿನಂತಿ.,Kannada,Medium,2026-08-08T13:42,Synthetic Demo Data
REQ003359,613112,Kannamangala,Bangalore,KARNATAKA,Banking,ಗ್ರಾಮದಲ್ಲಿ ಬ್ಯಾಂಕ್ ಸೇವೆಗಳು ಮತ್ತು ಸಾಲ ಸೌಲಭ್ಯಗಳು ಸುಲಭವಾಗಿ ಸಿಗುತ್ತಿಲ್ಲ.,Kannada,Medium,2026-09-14T20:40,Synthetic Demo Data
REQ003360,613112,Kannamangala,Bangalore,KARNATAKA,Waste Management,ಕಸವನ್ನು ನಿಯಮಿತವಾಗಿ ವಿಲೇವಾರಿ ಮಾಡಲಾಗುತ್ತಿಲ್ಲ.,Kannada,Medium,2026-08-02T10:09,Synthetic Demo Data
REQ003361,613112,Kannamangala,Bangalore,KARNATAKA,Banking,ಎಟಿಎಂ ಅಥವಾ ಗ್ರಾಮ ಬ್ಯಾಂಕಿಂಗ್ ಸೇವೆ ಒದಗಿಸಲು ಸಾರ್ವಜನಿಕರ ಮನವಿ.,Kannada,Medium,2026-08-02T16:44,Synthetic Demo Data
REQ003362,613112,Kannamangala,Bangalore,KARNATAKA,Banking,Residents have limited access to nearby banking services and have to travel 10 km.,English,High,2026-07-01T15:49,Synthetic Demo Data
REQ003363,613112,Kannamangala,Bangalore,KARNATAKA,Healthcare,ಸಂಜೆ 5 ರ ನಂತರ ಸಮೀಪದ ಆರೋಗ್ಯ ಕೇಂದ್ರಕ್ಕೆ ಹೋಗಲು ಕಷ್ಟವಾಗುತ್ತಿದೆ.,Kannada,Medium,2026-08-18T12:13,Synthetic Demo Data
REQ003364,613112,Kannamangala,Bangalore,KARNATAKA,Banking,Residents have limited access to nearby banking services and have to travel 10 km.,English,Medium,2026-09-10T19:22,Synthetic Demo Data
REQ003365,613112,Kannamangala,Bangalore,KARNATAKA,Drainage,Drainage overflows during heavy rain and causes waterlogging near the school.,English,High,2026-08-29T15:27,Synthetic Demo Data
REQ003366,613112,Kannamangala,Bangalore,KARNATAKA,Waste Management,Waste is accumulating near residential areas and temple road.,English,Medium,2026-08-15T12:53,Synthetic Demo Data
REQ003367,613112,Kannamangala,Bangalore,KARNATAKA,Public Transport,ಮೆಟ್ರೋ ನಿಲ್ದಾಣಕ್ಕೆ ನೇರ ಬಸ್ ಸಂಪರ್ಕ ಕಲ್ಪಿಸಲು ಗ್ರಾಮಸ್ಥರ ಕೋರಿಕೆ.,Kannada,Medium,2026-08-31T10:25,Synthetic Demo Data
REQ003368,613112,Kannamangala,Bangalore,KARNATAKA,Electricity,ಗ್ರಾಮದ ಪ್ರಮುಖ ರಸ್ತೆಗಳಲ್ಲಿ ಬೀದಿದೀಪಗಳ ಸೌಲಭ್ಯ ಕಲ್ಪಿಸಬೇಕಾಗಿದೆ.,Kannada,High,2026-08-31T10:42,Synthetic Demo Data
REQ003369,613112,Kannamangala,Bangalore,KARNATAKA,Education,ಸ್ಥಳೀಯ ಸರ್ಕಾರಿ ಶಾಲೆಯಲ್ಲಿ ಕಂಪ್ಯೂಟರ್ ಹಾಗೂ ಶೌಚಾಲಯ ಸೌಲಭ್ಯ ಕಲ್ಪಿಸಲು ಮನವಿ.,Kannada,Low,2026-08-10T17:05,Synthetic Demo Data
REQ003370,613112,Kannamangala,Bangalore,KARNATAKA,Electricity,ಗ್ರಾಮದ ಪ್ರಮುಖ ರಸ್ತೆಗಳಲ್ಲಿ ಬೀದಿದೀಪಗಳ ಸೌಲಭ್ಯ ಕಲ್ಪಿಸಬೇಕಾಗಿದೆ.,Kannada,High,2026-07-24T17:00,Synthetic Demo Data
REQ003371,613112,Kannamangala,Bangalore,KARNATAKA,Public Transport,ಮೆಟ್ರೋ ನಿಲ್ದಾಣಕ್ಕೆ ನೇರ ಬಸ್ ಸಂಪರ್ಕ ಕಲ್ಪಿಸಲು ಗ್ರಾಮಸ್ಥರ ಕೋರಿಕೆ.,Kannada,Medium,2026-08-21T11:48,Synthetic Demo Data
REQ003372,613112,Kannamangala,Bangalore,KARNATAKA,Banking,ಎಟಿಎಂ ಅಥವಾ ಗ್ರಾಮ ಬ್ಯಾಂಕಿಂಗ್ ಸೇವೆ ಒದಗಿಸಲು ಸಾರ್ವಜನಿಕರ ಮನವಿ.,Kannada,Medium,2026-07-25T14:56,Synthetic Demo Data
REQ003373,613112,Kannamangala,Bangalore,KARNATAKA,Waste Management,ಕಸವನ್ನು ನಿಯಮಿತವಾಗಿ ವಿಲೇವಾರಿ ಮಾಡಲಾಗುತ್ತಿಲ್ಲ.,Kannada,Medium,2026-08-01T14:05,Synthetic Demo Data
REQ003374,613112,Kannamangala,Bangalore,KARNATAKA,Waste Management,Residents are requesting a better door-to-door waste collection system.,English,High,2026-07-02T19:25,Synthetic Demo Data
REQ003375,613112,Kannamangala,Bangalore,KARNATAKA,Waste Management,Garbage is not being collected regularly in residential lanes.,English,High,2026-08-21T06:16,Synthetic Demo Data
REQ003376,613112,Kannamangala,Bangalore,KARNATAKA,Banking,People are requesting easier access to ATM or banking kiosk services.,English,Low,2026-08-16T19:12,Synthetic Demo Data
REQ003377,613112,Kannamangala,Bangalore,KARNATAKA,Waste Management,ವಸತಿ ಪ್ರದೇಶಗಳ ಬಳಿ ಕಸ ಶೇಖರಣೆಯಾಗುತ್ತಿದೆ.,Kannada,Medium,2026-07-03T13:39,Synthetic Demo Data
REQ003378,613112,Kannamangala,Bangalore,KARNATAKA,Drainage,Drainage overflows during heavy rain and causes waterlogging near the school.,English,Medium,2026-08-01T17:48,Synthetic Demo Data
REQ003379,613112,Kannamangala,Bangalore,KARNATAKA,Waste Management,Garbage is not being collected regularly in residential lanes.,English,High,2026-08-29T08:05,Synthetic Demo Data
REQ003380,613112,Kannamangala,Bangalore,KARNATAKA,Banking,ಎಟಿಎಂ ಅಥವಾ ಗ್ರಾಮ ಬ್ಯಾಂಕಿಂಗ್ ಸೇವೆ ಒದಗಿಸಲು ಸಾರ್ವಜನಿಕರ ಮನವಿ.,Kannada,Medium,2026-08-23T06:59,Synthetic Demo Data
REQ003381,613112,Kannamangala,Bangalore,KARNATAKA,Healthcare,ಸ್ಥಳೀಯ ಆರೋಗ್ಯ ಸೇವೆಗಳು ಮತ್ತು ಔಷಧಿಗಳ ಲಭ್ಯತೆಯನ್ನು ಸುಧಾರಿಸಲು ವಿನಂತಿ.,Kannada,High,2026-08-21T14:25,Synthetic Demo Data
REQ003382,613112,Kannamangala,Bangalore,KARNATAKA,Drainage,Poor drainage is causing stagnant water and mosquito breeding in the village.,English,Low,2026-07-08T21:27,Synthetic Demo Data
REQ003383,613112,Kannamangala,Bangalore,KARNATAKA,Banking,ಎಟಿಎಂ ಅಥವಾ ಗ್ರಾಮ ಬ್ಯಾಂಕಿಂಗ್ ಸೇವೆ ಒದಗಿಸಲು ಸಾರ್ವಜನಿಕರ ಮನವಿ.,Kannada,Medium,2026-08-15T06:00,Synthetic Demo Data
REQ003384,613132,Bannerughatta,Bangalore,KARNATAKA,Education,ಬಸ್ ಕೊರತೆಯಿಂದ ವಿದ್ಯಾರ್ಥಿಗಳಿಗೆ ಪ್ರೌಢಶಾಲೆಗೆ ಹೋಗಲು ತೊಂದರೆಯಾಗಿದೆ.,Kannada,High,2026-08-24T08:28,Synthetic Demo Data
REQ003385,613132,Bannerughatta,Bangalore,KARNATAKA,Electricity,People are requesting more reliable power supply without frequent cuts.,English,Medium,2026-07-27T12:50,Synthetic Demo Data
REQ003386,613132,Bannerughatta,Bangalore,KARNATAKA,Road,ಮಳೆಗಾಲದಲ್ಲಿ ರಸ್ತೆಯಲ್ಲಿ ನೀರು ನಿಂತು ವಾಹನ ಚಾಲನೆ ಕಷ್ಟವಾಗುತ್ತದೆ.,Kannada,High,2026-07-12T19:19,Synthetic Demo Data
REQ003387,613132,Bannerughatta,Bangalore,KARNATAKA,Drainage,ಭಾರೀ ಮಳೆಯಾದಾಗ ಚರಂಡಿ ಉಕ್ಕಿ ಶಾಲೆ ಬಳಿ ನೀರು ನಿಲ್ಲುತ್ತದೆ.,Kannada,Medium,2026-08-05T15:07,Synthetic Demo Data
REQ003388,613132,Bannerughatta,Bangalore,KARNATAKA,Banking,ಎಟಿಎಂ ಅಥವಾ ಗ್ರಾಮ ಬ್ಯಾಂಕಿಂಗ್ ಸೇವೆ ಒದಗಿಸಲು ಸಾರ್ವಜನಿಕರ ಮನವಿ.,Kannada,Medium,2026-08-19T17:30,Synthetic Demo Data
REQ003389,613132,Bannerughatta,Bangalore,KARNATAKA,Banking,People are requesting easier access to ATM or banking kiosk services.,English,Medium,2026-07-27T14:38,Synthetic Demo Data
REQ003390,613132,Bannerughatta,Bangalore,KARNATAKA,Waste Management,Garbage is not being collected regularly in residential lanes.,English,Low,2026-08-24T08:30,Synthetic Demo Data
REQ003391,613132,Bannerughatta,Bangalore,KARNATAKA,Waste Management,ಮನೆ ಮನೆಗೆ ತೆರಳಿ ಕಸ ಸಂಗ್ರಹಿಸುವ ವ್ಯವಸ್ಥೆ ಬೇಕು ಎಂದು ನಿವಾಸಿಗಳು ಕೋರುತ್ತಿದ್ದಾರೆ.,Kannada,Medium,2026-07-03T08:53,Synthetic Demo Data
REQ003392,613132,Bannerughatta,Bangalore,KARNATAKA,Electricity,The village needs improved electricity infrastructure and street lighting.,English,High,2026-08-08T11:02,Synthetic Demo Data
REQ003393,613132,Bannerughatta,Bangalore,KARNATAKA,Electricity,ಪದೇ ಪದೇ ವಿದ್ಯುತ್ ಕಡಿತವಾಗದಂತೆ ನಿರಂತರ ವಿದ್ಯುತ್ ನೀಡಲು ವಿನಂತಿ.,Kannada,Medium,2026-08-04T14:04,Synthetic Demo Data
REQ003394,613132,Bannerughatta,Bangalore,KARNATAKA,Public Transport,ಮೆಟ್ರೋ ನಿಲ್ದಾಣಕ್ಕೆ ನೇರ ಬಸ್ ಸಂಪರ್ಕ ಕಲ್ಪಿಸಲು ಗ್ರಾಮಸ್ಥರ ಕೋರಿಕೆ.,Kannada,High,2026-08-12T12:32,Synthetic Demo Data
REQ003395,613132,Bannerughatta,Bangalore,KARNATAKA,Public Transport,Residents report limited public transport access to metro/train stations.,English,Medium,2026-07-02T11:22,Synthetic Demo Data
REQ003396,613132,Bannerughatta,Bangalore,KARNATAKA,Electricity,Residents report voltage fluctuations affecting agriculture pump sets.,English,Medium,2026-08-18T10:26,Synthetic Demo Data
REQ003397,613132,Bannerughatta,Bangalore,KARNATAKA,Healthcare,ಸ್ಥಳೀಯ ಆರೋಗ್ಯ ಸೇವೆಗಳು ಮತ್ತು ಔಷಧಿಗಳ ಲಭ್ಯತೆಯನ್ನು ಸುಧಾರಿಸಲು ವಿನಂತಿ.,Kannada,Medium,2026-07-26T19:46,Synthetic Demo Data
REQ003398,613132,Bannerughatta,Bangalore,KARNATAKA,Digital Connectivity,ಗ್ರಾಮ ಪಂಚಾಯತ್ ವ್ಯಾಪ್ತಿಯಲ್ಲಿ ಬಾಪೂಜಿ ಸೇವಾ ಕೇಂದ್ರ / ಡಿಜಿಟಲ್ ಕೇಂದ್ರ ಬೇಕು.,Kannada,Low,2026-07-01T16:14,Synthetic Demo Data
REQ003399,613132,Bannerughatta,Bangalore,KARNATAKA,Healthcare,ಸಂಜೆ 5 ರ ನಂತರ ಸಮೀಪದ ಆರೋಗ್ಯ ಕೇಂದ್ರಕ್ಕೆ ಹೋಗಲು ಕಷ್ಟವಾಗುತ್ತಿದೆ.,Kannada,Medium,2026-08-04T11:05,Synthetic Demo Data
REQ003400,613132,Bannerughatta,Bangalore,KARNATAKA,Waste Management,ವಸತಿ ಪ್ರದೇಶಗಳ ಬಳಿ ಕಸ ಶೇಖರಣೆಯಾಗುತ್ತಿದೆ.,Kannada,Medium,2026-09-16T06:53,Synthetic Demo Data
REQ003401,613132,Bannerughatta,Bangalore,KARNATAKA,Public Transport,The village needs better bus frequency during morning and evening hours.,English,Medium,2026-07-10T14:43,Synthetic Demo Data
REQ003402,613132,Bannerughatta,Bangalore,KARNATAKA,Road,ಮಳೆಗಾಲದಲ್ಲಿ ರಸ್ತೆಯಲ್ಲಿ ನೀರು ನಿಂತು ವಾಹನ ಚಾಲನೆ ಕಷ್ಟವಾಗುತ್ತದೆ.,Kannada,Medium,2026-07-13T15:14,Synthetic Demo Data
REQ003403,613132,Bannerughatta,Bangalore,KARNATAKA,Road,सड़क की हालत खराब है और मरम्मत की जरूरत है।,Hindi,High,2026-07-28T20:03,Synthetic Demo Data
REQ003404,613132,Bannerughatta,Bangalore,KARNATAKA,Road,ಮಳೆಗಾಲದಲ್ಲಿ ರಸ್ತೆಯಲ್ಲಿ ನೀರು ನಿಂತು ವಾಹನ ಚಾಲನೆ ಕಷ್ಟವಾಗುತ್ತದೆ.,Kannada,Medium,2026-08-14T19:16,Synthetic Demo Data
REQ003405,613132,Bannerughatta,Bangalore,KARNATAKA,Electricity,People are requesting more reliable power supply without frequent cuts.,English,Medium,2026-08-19T13:25,Synthetic Demo Data
REQ003406,613132,Bannerughatta,Bangalore,KARNATAKA,Healthcare,The village needs easier access to primary healthcare center.,English,Medium,2026-08-08T08:33,Synthetic Demo Data
REQ003407,613132,Bannerughatta,Bangalore,KARNATAKA,Waste Management,ಮನೆ ಮನೆಗೆ ತೆರಳಿ ಕಸ ಸಂಗ್ರಹಿಸುವ ವ್ಯವಸ್ಥೆ ಬೇಕು ಎಂದು ನಿವಾಸಿಗಳು ಕೋರುತ್ತಿದ್ದಾರೆ.,Kannada,Medium,2026-07-08T10:28,Synthetic Demo Data
REQ003408,613132,Bannerughatta,Bangalore,KARNATAKA,Road,The road becomes waterlogged and difficult to travel on during the rainy season.,English,Low,2026-07-02T15:21,Synthetic Demo Data
REQ003409,613132,Bannerughatta,Bangalore,KARNATAKA,Water,ಮೇಲ್ಭಾಗದ ಬಡಾವಣೆಗಳಿಗೆ ನೀರಿನ ಸರಬರಾಜು ಒತ್ತಡ ಸಾಲುತ್ತಿಲ್ಲ.,Kannada,Medium,2026-08-07T13:23,Synthetic Demo Data
REQ003410,613132,Bannerughatta,Bangalore,KARNATAKA,Road,The main approach road near the village is damaged and difficult to use.,English,High,2026-07-05T13:45,Synthetic Demo Data
REQ003411,613132,Bannerughatta,Bangalore,KARNATAKA,Waste Management,ವಸತಿ ಪ್ರದೇಶಗಳ ಬಳಿ ಕಸ ಶೇಖರಣೆಯಾಗುತ್ತಿದೆ.,Kannada,Medium,2026-08-01T12:01,Synthetic Demo Data
REQ003412,613132,Bannerughatta,Bangalore,KARNATAKA,Road,The road becomes waterlogged and difficult to travel on during the rainy season.,English,High,2026-08-21T21:44,Synthetic Demo Data
REQ003413,613132,Bannerughatta,Bangalore,KARNATAKA,Public Transport,People are requesting more reliable BMTC/KSRTC public transport services.,English,Low,2026-07-24T11:26,Synthetic Demo Data
REQ003414,613132,Bannerughatta,Bangalore,KARNATAKA,Road,The road becomes waterlogged and difficult to travel on during the rainy season.,English,Medium,2026-07-11T06:49,Synthetic Demo Data
REQ003415,613132,Bannerughatta,Bangalore,KARNATAKA,Healthcare,ಸ್ಥಳೀಯ ಆರೋಗ್ಯ ಸೇವೆಗಳು ಮತ್ತು ಔಷಧಿಗಳ ಲಭ್ಯತೆಯನ್ನು ಸುಧಾರಿಸಲು ವಿನಂತಿ.,Kannada,Medium,2026-07-28T16:43,Synthetic Demo Data
REQ003416,613132,Bannerughatta,Bangalore,KARNATAKA,Education,Residents are requesting better facilities and computers in the local school.,English,Medium,2026-07-27T19:13,Synthetic Demo Data
REQ003417,613132,Bannerughatta,Bangalore,KARNATAKA,Waste Management,Residents are requesting a better door-to-door waste collection system.,English,Medium,2026-09-03T21:25,Synthetic Demo Data
REQ003418,613132,Bannerughatta,Bangalore,KARNATAKA,Water,Water supply pressure is insufficient for residents on higher lanes.,English,High,2026-07-03T15:36,Synthetic Demo Data
REQ003419,613132,Bannerughatta,Bangalore,KARNATAKA,Drainage,Residents are requesting proper concrete covered drainage near residential areas.,English,Medium,2026-08-03T19:48,Synthetic Demo Data
REQ003420,613132,Bannerughatta,Bangalore,KARNATAKA,Digital Connectivity,ಹೈಸ್ಪೀಡ್ ಇಂಟರ್ನೆಟ್ ಮತ್ತು ಸಿಎಸ್ಸಿ ಸೇವೆಗಳು ಲಭ್ಯವಿಲ್ಲ.,Kannada,Medium,2026-08-26T06:26,Synthetic Demo Data
REQ003421,613132,Bannerughatta,Bangalore,KARNATAKA,Waste Management,ಕಸವನ್ನು ನಿಯಮಿತವಾಗಿ ವಿಲೇವಾರಿ ಮಾಡಲಾಗುತ್ತಿಲ್ಲ.,Kannada,Medium,2026-08-21T11:36,Synthetic Demo Data
REQ003422,613132,Bannerughatta,Bangalore,KARNATAKA,Banking,People are requesting easier access to ATM or banking kiosk services.,English,Medium,2026-09-13T11:49,Synthetic Demo Data
REQ003423,613132,Bannerughatta,Bangalore,KARNATAKA,Electricity,People are requesting more reliable power supply without frequent cuts.,English,Medium,2026-09-11T11:31,Synthetic Demo Data
REQ003424,613132,Bannerughatta,Bangalore,KARNATAKA,Drainage,ವಸತಿ ಪ್ರದೇಶದ ಬಳಿ ಕಾಂಕ್ರೀಟ್ ಮುಚ್ಚಿದ ಚರಂಡಿ ನಿರ್ಮಿಸಲು ವಿನಂತಿ.,Kannada,High,2026-07-27T13:29,Synthetic Demo Data
REQ003425,613132,Bannerughatta,Bangalore,KARNATAKA,Drainage,Drainage overflows during heavy rain and causes waterlogging near the school.,English,Medium,2026-08-09T14:10,Synthetic Demo Data
REQ003426,613132,Bannerughatta,Bangalore,KARNATAKA,Road,ಗ್ರಾಮದ ಮುಖ್ಯ ರಸ್ತೆ ಹಾಳಾಗಿದ್ದು ಸಂಚಾರಕ್ಕೆ ತೊಂದರೆಯಾಗಿದೆ.,Kannada,High,2026-09-14T13:56,Synthetic Demo Data
REQ003427,613132,Bannerughatta,Bangalore,KARNATAKA,Drainage,Poor drainage is causing stagnant water and mosquito breeding in the village.,English,High,2026-09-15T06:07,Synthetic Demo Data
REQ003428,613132,Bannerughatta,Bangalore,KARNATAKA,Waste Management,Residents are requesting a better door-to-door waste collection system.,English,Low,2026-08-27T06:24,Synthetic Demo Data
REQ003429,613162,Thirupalya,Bangalore,KARNATAKA,Education,ಸ್ಥಳೀಯ ಸರ್ಕಾರಿ ಶಾಲೆಯಲ್ಲಿ ಕಂಪ್ಯೂಟರ್ ಹಾಗೂ ಶೌಚಾಲಯ ಸೌಲಭ್ಯ ಕಲ್ಪಿಸಲು ಮನವಿ.,Kannada,Low,2026-08-26T12:00,Synthetic Demo Data
REQ003430,613162,Thirupalya,Bangalore,KARNATAKA,Road,सड़क की हालत खराब है और मरम्मत की जरूरत है।,Hindi,High,2026-08-04T13:35,Synthetic Demo Data
REQ003431,613162,Thirupalya,Bangalore,KARNATAKA,Banking,The village needs better access to banking facilities and loan services.,English,Medium,2026-08-01T07:44,Synthetic Demo Data
REQ003432,613162,Thirupalya,Bangalore,KARNATAKA,Waste Management,Residents are requesting a better door-to-door waste collection system.,English,Low,2026-07-10T20:46,Synthetic Demo Data
REQ003433,613162,Thirupalya,Bangalore,KARNATAKA,Healthcare,ಸ್ಥಳೀಯ ಆರೋಗ್ಯ ಸೇವೆಗಳು ಮತ್ತು ಔಷಧಿಗಳ ಲಭ್ಯತೆಯನ್ನು ಸುಧಾರಿಸಲು ವಿನಂತಿ.,Kannada,Low,2026-07-01T18:40,Synthetic Demo Data
REQ003434,613162,Thirupalya,Bangalore,KARNATAKA,Road,The road becomes waterlogged and difficult to travel on during the rainy season.,English,High,2026-07-15T16:56,Synthetic Demo Data
REQ003435,613162,Thirupalya,Bangalore,KARNATAKA,Digital Connectivity,People are requesting a local digital service facility (Bapuji Seva Kendra).,English,High,2026-08-02T10:57,Synthetic Demo Data
REQ003436,613162,Thirupalya,Bangalore,KARNATAKA,Banking,ಗ್ರಾಮದಲ್ಲಿ ಬ್ಯಾಂಕ್ ಸೇವೆಗಳು ಮತ್ತು ಸಾಲ ಸೌಲಭ್ಯಗಳು ಸುಲಭವಾಗಿ ಸಿಗುತ್ತಿಲ್ಲ.,Kannada,High,2026-08-27T07:07,Synthetic Demo Data
REQ003437,613162,Thirupalya,Bangalore,KARNATAKA,Healthcare,The village needs easier access to primary healthcare center.,English,Medium,2026-08-08T07:28,Synthetic Demo Data
REQ003438,613162,Thirupalya,Bangalore,KARNATAKA,Banking,"ಬ್ಯಾಂಕಿಂಗ್ ಸೇವೆಗೆ 10 ಕಿ.ಮೀ ದೂರ ಹೋಗಬೇಕಾಗಿದ್ದು, ಸ್ಥಳೀಯ ಕಿಯೋಸ್ಕ್ ಅಗತ್ಯವಿದೆ.",Kannada,Medium,2026-07-05T08:29,Synthetic Demo Data
REQ003439,613162,Thirupalya,Bangalore,KARNATAKA,Waste Management,ಕಸವನ್ನು ನಿಯಮಿತವಾಗಿ ವಿಲೇವಾರಿ ಮಾಡಲಾಗುತ್ತಿಲ್ಲ.,Kannada,Medium,2026-08-23T11:41,Synthetic Demo Data
REQ003440,613162,Thirupalya,Bangalore,KARNATAKA,Banking,ಗ್ರಾಮದಲ್ಲಿ ಬ್ಯಾಂಕ್ ಸೇವೆಗಳು ಮತ್ತು ಸಾಲ ಸೌಲಭ್ಯಗಳು ಸುಲಭವಾಗಿ ಸಿಗುತ್ತಿಲ್ಲ.,Kannada,Low,2026-08-11T06:42,Synthetic Demo Data
REQ003441,613162,Thirupalya,Bangalore,KARNATAKA,Banking,"ಬ್ಯಾಂಕಿಂಗ್ ಸೇವೆಗೆ 10 ಕಿ.ಮೀ ದೂರ ಹೋಗಬೇಕಾಗಿದ್ದು, ಸ್ಥಳೀಯ ಕಿಯೋಸ್ಕ್ ಅಗತ್ಯವಿದೆ.",Kannada,Medium,2026-09-13T16:36,Synthetic Demo Data
REQ003442,613162,Thirupalya,Bangalore,KARNATAKA,Waste Management,Residents are requesting a better door-to-door waste collection system.,English,High,2026-07-10T19:34,Synthetic Demo Data
REQ003443,613162,Thirupalya,Bangalore,KARNATAKA,Water,Water supply pressure is insufficient for residents on higher lanes.,English,High,2026-09-15T18:54,Synthetic Demo Data
REQ003444,613162,Thirupalya,Bangalore,KARNATAKA,Drainage,Poor drainage is causing stagnant water and mosquito breeding in the village.,English,Medium,2026-07-02T07:33,Synthetic Demo Data
REQ003445,613162,Thirupalya,Bangalore,KARNATAKA,Drainage,ವಸತಿ ಪ್ರದೇಶದ ಬಳಿ ಕಾಂಕ್ರೀಟ್ ಮುಚ್ಚಿದ ಚರಂಡಿ ನಿರ್ಮಿಸಲು ವಿನಂತಿ.,Kannada,High,2026-07-08T11:59,Synthetic Demo Data
REQ003446,613162,Thirupalya,Bangalore,KARNATAKA,Healthcare,Residents have limited access to a nearby health facility after 5 PM.,English,High,2026-07-28T16:51,Synthetic Demo Data
REQ003447,613162,Thirupalya,Bangalore,KARNATAKA,Education,Students have difficulty accessing nearby secondary education without bus.,English,Medium,2026-08-12T21:57,Synthetic Demo Data
REQ003448,613162,Thirupalya,Bangalore,KARNATAKA,Water,ಮೇಲ್ಭಾಗದ ಬಡಾವಣೆಗಳಿಗೆ ನೀರಿನ ಸರಬರಾಜು ಒತ್ತಡ ಸಾಲುತ್ತಿಲ್ಲ.,Kannada,Medium,2026-07-19T15:10,Synthetic Demo Data
REQ003449,613162,Thirupalya,Bangalore,KARNATAKA,Digital Connectivity,ಹೈಸ್ಪೀಡ್ ಇಂಟರ್ನೆಟ್ ಮತ್ತು ಸಿಎಸ್ಸಿ ಸೇವೆಗಳು ಲಭ್ಯವಿಲ್ಲ.,Kannada,Medium,2026-09-13T08:59,Synthetic Demo Data
REQ003450,613162,Thirupalya,Bangalore,KARNATAKA,Waste Management,ವಸತಿ ಪ್ರದೇಶಗಳ ಬಳಿ ಕಸ ಶೇಖರಣೆಯಾಗುತ್ತಿದೆ.,Kannada,High,2026-07-24T14:36,Synthetic Demo Data
REQ003451,613162,Thirupalya,Bangalore,KARNATAKA,Healthcare,Residents are requesting improved local healthcare access and medicine availability.,English,High,2026-09-17T18:41,Synthetic Demo Data
REQ003452,613162,Thirupalya,Bangalore,KARNATAKA,Electricity,ವೋಲ್ಟೇಜ್ ಏರಿಳಿತದಿಂದ ಪಂಪ್‌ಸೆಟ್‌ಗಳಿಗೆ ತೊಂದರೆಯಾಗುತ್ತಿದೆ.,Kannada,High,2026-08-10T10:54,Synthetic Demo Data
REQ003453,613162,Thirupalya,Bangalore,KARNATAKA,Electricity,People are requesting more reliable power supply without frequent cuts.,English,Medium,2026-07-29T19:16,Synthetic Demo Data
REQ003454,613162,Thirupalya,Bangalore,KARNATAKA,Healthcare,ಸ್ಥಳೀಯ ಆರೋಗ್ಯ ಸೇವೆಗಳು ಮತ್ತು ಔಷಧಿಗಳ ಲಭ್ಯತೆಯನ್ನು ಸುಧಾರಿಸಲು ವಿನಂತಿ.,Kannada,Low,2026-08-17T14:43,Synthetic Demo Data
REQ003455,613162,Thirupalya,Bangalore,KARNATAKA,Water,ಗ್ರಾಮಕ್ಕೆ ಶುದ್ಧ ಕುಡಿಯುವ ನೀರಿನ ಆರ್‌ಒ ಘಟಕದ ಅಗತ್ಯವಿದೆ.,Kannada,Low,2026-08-04T10:07,Synthetic Demo Data
REQ003456,613162,Thirupalya,Bangalore,KARNATAKA,Road,Residents are requesting improvement of road connectivity to the taluk center.,English,Low,2026-08-01T17:17,Synthetic Demo Data
REQ003457,613162,Thirupalya,Bangalore,KARNATAKA,Banking,ಎಟಿಎಂ ಅಥವಾ ಗ್ರಾಮ ಬ್ಯಾಂಕಿಂಗ್ ಸೇವೆ ಒದಗಿಸಲು ಸಾರ್ವಜನಿಕರ ಮನವಿ.,Kannada,Low,2026-07-17T13:27,Synthetic Demo Data
REQ003458,613162,Thirupalya,Bangalore,KARNATAKA,Water,ಗ್ರಾಮಕ್ಕೆ ಶುದ್ಧ ಕುಡಿಯುವ ನೀರಿನ ಆರ್‌ಒ ಘಟಕದ ಅಗತ್ಯವಿದೆ.,Kannada,Medium,2026-09-06T19:18,Synthetic Demo Data
REQ003459,613162,Thirupalya,Bangalore,KARNATAKA,Education,ಗ್ರಾಮದ ಶಾಲಾ ಆವರಣ ಹಾಗೂ ಆಟದ ಮೈದಾನ ದುರಸ್ತಿ ಮಾಡಬೇಕಾಗಿದೆ.,Kannada,High,2026-09-01T11:08,Synthetic Demo Data
REQ003460,613162,Thirupalya,Bangalore,KARNATAKA,Public Transport,बस सेवा बढ़ाने का अनुरोध किया गया है।,Hindi,Medium,2026-08-19T11:10,Synthetic Demo Data
REQ003461,613162,Thirupalya,Bangalore,KARNATAKA,Banking,People are requesting easier access to ATM or banking kiosk services.,English,High,2026-08-23T18:04,Synthetic Demo Data
REQ003462,613162,Thirupalya,Bangalore,KARNATAKA,Banking,Residents have limited access to nearby banking services and have to travel 10 km.,English,Medium,2026-07-23T12:57,Synthetic Demo Data
REQ003463,613162,Thirupalya,Bangalore,KARNATAKA,Road,The road becomes waterlogged and difficult to travel on during the rainy season.,English,Low,2026-09-15T10:37,Synthetic Demo Data
REQ003464,613162,Thirupalya,Bangalore,KARNATAKA,Banking,Residents have limited access to nearby banking services and have to travel 10 km.,English,Medium,2026-07-28T16:48,Synthetic Demo Data
REQ003465,613162,Thirupalya,Bangalore,KARNATAKA,Education,ಸ್ಥಳೀಯ ಸರ್ಕಾರಿ ಶಾಲೆಯಲ್ಲಿ ಕಂಪ್ಯೂಟರ್ ಹಾಗೂ ಶೌಚಾಲಯ ಸೌಲಭ್ಯ ಕಲ್ಪಿಸಲು ಮನವಿ.,Kannada,Medium,2026-08-29T21:28,Synthetic Demo Data
REQ003466,613162,Thirupalya,Bangalore,KARNATAKA,Education,ಸ್ಥಳೀಯ ಸರ್ಕಾರಿ ಶಾಲೆಯಲ್ಲಿ ಕಂಪ್ಯೂಟರ್ ಹಾಗೂ ಶೌಚಾಲಯ ಸೌಲಭ್ಯ ಕಲ್ಪಿಸಲು ಮನವಿ.,Kannada,High,2026-07-16T13:16,Synthetic Demo Data
REQ003467,613162,Thirupalya,Bangalore,KARNATAKA,Healthcare,ಸಂಜೆ 5 ರ ನಂತರ ಸಮೀಪದ ಆರೋಗ್ಯ ಕೇಂದ್ರಕ್ಕೆ ಹೋಗಲು ಕಷ್ಟವಾಗುತ್ತಿದೆ.,Kannada,Low,2026-08-01T09:20,Synthetic Demo Data
REQ003468,613162,Thirupalya,Bangalore,KARNATAKA,Waste Management,ಕಸವನ್ನು ನಿಯಮಿತವಾಗಿ ವಿಲೇವಾರಿ ಮಾಡಲಾಗುತ್ತಿಲ್ಲ.,Kannada,Low,2026-09-15T08:09,Synthetic Demo Data
REQ003469,613162,Thirupalya,Bangalore,KARNATAKA,Banking,ಎಟಿಎಂ ಅಥವಾ ಗ್ರಾಮ ಬ್ಯಾಂಕಿಂಗ್ ಸೇವೆ ಒದಗಿಸಲು ಸಾರ್ವಜನಿಕರ ಮನವಿ.,Kannada,High,2026-07-09T15:19,Synthetic Demo Data
REQ003470,613162,Thirupalya,Bangalore,KARNATAKA,Water,पीने के साफ पानी की व्यवस्था की जाए।,Hindi,Medium,2026-08-21T10:53,Synthetic Demo Data
REQ003471,613162,Thirupalya,Bangalore,KARNATAKA,Education,Students have difficulty accessing nearby secondary education without bus.,English,Low,2026-08-09T13:54,Synthetic Demo Data
REQ003472,613162,Thirupalya,Bangalore,KARNATAKA,Water,ಮೇಲ್ಭಾಗದ ಬಡಾವಣೆಗಳಿಗೆ ನೀರಿನ ಸರಬರಾಜು ಒತ್ತಡ ಸಾಲುತ್ತಿಲ್ಲ.,Kannada,High,2026-08-08T09:01,Synthetic Demo Data
REQ003473,613162,Thirupalya,Bangalore,KARNATAKA,Waste Management,Waste is accumulating near residential areas and temple road.,English,High,2026-09-08T21:08,Synthetic Demo Data
REQ003474,613163,Yarandahalli,Bangalore,KARNATAKA,Water,The village needs improved access to safe drinking water RO plant.,English,Medium,2026-08-19T15:10,Synthetic Demo Data
REQ003475,613163,Yarandahalli,Bangalore,KARNATAKA,Public Transport,People are requesting more reliable BMTC/KSRTC public transport services.,English,High,2026-07-02T16:39,Synthetic Demo Data
REQ003476,613163,Yarandahalli,Bangalore,KARNATAKA,Banking,People are requesting easier access to ATM or banking kiosk services.,English,Medium,2026-07-30T16:53,Synthetic Demo Data
REQ003477,613163,Yarandahalli,Bangalore,KARNATAKA,Waste Management,Waste is accumulating near residential areas and temple road.,English,Low,2026-08-24T09:39,Synthetic Demo Data
REQ003478,613163,Yarandahalli,Bangalore,KARNATAKA,Banking,Residents have limited access to nearby banking services and have to travel 10 km.,English,Medium,2026-09-11T07:41,Synthetic Demo Data
REQ003479,613163,Yarandahalli,Bangalore,KARNATAKA,Banking,"ಬ್ಯಾಂಕಿಂಗ್ ಸೇವೆಗೆ 10 ಕಿ.ಮೀ ದೂರ ಹೋಗಬೇಕಾಗಿದ್ದು, ಸ್ಥಳೀಯ ಕಿಯೋಸ್ಕ್ ಅಗತ್ಯವಿದೆ.",Kannada,High,2026-07-01T08:30,Synthetic Demo Data
REQ003480,613163,Yarandahalli,Bangalore,KARNATAKA,Digital Connectivity,ಗ್ರಾಮ ಪಂಚಾಯತ್ ವ್ಯಾಪ್ತಿಯಲ್ಲಿ ಬಾಪೂಜಿ ಸೇವಾ ಕೇಂದ್ರ / ಡಿಜಿಟಲ್ ಕೇಂದ್ರ ಬೇಕು.,Kannada,Medium,2026-08-22T19:06,Synthetic Demo Data
REQ003481,613163,Yarandahalli,Bangalore,KARNATAKA,Banking,ಗ್ರಾಮದಲ್ಲಿ ಬ್ಯಾಂಕ್ ಸೇವೆಗಳು ಮತ್ತು ಸಾಲ ಸೌಲಭ್ಯಗಳು ಸುಲಭವಾಗಿ ಸಿಗುತ್ತಿಲ್ಲ.,Kannada,Low,2026-07-20T15:54,Synthetic Demo Data
REQ003482,613163,Yarandahalli,Bangalore,KARNATAKA,Banking,ಗ್ರಾಮದಲ್ಲಿ ಬ್ಯಾಂಕ್ ಸೇವೆಗಳು ಮತ್ತು ಸಾಲ ಸೌಲಭ್ಯಗಳು ಸುಲಭವಾಗಿ ಸಿಗುತ್ತಿಲ್ಲ.,Kannada,Medium,2026-07-16T11:20,Synthetic Demo Data
REQ003483,613163,Yarandahalli,Bangalore,KARNATAKA,Waste Management,ಕಸವನ್ನು ನಿಯಮಿತವಾಗಿ ವಿಲೇವಾರಿ ಮಾಡಲಾಗುತ್ತಿಲ್ಲ.,Kannada,Medium,2026-08-10T18:06,Synthetic Demo Data
REQ003484,613163,Yarandahalli,Bangalore,KARNATAKA,Water,ಗ್ರಾಮಕ್ಕೆ ಶುದ್ಧ ಕುಡಿಯುವ ನೀರಿನ ಆರ್‌ಒ ಘಟಕದ ಅಗತ್ಯವಿದೆ.,Kannada,High,2026-07-22T08:31,Synthetic Demo Data
REQ003485,613163,Yarandahalli,Bangalore,KARNATAKA,Banking,ಎಟಿಎಂ ಅಥವಾ ಗ್ರಾಮ ಬ್ಯಾಂಕಿಂಗ್ ಸೇವೆ ಒದಗಿಸಲು ಸಾರ್ವಜನಿಕರ ಮನವಿ.,Kannada,Medium,2026-09-12T11:02,Synthetic Demo Data
REQ003486,613163,Yarandahalli,Bangalore,KARNATAKA,Waste Management,ಮನೆ ಮನೆಗೆ ತೆರಳಿ ಕಸ ಸಂಗ್ರಹಿಸುವ ವ್ಯವಸ್ಥೆ ಬೇಕು ಎಂದು ನಿವಾಸಿಗಳು ಕೋರುತ್ತಿದ್ದಾರೆ.,Kannada,Medium,2026-09-13T08:37,Synthetic Demo Data
REQ003487,613163,Yarandahalli,Bangalore,KARNATAKA,Waste Management,ಕಸವನ್ನು ನಿಯಮಿತವಾಗಿ ವಿಲೇವಾರಿ ಮಾಡಲಾಗುತ್ತಿಲ್ಲ.,Kannada,Medium,2026-07-25T15:46,Synthetic Demo Data
REQ003488,613163,Yarandahalli,Bangalore,KARNATAKA,Waste Management,ವಸತಿ ಪ್ರದೇಶಗಳ ಬಳಿ ಕಸ ಶೇಖರಣೆಯಾಗುತ್ತಿದೆ.,Kannada,High,2026-08-27T15:35,Synthetic Demo Data
REQ003489,613163,Yarandahalli,Bangalore,KARNATAKA,Education,Residents are requesting better facilities and computers in the local school.,English,Medium,2026-08-26T19:55,Synthetic Demo Data
REQ003490,613163,Yarandahalli,Bangalore,KARNATAKA,Drainage,ಭಾರೀ ಮಳೆಯಾದಾಗ ಚರಂಡಿ ಉಕ್ಕಿ ಶಾಲೆ ಬಳಿ ನೀರು ನಿಲ್ಲುತ್ತದೆ.,Kannada,Low,2026-07-01T21:26,Synthetic Demo Data
REQ003491,613163,Yarandahalli,Bangalore,KARNATAKA,Road,The road becomes waterlogged and difficult to travel on during the rainy season.,English,High,2026-08-30T07:58,Synthetic Demo Data
REQ003492,613163,Yarandahalli,Bangalore,KARNATAKA,Digital Connectivity,Residents have limited access to high-speed internet and CSC services.,English,High,2026-07-31T11:55,Synthetic Demo Data
REQ003493,613163,Yarandahalli,Bangalore,KARNATAKA,Healthcare,ಸಂಜೆ 5 ರ ನಂತರ ಸಮೀಪದ ಆರೋಗ್ಯ ಕೇಂದ್ರಕ್ಕೆ ಹೋಗಲು ಕಷ್ಟವಾಗುತ್ತಿದೆ.,Kannada,Medium,2026-07-25T14:02,Synthetic Demo Data
REQ003494,613163,Yarandahalli,Bangalore,KARNATAKA,Education,ಸ್ಥಳೀಯ ಸರ್ಕಾರಿ ಶಾಲೆಯಲ್ಲಿ ಕಂಪ್ಯೂಟರ್ ಹಾಗೂ ಶೌಚಾಲಯ ಸೌಲಭ್ಯ ಕಲ್ಪಿಸಲು ಮನವಿ.,Kannada,Medium,2026-08-14T17:34,Synthetic Demo Data
REQ003495,613163,Yarandahalli,Bangalore,KARNATAKA,Public Transport,The village needs better bus frequency during morning and evening hours.,English,High,2026-08-27T14:17,Synthetic Demo Data
REQ003496,613163,Yarandahalli,Bangalore,KARNATAKA,Public Transport,People are requesting more reliable BMTC/KSRTC public transport services.,English,Medium,2026-09-16T09:58,Synthetic Demo Data
REQ003497,613163,Yarandahalli,Bangalore,KARNATAKA,Healthcare,Residents have limited access to a nearby health facility after 5 PM.,English,High,2026-08-06T06:37,Synthetic Demo Data
REQ003498,613163,Yarandahalli,Bangalore,KARNATAKA,Waste Management,Garbage is not being collected regularly in residential lanes.,English,Medium,2026-08-10T15:07,Synthetic Demo Data
REQ003499,613163,Yarandahalli,Bangalore,KARNATAKA,Healthcare,प्राथमिक स्वास्थ्य केंद्र में बेहतर सुविधाओं की आवश्यकता है।,Hindi,Medium,2026-09-08T10:11,Synthetic Demo Data
REQ003500,613163,Yarandahalli,Bangalore,KARNATAKA,Drainage,ವಸತಿ ಪ್ರದೇಶದ ಬಳಿ ಕಾಂಕ್ರೀಟ್ ಮುಚ್ಚಿದ ಚರಂಡಿ ನಿರ್ಮಿಸಲು ವಿನಂತಿ.,Kannada,High,2026-08-18T18:49,Synthetic Demo Data
REQ003501,613163,Yarandahalli,Bangalore,KARNATAKA,Waste Management,Residents are requesting a better door-to-door waste collection system.,English,High,2026-09-04T17:58,Synthetic Demo Data
REQ003502,613163,Yarandahalli,Bangalore,KARNATAKA,Electricity,The village needs improved electricity infrastructure and street lighting.,English,Low,2026-07-03T20:34,Synthetic Demo Data
REQ003503,613163,Yarandahalli,Bangalore,KARNATAKA,Healthcare,ಸಂಜೆ 5 ರ ನಂತರ ಸಮೀಪದ ಆರೋಗ್ಯ ಕೇಂದ್ರಕ್ಕೆ ಹೋಗಲು ಕಷ್ಟವಾಗುತ್ತಿದೆ.,Kannada,High,2026-08-13T08:57,Synthetic Demo Data
REQ003504,613163,Yarandahalli,Bangalore,KARNATAKA,Healthcare,Residents are requesting improved local healthcare access and medicine availability.,English,Medium,2026-07-27T13:21,Synthetic Demo Data
REQ003505,613163,Yarandahalli,Bangalore,KARNATAKA,Public Transport,ಬೆಳಿಗ್ಗೆ ಮತ್ತು ಸಂಜೆ ವೇಳೆಯಲ್ಲಿ ಹೆಚ್ಚಿನ ಬಸ್ ಸಂಚಾರ ಬೇಕಾಗಿದೆ.,Kannada,Low,2026-09-16T20:19,Synthetic Demo Data
REQ003506,613163,Yarandahalli,Bangalore,KARNATAKA,Waste Management,ಮನೆ ಮನೆಗೆ ತೆರಳಿ ಕಸ ಸಂಗ್ರಹಿಸುವ ವ್ಯವಸ್ಥೆ ಬೇಕು ಎಂದು ನಿವಾಸಿಗಳು ಕೋರುತ್ತಿದ್ದಾರೆ.,Kannada,Low,2026-08-25T21:02,Synthetic Demo Data
REQ003507,613163,Yarandahalli,Bangalore,KARNATAKA,Healthcare,प्राथमिक स्वास्थ्य केंद्र में बेहतर सुविधाओं की आवश्यकता है।,Hindi,Medium,2026-07-06T11:02,Synthetic Demo Data
REQ003508,613163,Yarandahalli,Bangalore,KARNATAKA,Banking,Residents have limited access to nearby banking services and have to travel 10 km.,English,Medium,2026-07-12T15:55,Synthetic Demo Data
REQ003509,613163,Yarandahalli,Bangalore,KARNATAKA,Waste Management,ಮನೆ ಮನೆಗೆ ತೆರಳಿ ಕಸ ಸಂಗ್ರಹಿಸುವ ವ್ಯವಸ್ಥೆ ಬೇಕು ಎಂದು ನಿವಾಸಿಗಳು ಕೋರುತ್ತಿದ್ದಾರೆ.,Kannada,Low,2026-07-19T18:24,Synthetic Demo Data
REQ003510,613163,Yarandahalli,Bangalore,KARNATAKA,Drainage,ಚರಂಡಿ ಕೊರತೆಯಿಂದ ನೀರು ನಿಂತು ಸೊಳ್ಳೆಗಳ ಕಾಟ ಹೆಚ್ಚಾಗಿದೆ.,Kannada,Medium,2026-09-10T07:21,Synthetic Demo Data
REQ003511,613163,Yarandahalli,Bangalore,KARNATAKA,Waste Management,ಕಸವನ್ನು ನಿಯಮಿತವಾಗಿ ವಿಲೇವಾರಿ ಮಾಡಲಾಗುತ್ತಿಲ್ಲ.,Kannada,Medium,2026-07-15T18:02,Synthetic Demo Data
REQ003512,613163,Yarandahalli,Bangalore,KARNATAKA,Waste Management,ಮನೆ ಮನೆಗೆ ತೆರಳಿ ಕಸ ಸಂಗ್ರಹಿಸುವ ವ್ಯವಸ್ಥೆ ಬೇಕು ಎಂದು ನಿವಾಸಿಗಳು ಕೋರುತ್ತಿದ್ದಾರೆ.,Kannada,Medium,2026-07-21T10:01,Synthetic Demo Data
REQ003513,613163,Yarandahalli,Bangalore,KARNATAKA,Road,Residents are requesting improvement of road connectivity to the taluk center.,English,Medium,2026-08-30T21:17,Synthetic Demo Data
REQ003514,613163,Yarandahalli,Bangalore,KARNATAKA,Road,ತಾಲೂಕು ಕೇಂದ್ರಕ್ಕೆ ಸಂಪರ್ಕ ಕಲ್ಪಿಸುವ ರಸ್ತೆ ಸುಧಾರಣೆಗೆ ಗ್ರಾಮಸ್ಥರ ಮನವಿ.,Kannada,Medium,2026-07-08T10:58,Synthetic Demo Data
REQ003515,613163,Yarandahalli,Bangalore,KARNATAKA,Digital Connectivity,ಹೈಸ್ಪೀಡ್ ಇಂಟರ್ನೆಟ್ ಮತ್ತು ಸಿಎಸ್ಸಿ ಸೇವೆಗಳು ಲಭ್ಯವಿಲ್ಲ.,Kannada,Medium,2026-08-07T18:47,Synthetic Demo Data
REQ003516,613163,Yarandahalli,Bangalore,KARNATAKA,Drainage,Poor drainage is causing stagnant water and mosquito breeding in the village.,English,Medium,2026-09-12T14:26,Synthetic Demo Data
REQ003517,613163,Yarandahalli,Bangalore,KARNATAKA,Banking,ಗ್ರಾಮದಲ್ಲಿ ಬ್ಯಾಂಕ್ ಸೇವೆಗಳು ಮತ್ತು ಸಾಲ ಸೌಲಭ್ಯಗಳು ಸುಲಭವಾಗಿ ಸಿಗುತ್ತಿಲ್ಲ.,Kannada,Low,2026-07-17T19:11,Synthetic Demo Data
REQ003518,613163,Yarandahalli,Bangalore,KARNATAKA,Waste Management,Residents are requesting a better door-to-door waste collection system.,English,Medium,2026-07-01T17:14,Synthetic Demo Data
REQ003519,613168,Haragadde,Bangalore,KARNATAKA,Banking,ಗ್ರಾಮದಲ್ಲಿ ಬ್ಯಾಂಕ್ ಸೇವೆಗಳು ಮತ್ತು ಸಾಲ ಸೌಲಭ್ಯಗಳು ಸುಲಭವಾಗಿ ಸಿಗುತ್ತಿಲ್ಲ.,Kannada,High,2026-09-07T15:01,Synthetic Demo Data
REQ003520,613168,Haragadde,Bangalore,KARNATAKA,Drainage,ವಸತಿ ಪ್ರದೇಶದ ಬಳಿ ಕಾಂಕ್ರೀಟ್ ಮುಚ್ಚಿದ ಚರಂಡಿ ನಿರ್ಮಿಸಲು ವಿನಂತಿ.,Kannada,Low,2026-07-01T12:58,Synthetic Demo Data
REQ003521,613168,Haragadde,Bangalore,KARNATAKA,Road,ತಾಲೂಕು ಕೇಂದ್ರಕ್ಕೆ ಸಂಪರ್ಕ ಕಲ್ಪಿಸುವ ರಸ್ತೆ ಸುಧಾರಣೆಗೆ ಗ್ರಾಮಸ್ಥರ ಮನವಿ.,Kannada,Low,2026-07-07T18:15,Synthetic Demo Data
REQ003522,613168,Haragadde,Bangalore,KARNATAKA,Water,ಗ್ರಾಮಕ್ಕೆ ಶುದ್ಧ ಕುಡಿಯುವ ನೀರಿನ ಆರ್‌ಒ ಘಟಕದ ಅಗತ್ಯವಿದೆ.,Kannada,Low,2026-08-17T07:08,Synthetic Demo Data
REQ003523,613168,Haragadde,Bangalore,KARNATAKA,Electricity,People are requesting more reliable power supply without frequent cuts.,English,Medium,2026-08-24T14:53,Synthetic Demo Data
REQ003524,613168,Haragadde,Bangalore,KARNATAKA,Water,ಬೇಸಿಗೆಯಲ್ಲಿ ಶುದ್ಧ ಕುಡಿಯುವ ನೀರಿನ ಕೊರತೆ ಎದುರಾಗುತ್ತಿದೆ.,Kannada,High,2026-07-28T07:37,Synthetic Demo Data
REQ003525,613168,Haragadde,Bangalore,KARNATAKA,Drainage,ವಸತಿ ಪ್ರದೇಶದ ಬಳಿ ಕಾಂಕ್ರೀಟ್ ಮುಚ್ಚಿದ ಚರಂಡಿ ನಿರ್ಮಿಸಲು ವಿನಂತಿ.,Kannada,High,2026-07-04T10:23,Synthetic Demo Data
REQ003526,613168,Haragadde,Bangalore,KARNATAKA,Drainage,Poor drainage is causing stagnant water and mosquito breeding in the village.,English,High,2026-07-26T20:48,Synthetic Demo Data
REQ003527,613168,Haragadde,Bangalore,KARNATAKA,Road,ಮಳೆಗಾಲದಲ್ಲಿ ರಸ್ತೆಯಲ್ಲಿ ನೀರು ನಿಂತು ವಾಹನ ಚಾಲನೆ ಕಷ್ಟವಾಗುತ್ತದೆ.,Kannada,Medium,2026-07-15T11:25,Synthetic Demo Data
REQ003528,613168,Haragadde,Bangalore,KARNATAKA,Water,Water supply pressure is insufficient for residents on higher lanes.,English,Medium,2026-07-18T20:22,Synthetic Demo Data
REQ003529,613168,Haragadde,Bangalore,KARNATAKA,Banking,The village needs better access to banking facilities and loan services.,English,Medium,2026-08-02T14:40,Synthetic Demo Data
REQ003530,613168,Haragadde,Bangalore,KARNATAKA,Digital Connectivity,ಹೈಸ್ಪೀಡ್ ಇಂಟರ್ನೆಟ್ ಮತ್ತು ಸಿಎಸ್ಸಿ ಸೇವೆಗಳು ಲಭ್ಯವಿಲ್ಲ.,Kannada,High,2026-09-10T15:44,Synthetic Demo Data
REQ003531,613168,Haragadde,Bangalore,KARNATAKA,Waste Management,ಮನೆ ಮನೆಗೆ ತೆರಳಿ ಕಸ ಸಂಗ್ರಹಿಸುವ ವ್ಯವಸ್ಥೆ ಬೇಕು ಎಂದು ನಿವಾಸಿಗಳು ಕೋರುತ್ತಿದ್ದಾರೆ.,Kannada,High,2026-09-10T06:40,Synthetic Demo Data
REQ003532,613168,Haragadde,Bangalore,KARNATAKA,Education,The village needs improved educational facilities and playground repair.,English,Medium,2026-08-14T12:18,Synthetic Demo Data
REQ003533,613168,Haragadde,Bangalore,KARNATAKA,Banking,The village needs better access to banking facilities and loan services.,English,Medium,2026-08-21T11:55,Synthetic Demo Data
REQ003534,613168,Haragadde,Bangalore,KARNATAKA,Waste Management,Waste is accumulating near residential areas and temple road.,English,High,2026-09-02T21:03,Synthetic Demo Data
REQ003535,613168,Haragadde,Bangalore,KARNATAKA,Waste Management,ಕಸವನ್ನು ನಿಯಮಿತವಾಗಿ ವಿಲೇವಾರಿ ಮಾಡಲಾಗುತ್ತಿಲ್ಲ.,Kannada,High,2026-08-22T09:51,Synthetic Demo Data
REQ003536,613168,Haragadde,Bangalore,KARNATAKA,Road,ಮಳೆಗಾಲದಲ್ಲಿ ರಸ್ತೆಯಲ್ಲಿ ನೀರು ನಿಂತು ವಾಹನ ಚಾಲನೆ ಕಷ್ಟವಾಗುತ್ತದೆ.,Kannada,Medium,2026-08-27T06:18,Synthetic Demo Data
REQ003537,613168,Haragadde,Bangalore,KARNATAKA,Healthcare,Residents have limited access to a nearby health facility after 5 PM.,English,Low,2026-08-21T06:08,Synthetic Demo Data
REQ003538,613168,Haragadde,Bangalore,KARNATAKA,Waste Management,Garbage is not being collected regularly in residential lanes.,English,Medium,2026-08-16T06:04,Synthetic Demo Data
REQ003539,613168,Haragadde,Bangalore,KARNATAKA,Road,ಗ್ರಾಮದ ಮುಖ್ಯ ರಸ್ತೆ ಹಾಳಾಗಿದ್ದು ಸಂಚಾರಕ್ಕೆ ತೊಂದರೆಯಾಗಿದೆ.,Kannada,High,2026-07-30T08:27,Synthetic Demo Data
REQ003540,613168,Haragadde,Bangalore,KARNATAKA,Healthcare,ಸಂಜೆ 5 ರ ನಂತರ ಸಮೀಪದ ಆರೋಗ್ಯ ಕೇಂದ್ರಕ್ಕೆ ಹೋಗಲು ಕಷ್ಟವಾಗುತ್ತಿದೆ.,Kannada,High,2026-09-06T20:36,Synthetic Demo Data
REQ003541,613168,Haragadde,Bangalore,KARNATAKA,Water,ಗ್ರಾಮಕ್ಕೆ ಶುದ್ಧ ಕುಡಿಯುವ ನೀರಿನ ಆರ್‌ಒ ಘಟಕದ ಅಗತ್ಯವಿದೆ.,Kannada,High,2026-07-27T13:37,Synthetic Demo Data
REQ003542,613168,Haragadde,Bangalore,KARNATAKA,Waste Management,ವಸತಿ ಪ್ರದೇಶಗಳ ಬಳಿ ಕಸ ಶೇಖರಣೆಯಾಗುತ್ತಿದೆ.,Kannada,High,2026-08-18T14:46,Synthetic Demo Data
REQ003543,613168,Haragadde,Bangalore,KARNATAKA,Electricity,ಗ್ರಾಮದ ಪ್ರಮುಖ ರಸ್ತೆಗಳಲ್ಲಿ ಬೀದಿದೀಪಗಳ ಸೌಲಭ್ಯ ಕಲ್ಪಿಸಬೇಕಾಗಿದೆ.,Kannada,Low,2026-08-29T07:20,Synthetic Demo Data
REQ003544,613168,Haragadde,Bangalore,KARNATAKA,Public Transport,ವಿಶ್ವಾಸಾರ್ಹ ಸಾರಿಗೆ ಬಸ್ ಸೇವೆಗಳನ್ನು ಹೆಚ್ಚಿಸಲು ವಿನಂತಿ.,Kannada,High,2026-09-06T18:27,Synthetic Demo Data
REQ003545,613168,Haragadde,Bangalore,KARNATAKA,Banking,Residents have limited access to nearby banking services and have to travel 10 km.,English,Medium,2026-07-28T19:21,Synthetic Demo Data
REQ003546,613168,Haragadde,Bangalore,KARNATAKA,Road,ಗ್ರಾಮದ ಮುಖ್ಯ ರಸ್ತೆ ಹಾಳಾಗಿದ್ದು ಸಂಚಾರಕ್ಕೆ ತೊಂದರೆಯಾಗಿದೆ.,Kannada,High,2026-08-11T21:16,Synthetic Demo Data
REQ003547,613168,Haragadde,Bangalore,KARNATAKA,Digital Connectivity,Residents have limited access to high-speed internet and CSC services.,English,Medium,2026-07-01T17:43,Synthetic Demo Data
REQ003548,613168,Haragadde,Bangalore,KARNATAKA,Healthcare,The village needs easier access to primary healthcare center.,English,Low,2026-08-31T21:51,Synthetic Demo Data
REQ003549,613168,Haragadde,Bangalore,KARNATAKA,Electricity,ಪದೇ ಪದೇ ವಿದ್ಯುತ್ ಕಡಿತವಾಗದಂತೆ ನಿರಂತರ ವಿದ್ಯುತ್ ನೀಡಲು ವಿನಂತಿ.,Kannada,Low,2026-07-13T11:10,Synthetic Demo Data
REQ003550,613168,Haragadde,Bangalore,KARNATAKA,Water,ಗ್ರಾಮಕ್ಕೆ ಶುದ್ಧ ಕುಡಿಯುವ ನೀರಿನ ಆರ್‌ಒ ಘಟಕದ ಅಗತ್ಯವಿದೆ.,Kannada,High,2026-07-25T10:44,Synthetic Demo Data
REQ003551,613168,Haragadde,Bangalore,KARNATAKA,Public Transport,The village needs better bus frequency during morning and evening hours.,English,Medium,2026-07-18T12:36,Synthetic Demo Data
REQ003552,613168,Haragadde,Bangalore,KARNATAKA,Banking,ಗ್ರಾಮದಲ್ಲಿ ಬ್ಯಾಂಕ್ ಸೇವೆಗಳು ಮತ್ತು ಸಾಲ ಸೌಲಭ್ಯಗಳು ಸುಲಭವಾಗಿ ಸಿಗುತ್ತಿಲ್ಲ.,Kannada,High,2026-09-10T10:20,Synthetic Demo Data
REQ003553,613168,Haragadde,Bangalore,KARNATAKA,Waste Management,ವಸತಿ ಪ್ರದೇಶಗಳ ಬಳಿ ಕಸ ಶೇಖರಣೆಯಾಗುತ್ತಿದೆ.,Kannada,Low,2026-08-28T18:39,Synthetic Demo Data
REQ003554,613168,Haragadde,Bangalore,KARNATAKA,Banking,The village needs better access to banking facilities and loan services.,English,High,2026-08-30T13:39,Synthetic Demo Data
REQ003555,613168,Haragadde,Bangalore,KARNATAKA,Banking,"ಬ್ಯಾಂಕಿಂಗ್ ಸೇವೆಗೆ 10 ಕಿ.ಮೀ ದೂರ ಹೋಗಬೇಕಾಗಿದ್ದು, ಸ್ಥಳೀಯ ಕಿಯೋಸ್ಕ್ ಅಗತ್ಯವಿದೆ.",Kannada,Medium,2026-08-13T10:02,Synthetic Demo Data
REQ003556,613168,Haragadde,Bangalore,KARNATAKA,Drainage,Drainage overflows during heavy rain and causes waterlogging near the school.,English,Medium,2026-08-02T06:04,Synthetic Demo Data
REQ003557,613168,Haragadde,Bangalore,KARNATAKA,Healthcare,ನಮ್ಮ ಗ್ರಾಮಕ್ಕೆ ಪ್ರಾಥಮಿಕ ಆರೋಗ್ಯ ಕೇಂದ್ರದ ಸುಲಭ ಪ್ರವೇಶ ಬೇಕಾಗಿದೆ.,Kannada,Medium,2026-08-07T10:13,Synthetic Demo Data
REQ003558,613168,Haragadde,Bangalore,KARNATAKA,Banking,ಎಟಿಎಂ ಅಥವಾ ಗ್ರಾಮ ಬ್ಯಾಂಕಿಂಗ್ ಸೇವೆ ಒದಗಿಸಲು ಸಾರ್ವಜನಿಕರ ಮನವಿ.,Kannada,Medium,2026-09-06T10:56,Synthetic Demo Data
REQ003559,613168,Haragadde,Bangalore,KARNATAKA,Digital Connectivity,Residents have limited access to high-speed internet and CSC services.,English,High,2026-08-11T08:21,Synthetic Demo Data
REQ003560,613168,Haragadde,Bangalore,KARNATAKA,Banking,People are requesting easier access to ATM or banking kiosk services.,English,Low,2026-07-08T20:20,Synthetic Demo Data
REQ003561,613168,Haragadde,Bangalore,KARNATAKA,Healthcare,Residents are requesting improved local healthcare access and medicine availability.,English,High,2026-09-09T13:07,Synthetic Demo Data
REQ003562,613168,Haragadde,Bangalore,KARNATAKA,Water,The village needs improved access to safe drinking water RO plant.,English,Medium,2026-08-01T12:43,Synthetic Demo Data
REQ003563,613168,Haragadde,Bangalore,KARNATAKA,Waste Management,Waste is accumulating near residential areas and temple road.,English,Low,2026-07-20T10:31,Synthetic Demo Data
REQ003564,613180,Hennagara,Bangalore,KARNATAKA,Healthcare,ನಮ್ಮ ಗ್ರಾಮಕ್ಕೆ ಪ್ರಾಥಮಿಕ ಆರೋಗ್ಯ ಕೇಂದ್ರದ ಸುಲಭ ಪ್ರವೇಶ ಬೇಕಾಗಿದೆ.,Kannada,Low,2026-08-23T07:25,Synthetic Demo Data
REQ003565,613180,Hennagara,Bangalore,KARNATAKA,Healthcare,ಸಂಜೆ 5 ರ ನಂತರ ಸಮೀಪದ ಆರೋಗ್ಯ ಕೇಂದ್ರಕ್ಕೆ ಹೋಗಲು ಕಷ್ಟವಾಗುತ್ತಿದೆ.,Kannada,High,2026-08-26T06:13,Synthetic Demo Data
REQ003566,613180,Hennagara,Bangalore,KARNATAKA,Education,ಸ್ಥಳೀಯ ಸರ್ಕಾರಿ ಶಾಲೆಯಲ್ಲಿ ಕಂಪ್ಯೂಟರ್ ಹಾಗೂ ಶೌಚಾಲಯ ಸೌಲಭ್ಯ ಕಲ್ಪಿಸಲು ಮನವಿ.,Kannada,Medium,2026-08-12T16:10,Synthetic Demo Data
REQ003567,613180,Hennagara,Bangalore,KARNATAKA,Digital Connectivity,People are requesting a local digital service facility (Bapuji Seva Kendra).,English,Medium,2026-07-11T07:40,Synthetic Demo Data
REQ003568,613180,Hennagara,Bangalore,KARNATAKA,Healthcare,Residents are requesting improved local healthcare access and medicine availability.,English,High,2026-09-02T14:01,Synthetic Demo Data
REQ003569,613180,Hennagara,Bangalore,KARNATAKA,Digital Connectivity,Residents have limited access to high-speed internet and CSC services.,English,Medium,2026-08-16T11:27,Synthetic Demo Data
REQ003570,613180,Hennagara,Bangalore,KARNATAKA,Healthcare,ಸ್ಥಳೀಯ ಆರೋಗ್ಯ ಸೇವೆಗಳು ಮತ್ತು ಔಷಧಿಗಳ ಲಭ್ಯತೆಯನ್ನು ಸುಧಾರಿಸಲು ವಿನಂತಿ.,Kannada,Low,2026-08-25T11:00,Synthetic Demo Data
REQ003571,613180,Hennagara,Bangalore,KARNATAKA,Banking,ಗ್ರಾಮದಲ್ಲಿ ಬ್ಯಾಂಕ್ ಸೇವೆಗಳು ಮತ್ತು ಸಾಲ ಸೌಲಭ್ಯಗಳು ಸುಲಭವಾಗಿ ಸಿಗುತ್ತಿಲ್ಲ.,Kannada,High,2026-09-04T17:40,Synthetic Demo Data
REQ003572,613180,Hennagara,Bangalore,KARNATAKA,Banking,The village needs better access to banking facilities and loan services.,English,Low,2026-08-03T19:46,Synthetic Demo Data
REQ003573,613180,Hennagara,Bangalore,KARNATAKA,Drainage,Poor drainage is causing stagnant water and mosquito breeding in the village.,English,High,2026-09-01T12:06,Synthetic Demo Data
REQ003574,613180,Hennagara,Bangalore,KARNATAKA,Healthcare,ಸ್ಥಳೀಯ ಆರೋಗ್ಯ ಸೇವೆಗಳು ಮತ್ತು ಔಷಧಿಗಳ ಲಭ್ಯತೆಯನ್ನು ಸುಧಾರಿಸಲು ವಿನಂತಿ.,Kannada,Medium,2026-09-12T21:47,Synthetic Demo Data
REQ003575,613180,Hennagara,Bangalore,KARNATAKA,Education,ಸ್ಥಳೀಯ ಸರ್ಕಾರಿ ಶಾಲೆಯಲ್ಲಿ ಕಂಪ್ಯೂಟರ್ ಹಾಗೂ ಶೌಚಾಲಯ ಸೌಲಭ್ಯ ಕಲ್ಪಿಸಲು ಮನವಿ.,Kannada,Low,2026-09-15T08:16,Synthetic Demo Data
REQ003576,613180,Hennagara,Bangalore,KARNATAKA,Education,Residents are requesting better facilities and computers in the local school.,English,High,2026-08-10T16:00,Synthetic Demo Data
REQ003577,613180,Hennagara,Bangalore,KARNATAKA,Banking,Residents have limited access to nearby banking services and have to travel 10 km.,English,High,2026-08-23T19:18,Synthetic Demo Data
REQ003578,613180,Hennagara,Bangalore,KARNATAKA,Drainage,ಭಾರೀ ಮಳೆಯಾದಾಗ ಚರಂಡಿ ಉಕ್ಕಿ ಶಾಲೆ ಬಳಿ ನೀರು ನಿಲ್ಲುತ್ತದೆ.,Kannada,Low,2026-08-02T18:06,Synthetic Demo Data
REQ003579,613180,Hennagara,Bangalore,KARNATAKA,Drainage,ವಸತಿ ಪ್ರದೇಶದ ಬಳಿ ಕಾಂಕ್ರೀಟ್ ಮುಚ್ಚಿದ ಚರಂಡಿ ನಿರ್ಮಿಸಲು ವಿನಂತಿ.,Kannada,Medium,2026-09-07T08:42,Synthetic Demo Data
REQ003580,613180,Hennagara,Bangalore,KARNATAKA,Banking,"ಬ್ಯಾಂಕಿಂಗ್ ಸೇವೆಗೆ 10 ಕಿ.ಮೀ ದೂರ ಹೋಗಬೇಕಾಗಿದ್ದು, ಸ್ಥಳೀಯ ಕಿಯೋಸ್ಕ್ ಅಗತ್ಯವಿದೆ.",Kannada,High,2026-08-13T13:16,Synthetic Demo Data
REQ003581,613180,Hennagara,Bangalore,KARNATAKA,Water,Residents report difficulty getting reliable drinking water in summer.,English,Medium,2026-08-25T11:08,Synthetic Demo Data
REQ003582,613180,Hennagara,Bangalore,KARNATAKA,Banking,Residents have limited access to nearby banking services and have to travel 10 km.,English,Medium,2026-08-08T21:19,Synthetic Demo Data
REQ003583,613180,Hennagara,Bangalore,KARNATAKA,Drainage,Residents are requesting proper concrete covered drainage near residential areas.,English,High,2026-08-20T20:47,Synthetic Demo Data
REQ003584,613180,Hennagara,Bangalore,KARNATAKA,Healthcare,ಸ್ಥಳೀಯ ಆರೋಗ್ಯ ಸೇವೆಗಳು ಮತ್ತು ಔಷಧಿಗಳ ಲಭ್ಯತೆಯನ್ನು ಸುಧಾರಿಸಲು ವಿನಂತಿ.,Kannada,Medium,2026-09-06T10:58,Synthetic Demo Data
REQ003585,613180,Hennagara,Bangalore,KARNATAKA,Banking,"ಬ್ಯಾಂಕಿಂಗ್ ಸೇವೆಗೆ 10 ಕಿ.ಮೀ ದೂರ ಹೋಗಬೇಕಾಗಿದ್ದು, ಸ್ಥಳೀಯ ಕಿಯೋಸ್ಕ್ ಅಗತ್ಯವಿದೆ.",Kannada,Medium,2026-08-31T07:21,Synthetic Demo Data
REQ003586,613180,Hennagara,Bangalore,KARNATAKA,Digital Connectivity,इंटरनेट और डिजिटल सेवा केंद्र की जरूरत है।,Hindi,High,2026-09-05T07:24,Synthetic Demo Data
REQ003587,613180,Hennagara,Bangalore,KARNATAKA,Public Transport,बस सेवा बढ़ाने का अनुरोध किया गया है।,Hindi,Medium,2026-08-02T17:25,Synthetic Demo Data
REQ003588,613180,Hennagara,Bangalore,KARNATAKA,Waste Management,Residents are requesting a better door-to-door waste collection system.,English,Medium,2026-08-04T18:01,Synthetic Demo Data
REQ003589,613180,Hennagara,Bangalore,KARNATAKA,Public Transport,ಮೆಟ್ರೋ ನಿಲ್ದಾಣಕ್ಕೆ ನೇರ ಬಸ್ ಸಂಪರ್ಕ ಕಲ್ಪಿಸಲು ಗ್ರಾಮಸ್ಥರ ಕೋರಿಕೆ.,Kannada,Medium,2026-08-04T18:12,Synthetic Demo Data
REQ003590,613180,Hennagara,Bangalore,KARNATAKA,Banking,ಎಟಿಎಂ ಅಥವಾ ಗ್ರಾಮ ಬ್ಯಾಂಕಿಂಗ್ ಸೇವೆ ಒದಗಿಸಲು ಸಾರ್ವಜನಿಕರ ಮನವಿ.,Kannada,Low,2026-08-26T10:12,Synthetic Demo Data
REQ003591,613180,Hennagara,Bangalore,KARNATAKA,Healthcare,ಸ್ಥಳೀಯ ಆರೋಗ್ಯ ಸೇವೆಗಳು ಮತ್ತು ಔಷಧಿಗಳ ಲಭ್ಯತೆಯನ್ನು ಸುಧಾರಿಸಲು ವಿನಂತಿ.,Kannada,High,2026-07-19T19:05,Synthetic Demo Data
REQ003592,613182,Kachanaikanahalli,Bangalore,KARNATAKA,Healthcare,ನಮ್ಮ ಗ್ರಾಮಕ್ಕೆ ಪ್ರಾಥಮಿಕ ಆರೋಗ್ಯ ಕೇಂದ್ರದ ಸುಲಭ ಪ್ರವೇಶ ಬೇಕಾಗಿದೆ.,Kannada,Medium,2026-08-15T16:46,Synthetic Demo Data
REQ003593,613182,Kachanaikanahalli,Bangalore,KARNATAKA,Healthcare,ಸಂಜೆ 5 ರ ನಂತರ ಸಮೀಪದ ಆರೋಗ್ಯ ಕೇಂದ್ರಕ್ಕೆ ಹೋಗಲು ಕಷ್ಟವಾಗುತ್ತಿದೆ.,Kannada,High,2026-09-05T18:20,Synthetic Demo Data
REQ003594,613182,Kachanaikanahalli,Bangalore,KARNATAKA,Road,Residents are requesting improvement of road connectivity to the taluk center.,English,Medium,2026-07-23T14:30,Synthetic Demo Data
REQ003595,613182,Kachanaikanahalli,Bangalore,KARNATAKA,Healthcare,ನಮ್ಮ ಗ್ರಾಮಕ್ಕೆ ಪ್ರಾಥಮಿಕ ಆರೋಗ್ಯ ಕೇಂದ್ರದ ಸುಲಭ ಪ್ರವೇಶ ಬೇಕಾಗಿದೆ.,Kannada,Medium,2026-08-27T16:33,Synthetic Demo Data
REQ003596,613182,Kachanaikanahalli,Bangalore,KARNATAKA,Electricity,ಗ್ರಾಮದ ಪ್ರಮುಖ ರಸ್ತೆಗಳಲ್ಲಿ ಬೀದಿದೀಪಗಳ ಸೌಲಭ್ಯ ಕಲ್ಪಿಸಬೇಕಾಗಿದೆ.,Kannada,Low,2026-08-07T07:22,Synthetic Demo Data
REQ003597,613182,Kachanaikanahalli,Bangalore,KARNATAKA,Drainage,ಚರಂಡಿ ಕೊರತೆಯಿಂದ ನೀರು ನಿಂತು ಸೊಳ್ಳೆಗಳ ಕಾಟ ಹೆಚ್ಚಾಗಿದೆ.,Kannada,High,2026-07-20T11:57,Synthetic Demo Data
REQ003598,613182,Kachanaikanahalli,Bangalore,KARNATAKA,Waste Management,ಕಸವನ್ನು ನಿಯಮಿತವಾಗಿ ವಿಲೇವಾರಿ ಮಾಡಲಾಗುತ್ತಿಲ್ಲ.,Kannada,Medium,2026-09-14T21:59,Synthetic Demo Data
REQ003599,613182,Kachanaikanahalli,Bangalore,KARNATAKA,Waste Management,ಕಸವನ್ನು ನಿಯಮಿತವಾಗಿ ವಿಲೇವಾರಿ ಮಾಡಲಾಗುತ್ತಿಲ್ಲ.,Kannada,High,2026-08-22T19:01,Synthetic Demo Data
REQ003600,613182,Kachanaikanahalli,Bangalore,KARNATAKA,Healthcare,ಸಂಜೆ 5 ರ ನಂತರ ಸಮೀಪದ ಆರೋಗ್ಯ ಕೇಂದ್ರಕ್ಕೆ ಹೋಗಲು ಕಷ್ಟವಾಗುತ್ತಿದೆ.,Kannada,Low,2026-07-06T08:28,Synthetic Demo Data
REQ003601,613182,Kachanaikanahalli,Bangalore,KARNATAKA,Water,ಬೇಸಿಗೆಯಲ್ಲಿ ಶುದ್ಧ ಕುಡಿಯುವ ನೀರಿನ ಕೊರತೆ ಎದುರಾಗುತ್ತಿದೆ.,Kannada,High,2026-08-08T14:09,Synthetic Demo Data
REQ003602,613182,Kachanaikanahalli,Bangalore,KARNATAKA,Banking,ಗ್ರಾಮದಲ್ಲಿ ಬ್ಯಾಂಕ್ ಸೇವೆಗಳು ಮತ್ತು ಸಾಲ ಸೌಲಭ್ಯಗಳು ಸುಲಭವಾಗಿ ಸಿಗುತ್ತಿಲ್ಲ.,Kannada,High,2026-07-06T16:46,Synthetic Demo Data
REQ003603,613182,Kachanaikanahalli,Bangalore,KARNATAKA,Water,Water supply pressure is insufficient for residents on higher lanes.,English,High,2026-09-16T14:47,Synthetic Demo Data
REQ003604,613182,Kachanaikanahalli,Bangalore,KARNATAKA,Drainage,ವಸತಿ ಪ್ರದೇಶದ ಬಳಿ ಕಾಂಕ್ರೀಟ್ ಮುಚ್ಚಿದ ಚರಂಡಿ ನಿರ್ಮಿಸಲು ವಿನಂತಿ.,Kannada,High,2026-08-25T08:52,Synthetic Demo Data
REQ003605,613182,Kachanaikanahalli,Bangalore,KARNATAKA,Education,The village needs improved educational facilities and playground repair.,English,Low,2026-07-18T14:21,Synthetic Demo Data
REQ003606,613182,Kachanaikanahalli,Bangalore,KARNATAKA,Banking,People are requesting easier access to ATM or banking kiosk services.,English,High,2026-08-19T14:33,Synthetic Demo Data
REQ003607,613182,Kachanaikanahalli,Bangalore,KARNATAKA,Water,ಬೇಸಿಗೆಯಲ್ಲಿ ಶುದ್ಧ ಕುಡಿಯುವ ನೀರಿನ ಕೊರತೆ ಎದುರಾಗುತ್ತಿದೆ.,Kannada,Medium,2026-08-15T18:48,Synthetic Demo Data
REQ003608,613182,Kachanaikanahalli,Bangalore,KARNATAKA,Public Transport,ವಿಶ್ವಾಸಾರ್ಹ ಸಾರಿಗೆ ಬಸ್ ಸೇವೆಗಳನ್ನು ಹೆಚ್ಚಿಸಲು ವಿನಂತಿ.,Kannada,Low,2026-07-02T16:31,Synthetic Demo Data
REQ003609,613182,Kachanaikanahalli,Bangalore,KARNATAKA,Digital Connectivity,इंटरनेट और डिजिटल सेवा केंद्र की जरूरत है।,Hindi,High,2026-07-03T16:37,Synthetic Demo Data
REQ003610,613182,Kachanaikanahalli,Bangalore,KARNATAKA,Banking,People are requesting easier access to ATM or banking kiosk services.,English,High,2026-08-25T06:10,Synthetic Demo Data
REQ003611,613182,Kachanaikanahalli,Bangalore,KARNATAKA,Public Transport,ಬೆಳಿಗ್ಗೆ ಮತ್ತು ಸಂಜೆ ವೇಳೆಯಲ್ಲಿ ಹೆಚ್ಚಿನ ಬಸ್ ಸಂಚಾರ ಬೇಕಾಗಿದೆ.,Kannada,Medium,2026-07-06T13:05,Synthetic Demo Data
REQ003612,613182,Kachanaikanahalli,Bangalore,KARNATAKA,Road,ಗ್ರಾಮದ ಮುಖ್ಯ ರಸ್ತೆ ಹಾಳಾಗಿದ್ದು ಸಂಚಾರಕ್ಕೆ ತೊಂದರೆಯಾಗಿದೆ.,Kannada,High,2026-08-05T06:29,Synthetic Demo Data
REQ003613,613182,Kachanaikanahalli,Bangalore,KARNATAKA,Waste Management,ಕಸವನ್ನು ನಿಯಮಿತವಾಗಿ ವಿಲೇವಾರಿ ಮಾಡಲಾಗುತ್ತಿಲ್ಲ.,Kannada,High,2026-09-11T20:42,Synthetic Demo Data
REQ003614,613182,Kachanaikanahalli,Bangalore,KARNATAKA,Healthcare,ಸಂಜೆ 5 ರ ನಂತರ ಸಮೀಪದ ಆರೋಗ್ಯ ಕೇಂದ್ರಕ್ಕೆ ಹೋಗಲು ಕಷ್ಟವಾಗುತ್ತಿದೆ.,Kannada,Medium,2026-09-17T17:07,Synthetic Demo Data
REQ003615,613182,Kachanaikanahalli,Bangalore,KARNATAKA,Digital Connectivity,ಹೈಸ್ಪೀಡ್ ಇಂಟರ್ನೆಟ್ ಮತ್ತು ಸಿಎಸ್ಸಿ ಸೇವೆಗಳು ಲಭ್ಯವಿಲ್ಲ.,Kannada,Medium,2026-09-05T11:12,Synthetic Demo Data
REQ003616,613182,Kachanaikanahalli,Bangalore,KARNATAKA,Water,ಮೇಲ್ಭಾಗದ ಬಡಾವಣೆಗಳಿಗೆ ನೀರಿನ ಸರಬರಾಜು ಒತ್ತಡ ಸಾಲುತ್ತಿಲ್ಲ.,Kannada,High,2026-09-16T16:50,Synthetic Demo Data
REQ003617,613182,Kachanaikanahalli,Bangalore,KARNATAKA,Digital Connectivity,The village needs better mobile network coverage in interior areas.,English,Medium,2026-08-05T09:36,Synthetic Demo Data
REQ003618,613182,Kachanaikanahalli,Bangalore,KARNATAKA,Healthcare,ನಮ್ಮ ಗ್ರಾಮಕ್ಕೆ ಪ್ರಾಥಮಿಕ ಆರೋಗ್ಯ ಕೇಂದ್ರದ ಸುಲಭ ಪ್ರವೇಶ ಬೇಕಾಗಿದೆ.,Kannada,High,2026-08-24T06:47,Synthetic Demo Data
REQ003619,613182,Kachanaikanahalli,Bangalore,KARNATAKA,Digital Connectivity,Residents have limited access to high-speed internet and CSC services.,English,Medium,2026-08-05T11:29,Synthetic Demo Data
REQ003620,613182,Kachanaikanahalli,Bangalore,KARNATAKA,Healthcare,ಸ್ಥಳೀಯ ಆರೋಗ್ಯ ಸೇವೆಗಳು ಮತ್ತು ಔಷಧಿಗಳ ಲಭ್ಯತೆಯನ್ನು ಸುಧಾರಿಸಲು ವಿನಂತಿ.,Kannada,High,2026-08-26T12:44,Synthetic Demo Data
REQ003621,613182,Kachanaikanahalli,Bangalore,KARNATAKA,Water,ಮೇಲ್ಭಾಗದ ಬಡಾವಣೆಗಳಿಗೆ ನೀರಿನ ಸರಬರಾಜು ಒತ್ತಡ ಸಾಲುತ್ತಿಲ್ಲ.,Kannada,High,2026-07-12T17:05,Synthetic Demo Data
REQ003622,613182,Kachanaikanahalli,Bangalore,KARNATAKA,Banking,ಎಟಿಎಂ ಅಥವಾ ಗ್ರಾಮ ಬ್ಯಾಂಕಿಂಗ್ ಸೇವೆ ಒದಗಿಸಲು ಸಾರ್ವಜನಿಕರ ಮನವಿ.,Kannada,Medium,2026-09-03T10:18,Synthetic Demo Data
REQ003623,613182,Kachanaikanahalli,Bangalore,KARNATAKA,Electricity,Residents report voltage fluctuations affecting agriculture pump sets.,English,Low,2026-09-11T15:26,Synthetic Demo Data
REQ003624,613182,Kachanaikanahalli,Bangalore,KARNATAKA,Digital Connectivity,People are requesting a local digital service facility (Bapuji Seva Kendra).,English,Low,2026-07-20T13:08,Synthetic Demo Data
REQ003625,613182,Kachanaikanahalli,Bangalore,KARNATAKA,Healthcare,ಸ್ಥಳೀಯ ಆರೋಗ್ಯ ಸೇವೆಗಳು ಮತ್ತು ಔಷಧಿಗಳ ಲಭ್ಯತೆಯನ್ನು ಸುಧಾರಿಸಲು ವಿನಂತಿ.,Kannada,Medium,2026-08-27T06:09,Synthetic Demo Data
REQ003626,613182,Kachanaikanahalli,Bangalore,KARNATAKA,Banking,"ಬ್ಯಾಂಕಿಂಗ್ ಸೇವೆಗೆ 10 ಕಿ.ಮೀ ದೂರ ಹೋಗಬೇಕಾಗಿದ್ದು, ಸ್ಥಳೀಯ ಕಿಯೋಸ್ಕ್ ಅಗತ್ಯವಿದೆ.",Kannada,Low,2026-07-08T07:45,Synthetic Demo Data
REQ003627,613182,Kachanaikanahalli,Bangalore,KARNATAKA,Electricity,Residents report voltage fluctuations affecting agriculture pump sets.,English,High,2026-08-04T20:03,Synthetic Demo Data
REQ003628,613182,Kachanaikanahalli,Bangalore,KARNATAKA,Digital Connectivity,Residents have limited access to high-speed internet and CSC services.,English,Low,2026-09-13T16:45,Synthetic Demo Data
REQ003629,613182,Kachanaikanahalli,Bangalore,KARNATAKA,Waste Management,Waste is accumulating near residential areas and temple road.,English,Medium,2026-08-10T16:12,Synthetic Demo Data
REQ003630,613182,Kachanaikanahalli,Bangalore,KARNATAKA,Education,ಗ್ರಾಮದ ಶಾಲಾ ಆವರಣ ಹಾಗೂ ಆಟದ ಮೈದಾನ ದುರಸ್ತಿ ಮಾಡಬೇಕಾಗಿದೆ.,Kannada,Medium,2026-07-06T20:47,Synthetic Demo Data
REQ003631,613182,Kachanaikanahalli,Bangalore,KARNATAKA,Waste Management,ವಸತಿ ಪ್ರದೇಶಗಳ ಬಳಿ ಕಸ ಶೇಖರಣೆಯಾಗುತ್ತಿದೆ.,Kannada,Medium,2026-08-11T21:38,Synthetic Demo Data
REQ003632,613182,Kachanaikanahalli,Bangalore,KARNATAKA,Water,The village needs improved access to safe drinking water RO plant.,English,Medium,2026-09-16T18:10,Synthetic Demo Data
REQ003633,613182,Kachanaikanahalli,Bangalore,KARNATAKA,Healthcare,ಸ್ಥಳೀಯ ಆರೋಗ್ಯ ಸೇವೆಗಳು ಮತ್ತು ಔಷಧಿಗಳ ಲಭ್ಯತೆಯನ್ನು ಸುಧಾರಿಸಲು ವಿನಂತಿ.,Kannada,High,2026-09-04T20:26,Synthetic Demo Data
REQ003634,613182,Kachanaikanahalli,Bangalore,KARNATAKA,Waste Management,ಕಸವನ್ನು ನಿಯಮಿತವಾಗಿ ವಿಲೇವಾರಿ ಮಾಡಲಾಗುತ್ತಿಲ್ಲ.,Kannada,Low,2026-08-31T18:05,Synthetic Demo Data
REQ003635,613182,Kachanaikanahalli,Bangalore,KARNATAKA,Waste Management,Residents are requesting a better door-to-door waste collection system.,English,High,2026-07-15T06:40,Synthetic Demo Data
REQ003636,613182,Kachanaikanahalli,Bangalore,KARNATAKA,Banking,Residents have limited access to nearby banking services and have to travel 10 km.,English,Low,2026-09-08T09:09,Synthetic Demo Data
REQ003637,613201,Muthanallur,Bangalore,KARNATAKA,Banking,Residents have limited access to nearby banking services and have to travel 10 km.,English,Medium,2026-08-19T09:32,Synthetic Demo Data
REQ003638,613201,Muthanallur,Bangalore,KARNATAKA,Electricity,People are requesting more reliable power supply without frequent cuts.,English,Medium,2026-09-01T06:58,Synthetic Demo Data
REQ003639,613201,Muthanallur,Bangalore,KARNATAKA,Road,The road becomes waterlogged and difficult to travel on during the rainy season.,English,High,2026-07-16T07:29,Synthetic Demo Data
REQ003640,613201,Muthanallur,Bangalore,KARNATAKA,Digital Connectivity,ಗ್ರಾಮ ಪಂಚಾಯತ್ ವ್ಯಾಪ್ತಿಯಲ್ಲಿ ಬಾಪೂಜಿ ಸೇವಾ ಕೇಂದ್ರ / ಡಿಜಿಟಲ್ ಕೇಂದ್ರ ಬೇಕು.,Kannada,Medium,2026-07-19T18:35,Synthetic Demo Data
REQ003641,613201,Muthanallur,Bangalore,KARNATAKA,Digital Connectivity,ಹೈಸ್ಪೀಡ್ ಇಂಟರ್ನೆಟ್ ಮತ್ತು ಸಿಎಸ್ಸಿ ಸೇವೆಗಳು ಲಭ್ಯವಿಲ್ಲ.,Kannada,Low,2026-09-04T19:42,Synthetic Demo Data
REQ003642,613201,Muthanallur,Bangalore,KARNATAKA,Waste Management,Garbage is not being collected regularly in residential lanes.,English,High,2026-08-10T07:26,Synthetic Demo Data
REQ003643,613201,Muthanallur,Bangalore,KARNATAKA,Healthcare,ಸ್ಥಳೀಯ ಆರೋಗ್ಯ ಸೇವೆಗಳು ಮತ್ತು ಔಷಧಿಗಳ ಲಭ್ಯತೆಯನ್ನು ಸುಧಾರಿಸಲು ವಿನಂತಿ.,Kannada,Medium,2026-09-05T13:12,Synthetic Demo Data
REQ003644,613201,Muthanallur,Bangalore,KARNATAKA,Waste Management,Garbage is not being collected regularly in residential lanes.,English,Low,2026-08-26T13:47,Synthetic Demo Data
REQ003645,613201,Muthanallur,Bangalore,KARNATAKA,Drainage,ವಸತಿ ಪ್ರದೇಶದ ಬಳಿ ಕಾಂಕ್ರೀಟ್ ಮುಚ್ಚಿದ ಚರಂಡಿ ನಿರ್ಮಿಸಲು ವಿನಂತಿ.,Kannada,Low,2026-07-28T09:20,Synthetic Demo Data
REQ003646,613201,Muthanallur,Bangalore,KARNATAKA,Waste Management,Residents are requesting a better door-to-door waste collection system.,English,Low,2026-08-10T20:43,Synthetic Demo Data
REQ003647,613201,Muthanallur,Bangalore,KARNATAKA,Banking,"ಬ್ಯಾಂಕಿಂಗ್ ಸೇವೆಗೆ 10 ಕಿ.ಮೀ ದೂರ ಹೋಗಬೇಕಾಗಿದ್ದು, ಸ್ಥಳೀಯ ಕಿಯೋಸ್ಕ್ ಅಗತ್ಯವಿದೆ.",Kannada,High,2026-08-31T13:33,Synthetic Demo Data
REQ003648,613201,Muthanallur,Bangalore,KARNATAKA,Waste Management,Waste is accumulating near residential areas and temple road.,English,High,2026-08-17T12:06,Synthetic Demo Data
REQ003649,613201,Muthanallur,Bangalore,KARNATAKA,Banking,ಗ್ರಾಮದಲ್ಲಿ ಬ್ಯಾಂಕ್ ಸೇವೆಗಳು ಮತ್ತು ಸಾಲ ಸೌಲಭ್ಯಗಳು ಸುಲಭವಾಗಿ ಸಿಗುತ್ತಿಲ್ಲ.,Kannada,Low,2026-07-07T09:48,Synthetic Demo Data
REQ003650,613201,Muthanallur,Bangalore,KARNATAKA,Drainage,ವಸತಿ ಪ್ರದೇಶದ ಬಳಿ ಕಾಂಕ್ರೀಟ್ ಮುಚ್ಚಿದ ಚರಂಡಿ ನಿರ್ಮಿಸಲು ವಿನಂತಿ.,Kannada,Medium,2026-07-07T12:25,Synthetic Demo Data
REQ003651,613201,Muthanallur,Bangalore,KARNATAKA,Education,ಸ್ಥಳೀಯ ಸರ್ಕಾರಿ ಶಾಲೆಯಲ್ಲಿ ಕಂಪ್ಯೂಟರ್ ಹಾಗೂ ಶೌಚಾಲಯ ಸೌಲಭ್ಯ ಕಲ್ಪಿಸಲು ಮನವಿ.,Kannada,Medium,2026-08-20T08:47,Synthetic Demo Data
REQ003652,613201,Muthanallur,Bangalore,KARNATAKA,Water,The village needs improved access to safe drinking water RO plant.,English,Medium,2026-09-07T07:55,Synthetic Demo Data
REQ003653,613201,Muthanallur,Bangalore,KARNATAKA,Banking,ಗ್ರಾಮದಲ್ಲಿ ಬ್ಯಾಂಕ್ ಸೇವೆಗಳು ಮತ್ತು ಸಾಲ ಸೌಲಭ್ಯಗಳು ಸುಲಭವಾಗಿ ಸಿಗುತ್ತಿಲ್ಲ.,Kannada,Low,2026-08-04T17:27,Synthetic Demo Data
REQ003654,613201,Muthanallur,Bangalore,KARNATAKA,Education,ಸ್ಥಳೀಯ ಸರ್ಕಾರಿ ಶಾಲೆಯಲ್ಲಿ ಕಂಪ್ಯೂಟರ್ ಹಾಗೂ ಶೌಚಾಲಯ ಸೌಲಭ್ಯ ಕಲ್ಪಿಸಲು ಮನವಿ.,Kannada,Medium,2026-08-07T06:58,Synthetic Demo Data
REQ003655,613201,Muthanallur,Bangalore,KARNATAKA,Electricity,ವೋಲ್ಟೇಜ್ ಏರಿಳಿತದಿಂದ ಪಂಪ್‌ಸೆಟ್‌ಗಳಿಗೆ ತೊಂದರೆಯಾಗುತ್ತಿದೆ.,Kannada,Medium,2026-08-24T15:52,Synthetic Demo Data
REQ003656,613201,Muthanallur,Bangalore,KARNATAKA,Water,ಬೇಸಿಗೆಯಲ್ಲಿ ಶುದ್ಧ ಕುಡಿಯುವ ನೀರಿನ ಕೊರತೆ ಎದುರಾಗುತ್ತಿದೆ.,Kannada,Medium,2026-08-31T12:48,Synthetic Demo Data
REQ003657,613201,Muthanallur,Bangalore,KARNATAKA,Healthcare,The village needs easier access to primary healthcare center.,English,Medium,2026-09-02T17:28,Synthetic Demo Data
REQ003658,613244,Mugalur,Bangalore,KARNATAKA,Public Transport,ವಿಶ್ವಾಸಾರ್ಹ ಸಾರಿಗೆ ಬಸ್ ಸೇವೆಗಳನ್ನು ಹೆಚ್ಚಿಸಲು ವಿನಂತಿ.,Kannada,Medium,2026-08-26T13:06,Synthetic Demo Data
REQ003659,613244,Mugalur,Bangalore,KARNATAKA,Education,स्कूल में बेहतर सुविधाओं और शिक्षकों की मांग है।,Hindi,High,2026-07-05T10:36,Synthetic Demo Data
REQ003660,613244,Mugalur,Bangalore,KARNATAKA,Banking,ಗ್ರಾಮದಲ್ಲಿ ಬ್ಯಾಂಕ್ ಸೇವೆಗಳು ಮತ್ತು ಸಾಲ ಸೌಲಭ್ಯಗಳು ಸುಲಭವಾಗಿ ಸಿಗುತ್ತಿಲ್ಲ.,Kannada,Low,2026-08-08T11:52,Synthetic Demo Data
REQ003661,613244,Mugalur,Bangalore,KARNATAKA,Waste Management,ಕಸವನ್ನು ನಿಯಮಿತವಾಗಿ ವಿಲೇವಾರಿ ಮಾಡಲಾಗುತ್ತಿಲ್ಲ.,Kannada,Medium,2026-08-17T08:35,Synthetic Demo Data
REQ003662,613244,Mugalur,Bangalore,KARNATAKA,Road,The road becomes waterlogged and difficult to travel on during the rainy season.,English,High,2026-08-25T18:01,Synthetic Demo Data
REQ003663,613244,Mugalur,Bangalore,KARNATAKA,Banking,The village needs better access to banking facilities and loan services.,English,High,2026-08-19T21:45,Synthetic Demo Data
REQ003664,613244,Mugalur,Bangalore,KARNATAKA,Waste Management,ಕಸವನ್ನು ನಿಯಮಿತವಾಗಿ ವಿಲೇವಾರಿ ಮಾಡಲಾಗುತ್ತಿಲ್ಲ.,Kannada,High,2026-09-12T17:34,Synthetic Demo Data
REQ003665,613244,Mugalur,Bangalore,KARNATAKA,Waste Management,ಮನೆ ಮನೆಗೆ ತೆರಳಿ ಕಸ ಸಂಗ್ರಹಿಸುವ ವ್ಯವಸ್ಥೆ ಬೇಕು ಎಂದು ನಿವಾಸಿಗಳು ಕೋರುತ್ತಿದ್ದಾರೆ.,Kannada,Medium,2026-09-17T09:27,Synthetic Demo Data
REQ003666,613244,Mugalur,Bangalore,KARNATAKA,Water,ಬೇಸಿಗೆಯಲ್ಲಿ ಶುದ್ಧ ಕುಡಿಯುವ ನೀರಿನ ಕೊರತೆ ಎದುರಾಗುತ್ತಿದೆ.,Kannada,Low,2026-07-22T08:32,Synthetic Demo Data
REQ003667,613244,Mugalur,Bangalore,KARNATAKA,Public Transport,ವಿಶ್ವಾಸಾರ್ಹ ಸಾರಿಗೆ ಬಸ್ ಸೇವೆಗಳನ್ನು ಹೆಚ್ಚಿಸಲು ವಿನಂತಿ.,Kannada,High,2026-08-06T09:14,Synthetic Demo Data
REQ003668,613244,Mugalur,Bangalore,KARNATAKA,Electricity,ವೋಲ್ಟೇಜ್ ಏರಿಳಿತದಿಂದ ಪಂಪ್‌ಸೆಟ್‌ಗಳಿಗೆ ತೊಂದರೆಯಾಗುತ್ತಿದೆ.,Kannada,Medium,2026-08-19T07:45,Synthetic Demo Data
REQ003669,613244,Mugalur,Bangalore,KARNATAKA,Digital Connectivity,People are requesting a local digital service facility (Bapuji Seva Kendra).,English,Medium,2026-08-27T15:01,Synthetic Demo Data
REQ003670,613244,Mugalur,Bangalore,KARNATAKA,Electricity,ಗ್ರಾಮದ ಪ್ರಮುಖ ರಸ್ತೆಗಳಲ್ಲಿ ಬೀದಿದೀಪಗಳ ಸೌಲಭ್ಯ ಕಲ್ಪಿಸಬೇಕಾಗಿದೆ.,Kannada,Low,2026-09-07T18:18,Synthetic Demo Data
REQ003671,613244,Mugalur,Bangalore,KARNATAKA,Public Transport,बस सेवा बढ़ाने का अनुरोध किया गया है।,Hindi,Medium,2026-07-04T10:27,Synthetic Demo Data
REQ003672,613244,Mugalur,Bangalore,KARNATAKA,Banking,Residents have limited access to nearby banking services and have to travel 10 km.,English,High,2026-09-13T18:45,Synthetic Demo Data
REQ003673,613244,Mugalur,Bangalore,KARNATAKA,Banking,ಎಟಿಎಂ ಅಥವಾ ಗ್ರಾಮ ಬ್ಯಾಂಕಿಂಗ್ ಸೇವೆ ಒದಗಿಸಲು ಸಾರ್ವಜನಿಕರ ಮನವಿ.,Kannada,Medium,2026-08-27T20:07,Synthetic Demo Data
REQ003674,613244,Mugalur,Bangalore,KARNATAKA,Digital Connectivity,ಹೈಸ್ಪೀಡ್ ಇಂಟರ್ನೆಟ್ ಮತ್ತು ಸಿಎಸ್ಸಿ ಸೇವೆಗಳು ಲಭ್ಯವಿಲ್ಲ.,Kannada,Medium,2026-07-10T06:08,Synthetic Demo Data
REQ003675,613244,Mugalur,Bangalore,KARNATAKA,Banking,People are requesting easier access to ATM or banking kiosk services.,English,High,2026-07-05T10:50,Synthetic Demo Data
REQ003676,613244,Mugalur,Bangalore,KARNATAKA,Banking,"ಬ್ಯಾಂಕಿಂಗ್ ಸೇವೆಗೆ 10 ಕಿ.ಮೀ ದೂರ ಹೋಗಬೇಕಾಗಿದ್ದು, ಸ್ಥಳೀಯ ಕಿಯೋಸ್ಕ್ ಅಗತ್ಯವಿದೆ.",Kannada,Medium,2026-07-29T14:39,Synthetic Demo Data
REQ003677,613254,Gollahalli,Bangalore,KARNATAKA,Education,ಬಸ್ ಕೊರತೆಯಿಂದ ವಿದ್ಯಾರ್ಥಿಗಳಿಗೆ ಪ್ರೌಢಶಾಲೆಗೆ ಹೋಗಲು ತೊಂದರೆಯಾಗಿದೆ.,Kannada,Medium,2026-08-24T13:57,Synthetic Demo Data
REQ003678,613254,Gollahalli,Bangalore,KARNATAKA,Healthcare,ಸ್ಥಳೀಯ ಆರೋಗ್ಯ ಸೇವೆಗಳು ಮತ್ತು ಔಷಧಿಗಳ ಲಭ್ಯತೆಯನ್ನು ಸುಧಾರಿಸಲು ವಿನಂತಿ.,Kannada,High,2026-08-30T20:39,Synthetic Demo Data
REQ003679,613254,Gollahalli,Bangalore,KARNATAKA,Drainage,ಚರಂಡಿ ಕೊರತೆಯಿಂದ ನೀರು ನಿಂತು ಸೊಳ್ಳೆಗಳ ಕಾಟ ಹೆಚ್ಚಾಗಿದೆ.,Kannada,High,2026-08-21T09:17,Synthetic Demo Data
REQ003680,613254,Gollahalli,Bangalore,KARNATAKA,Waste Management,Garbage is not being collected regularly in residential lanes.,English,High,2026-08-14T08:29,Synthetic Demo Data
REQ003681,613254,Gollahalli,Bangalore,KARNATAKA,Waste Management,ವಸತಿ ಪ್ರದೇಶಗಳ ಬಳಿ ಕಸ ಶೇಖರಣೆಯಾಗುತ್ತಿದೆ.,Kannada,Medium,2026-08-09T10:55,Synthetic Demo Data
REQ003682,613254,Gollahalli,Bangalore,KARNATAKA,Electricity,People are requesting more reliable power supply without frequent cuts.,English,Medium,2026-08-01T21:48,Synthetic Demo Data
REQ003683,613254,Gollahalli,Bangalore,KARNATAKA,Drainage,ವಸತಿ ಪ್ರದೇಶದ ಬಳಿ ಕಾಂಕ್ರೀಟ್ ಮುಚ್ಚಿದ ಚರಂಡಿ ನಿರ್ಮಿಸಲು ವಿನಂತಿ.,Kannada,Medium,2026-08-15T18:57,Synthetic Demo Data
REQ003684,613254,Gollahalli,Bangalore,KARNATAKA,Education,ಗ್ರಾಮದ ಶಾಲಾ ಆವರಣ ಹಾಗೂ ಆಟದ ಮೈದಾನ ದುರಸ್ತಿ ಮಾಡಬೇಕಾಗಿದೆ.,Kannada,Medium,2026-07-24T21:43,Synthetic Demo Data
REQ003685,613254,Gollahalli,Bangalore,KARNATAKA,Healthcare,Residents have limited access to a nearby health facility after 5 PM.,English,Low,2026-08-08T07:01,Synthetic Demo Data
REQ003686,613254,Gollahalli,Bangalore,KARNATAKA,Waste Management,Residents are requesting a better door-to-door waste collection system.,English,High,2026-07-23T16:21,Synthetic Demo Data
REQ003687,613254,Gollahalli,Bangalore,KARNATAKA,Water,Residents report difficulty getting reliable drinking water in summer.,English,Low,2026-08-04T15:59,Synthetic Demo Data
REQ003688,613254,Gollahalli,Bangalore,KARNATAKA,Digital Connectivity,Residents have limited access to high-speed internet and CSC services.,English,Medium,2026-07-24T13:36,Synthetic Demo Data
REQ003689,613254,Gollahalli,Bangalore,KARNATAKA,Water,ಬೇಸಿಗೆಯಲ್ಲಿ ಶುದ್ಧ ಕುಡಿಯುವ ನೀರಿನ ಕೊರತೆ ಎದುರಾಗುತ್ತಿದೆ.,Kannada,Low,2026-07-09T14:59,Synthetic Demo Data
REQ003690,613254,Gollahalli,Bangalore,KARNATAKA,Road,ಮಳೆಗಾಲದಲ್ಲಿ ರಸ್ತೆಯಲ್ಲಿ ನೀರು ನಿಂತು ವಾಹನ ಚಾಲನೆ ಕಷ್ಟವಾಗುತ್ತದೆ.,Kannada,Medium,2026-08-17T21:18,Synthetic Demo Data
REQ003691,613254,Gollahalli,Bangalore,KARNATAKA,Education,ಸ್ಥಳೀಯ ಸರ್ಕಾರಿ ಶಾಲೆಯಲ್ಲಿ ಕಂಪ್ಯೂಟರ್ ಹಾಗೂ ಶೌಚಾಲಯ ಸೌಲಭ್ಯ ಕಲ್ಪಿಸಲು ಮನವಿ.,Kannada,High,2026-08-03T20:33,Synthetic Demo Data
REQ003692,613254,Gollahalli,Bangalore,KARNATAKA,Healthcare,Residents have limited access to a nearby health facility after 5 PM.,English,High,2026-07-18T06:18,Synthetic Demo Data
REQ003693,613254,Gollahalli,Bangalore,KARNATAKA,Water,ಬೇಸಿಗೆಯಲ್ಲಿ ಶುದ್ಧ ಕುಡಿಯುವ ನೀರಿನ ಕೊರತೆ ಎದುರಾಗುತ್ತಿದೆ.,Kannada,Medium,2026-08-25T19:06,Synthetic Demo Data
REQ003694,613254,Gollahalli,Bangalore,KARNATAKA,Healthcare,ಸ್ಥಳೀಯ ಆರೋಗ್ಯ ಸೇವೆಗಳು ಮತ್ತು ಔಷಧಿಗಳ ಲಭ್ಯತೆಯನ್ನು ಸುಧಾರಿಸಲು ವಿನಂತಿ.,Kannada,Low,2026-09-03T07:03,Synthetic Demo Data
REQ003695,613254,Gollahalli,Bangalore,KARNATAKA,Drainage,Poor drainage is causing stagnant water and mosquito breeding in the village.,English,Low,2026-07-11T15:13,Synthetic Demo Data
REQ003696,613254,Gollahalli,Bangalore,KARNATAKA,Education,ಬಸ್ ಕೊರತೆಯಿಂದ ವಿದ್ಯಾರ್ಥಿಗಳಿಗೆ ಪ್ರೌಢಶಾಲೆಗೆ ಹೋಗಲು ತೊಂದರೆಯಾಗಿದೆ.,Kannada,High,2026-08-25T21:34,Synthetic Demo Data
REQ003697,613254,Gollahalli,Bangalore,KARNATAKA,Healthcare,The village needs easier access to primary healthcare center.,English,Medium,2026-09-09T08:35,Synthetic Demo Data
REQ003698,613254,Gollahalli,Bangalore,KARNATAKA,Healthcare,ಸ್ಥಳೀಯ ಆರೋಗ್ಯ ಸೇವೆಗಳು ಮತ್ತು ಔಷಧಿಗಳ ಲಭ್ಯತೆಯನ್ನು ಸುಧಾರಿಸಲು ವಿನಂತಿ.,Kannada,Medium,2026-09-06T16:27,Synthetic Demo Data
REQ003699,613254,Gollahalli,Bangalore,KARNATAKA,Waste Management,ವಸತಿ ಪ್ರದೇಶಗಳ ಬಳಿ ಕಸ ಶೇಖರಣೆಯಾಗುತ್ತಿದೆ.,Kannada,Low,2026-08-22T06:09,Synthetic Demo Data
REQ003700,613254,Gollahalli,Bangalore,KARNATAKA,Banking,Residents have limited access to nearby banking services and have to travel 10 km.,English,High,2026-07-10T17:16,Synthetic Demo Data
REQ003701,613254,Gollahalli,Bangalore,KARNATAKA,Waste Management,Garbage is not being collected regularly in residential lanes.,English,Medium,2026-07-07T11:12,Synthetic Demo Data
REQ003702,613254,Gollahalli,Bangalore,KARNATAKA,Water,पीने के साफ पानी की व्यवस्था की जाए।,Hindi,Low,2026-08-12T06:43,Synthetic Demo Data
REQ003703,613254,Gollahalli,Bangalore,KARNATAKA,Road,The main approach road near the village is damaged and difficult to use.,English,High,2026-07-13T09:18,Synthetic Demo Data
REQ003704,613254,Gollahalli,Bangalore,KARNATAKA,Electricity,ವೋಲ್ಟೇಜ್ ಏರಿಳಿತದಿಂದ ಪಂಪ್‌ಸೆಟ್‌ಗಳಿಗೆ ತೊಂದರೆಯಾಗುತ್ತಿದೆ.,Kannada,Medium,2026-07-14T16:04,Synthetic Demo Data
REQ003705,613254,Gollahalli,Bangalore,KARNATAKA,Waste Management,Residents are requesting a better door-to-door waste collection system.,English,High,2026-07-13T18:27,Synthetic Demo Data
REQ003706,613254,Gollahalli,Bangalore,KARNATAKA,Banking,"ಬ್ಯಾಂಕಿಂಗ್ ಸೇವೆಗೆ 10 ಕಿ.ಮೀ ದೂರ ಹೋಗಬೇಕಾಗಿದ್ದು, ಸ್ಥಳೀಯ ಕಿಯೋಸ್ಕ್ ಅಗತ್ಯವಿದೆ.",Kannada,Medium,2026-07-17T10:54,Synthetic Demo Data
REQ003707,613254,Gollahalli,Bangalore,KARNATAKA,Drainage,ಚರಂಡಿ ಕೊರತೆಯಿಂದ ನೀರು ನಿಂತು ಸೊಳ್ಳೆಗಳ ಕಾಟ ಹೆಚ್ಚಾಗಿದೆ.,Kannada,High,2026-09-14T10:11,Synthetic Demo Data
REQ003708,613254,Gollahalli,Bangalore,KARNATAKA,Digital Connectivity,ಹೈಸ್ಪೀಡ್ ಇಂಟರ್ನೆಟ್ ಮತ್ತು ಸಿಎಸ್ಸಿ ಸೇವೆಗಳು ಲಭ್ಯವಿಲ್ಲ.,Kannada,High,2026-07-04T09:42,Synthetic Demo Data
REQ003709,613254,Gollahalli,Bangalore,KARNATAKA,Public Transport,The village needs better bus frequency during morning and evening hours.,English,High,2026-07-27T14:34,Synthetic Demo Data
REQ003710,613254,Gollahalli,Bangalore,KARNATAKA,Waste Management,ಕಸವನ್ನು ನಿಯಮಿತವಾಗಿ ವಿಲೇವಾರಿ ಮಾಡಲಾಗುತ್ತಿಲ್ಲ.,Kannada,High,2026-07-23T17:11,Synthetic Demo Data
REQ003711,613254,Gollahalli,Bangalore,KARNATAKA,Healthcare,प्राथमिक स्वास्थ्य केंद्र में बेहतर सुविधाओं की आवश्यकता है।,Hindi,Medium,2026-07-21T13:46,Synthetic Demo Data
REQ003712,613254,Gollahalli,Bangalore,KARNATAKA,Education,ಸ್ಥಳೀಯ ಸರ್ಕಾರಿ ಶಾಲೆಯಲ್ಲಿ ಕಂಪ್ಯೂಟರ್ ಹಾಗೂ ಶೌಚಾಲಯ ಸೌಲಭ್ಯ ಕಲ್ಪಿಸಲು ಮನವಿ.,Kannada,Medium,2026-08-12T10:13,Synthetic Demo Data
REQ003713,613254,Gollahalli,Bangalore,KARNATAKA,Waste Management,ವಸತಿ ಪ್ರದೇಶಗಳ ಬಳಿ ಕಸ ಶೇಖರಣೆಯಾಗುತ್ತಿದೆ.,Kannada,Medium,2026-08-08T20:27,Synthetic Demo Data
REQ003714,613254,Gollahalli,Bangalore,KARNATAKA,Electricity,ಗ್ರಾಮದ ಪ್ರಮುಖ ರಸ್ತೆಗಳಲ್ಲಿ ಬೀದಿದೀಪಗಳ ಸೌಲಭ್ಯ ಕಲ್ಪಿಸಬೇಕಾಗಿದೆ.,Kannada,Medium,2026-08-24T12:17,Synthetic Demo Data
REQ003715,613254,Gollahalli,Bangalore,KARNATAKA,Waste Management,ಮನೆ ಮನೆಗೆ ತೆರಳಿ ಕಸ ಸಂಗ್ರಹಿಸುವ ವ್ಯವಸ್ಥೆ ಬೇಕು ಎಂದು ನಿವಾಸಿಗಳು ಕೋರುತ್ತಿದ್ದಾರೆ.,Kannada,Low,2026-08-01T19:48,Synthetic Demo Data
REQ003716,613254,Gollahalli,Bangalore,KARNATAKA,Healthcare,Residents are requesting improved local healthcare access and medicine availability.,English,Low,2026-08-01T14:42,Synthetic Demo Data
REQ003717,613254,Gollahalli,Bangalore,KARNATAKA,Education,Residents are requesting better facilities and computers in the local school.,English,High,2026-08-30T13:22,Synthetic Demo Data
REQ003718,613254,Gollahalli,Bangalore,KARNATAKA,Healthcare,Residents have limited access to a nearby health facility after 5 PM.,English,Medium,2026-08-19T18:23,Synthetic Demo Data
REQ003719,613254,Gollahalli,Bangalore,KARNATAKA,Electricity,People are requesting more reliable power supply without frequent cuts.,English,High,2026-08-19T11:23,Synthetic Demo Data
REQ003720,613254,Gollahalli,Bangalore,KARNATAKA,Electricity,The village needs improved electricity infrastructure and street lighting.,English,High,2026-08-23T19:19,Synthetic Demo Data
REQ003721,613254,Gollahalli,Bangalore,KARNATAKA,Drainage,ಚರಂಡಿ ಕೊರತೆಯಿಂದ ನೀರು ನಿಂತು ಸೊಳ್ಳೆಗಳ ಕಾಟ ಹೆಚ್ಚಾಗಿದೆ.,Kannada,High,2026-08-21T17:10,Synthetic Demo Data
REQ003722,613255,Veerasandra,Bangalore,KARNATAKA,Waste Management,ವಸತಿ ಪ್ರದೇಶಗಳ ಬಳಿ ಕಸ ಶೇಖರಣೆಯಾಗುತ್ತಿದೆ.,Kannada,Low,2026-08-20T19:46,Synthetic Demo Data
REQ003723,613255,Veerasandra,Bangalore,KARNATAKA,Road,ಗ್ರಾಮದ ಮುಖ್ಯ ರಸ್ತೆ ಹಾಳಾಗಿದ್ದು ಸಂಚಾರಕ್ಕೆ ತೊಂದರೆಯಾಗಿದೆ.,Kannada,Medium,2026-08-22T10:48,Synthetic Demo Data
REQ003724,613255,Veerasandra,Bangalore,KARNATAKA,Digital Connectivity,The village needs better mobile network coverage in interior areas.,English,Low,2026-08-01T10:18,Synthetic Demo Data
REQ003725,613255,Veerasandra,Bangalore,KARNATAKA,Waste Management,Waste is accumulating near residential areas and temple road.,English,Medium,2026-09-14T10:19,Synthetic Demo Data
REQ003726,613255,Veerasandra,Bangalore,KARNATAKA,Drainage,ಭಾರೀ ಮಳೆಯಾದಾಗ ಚರಂಡಿ ಉಕ್ಕಿ ಶಾಲೆ ಬಳಿ ನೀರು ನಿಲ್ಲುತ್ತದೆ.,Kannada,Medium,2026-08-23T12:47,Synthetic Demo Data
REQ003727,613255,Veerasandra,Bangalore,KARNATAKA,Digital Connectivity,Residents have limited access to high-speed internet and CSC services.,English,High,2026-08-06T19:35,Synthetic Demo Data
REQ003728,613255,Veerasandra,Bangalore,KARNATAKA,Road,The main approach road near the village is damaged and difficult to use.,English,Medium,2026-07-04T19:50,Synthetic Demo Data
REQ003729,613255,Veerasandra,Bangalore,KARNATAKA,Drainage,Drainage overflows during heavy rain and causes waterlogging near the school.,English,High,2026-08-30T13:39,Synthetic Demo Data
REQ003730,613255,Veerasandra,Bangalore,KARNATAKA,Education,The village needs improved educational facilities and playground repair.,English,Medium,2026-07-10T19:06,Synthetic Demo Data
REQ003731,613255,Veerasandra,Bangalore,KARNATAKA,Road,ಮಳೆಗಾಲದಲ್ಲಿ ರಸ್ತೆಯಲ್ಲಿ ನೀರು ನಿಂತು ವಾಹನ ಚಾಲನೆ ಕಷ್ಟವಾಗುತ್ತದೆ.,Kannada,High,2026-08-20T12:44,Synthetic Demo Data
REQ003732,613255,Veerasandra,Bangalore,KARNATAKA,Healthcare,ನಮ್ಮ ಗ್ರಾಮಕ್ಕೆ ಪ್ರಾಥಮಿಕ ಆರೋಗ್ಯ ಕೇಂದ್ರದ ಸುಲಭ ಪ್ರವೇಶ ಬೇಕಾಗಿದೆ.,Kannada,Medium,2026-07-27T21:08,Synthetic Demo Data
REQ003733,613255,Veerasandra,Bangalore,KARNATAKA,Healthcare,ನಮ್ಮ ಗ್ರಾಮಕ್ಕೆ ಪ್ರಾಥಮಿಕ ಆರೋಗ್ಯ ಕೇಂದ್ರದ ಸುಲಭ ಪ್ರವೇಶ ಬೇಕಾಗಿದೆ.,Kannada,Medium,2026-07-01T09:17,Synthetic Demo Data
REQ003734,613255,Veerasandra,Bangalore,KARNATAKA,Healthcare,ಸಂಜೆ 5 ರ ನಂತರ ಸಮೀಪದ ಆರೋಗ್ಯ ಕೇಂದ್ರಕ್ಕೆ ಹೋಗಲು ಕಷ್ಟವಾಗುತ್ತಿದೆ.,Kannada,Low,2026-07-03T10:24,Synthetic Demo Data
REQ003735,613255,Veerasandra,Bangalore,KARNATAKA,Public Transport,The village needs better bus frequency during morning and evening hours.,English,High,2026-07-16T15:25,Synthetic Demo Data
REQ003736,613255,Veerasandra,Bangalore,KARNATAKA,Electricity,Residents report voltage fluctuations affecting agriculture pump sets.,English,Medium,2026-08-26T18:11,Synthetic Demo Data
REQ003737,613255,Veerasandra,Bangalore,KARNATAKA,Road,ಗ್ರಾಮದ ಮುಖ್ಯ ರಸ್ತೆ ಹಾಳಾಗಿದ್ದು ಸಂಚಾರಕ್ಕೆ ತೊಂದರೆಯಾಗಿದೆ.,Kannada,Medium,2026-07-22T18:53,Synthetic Demo Data
REQ003738,613255,Veerasandra,Bangalore,KARNATAKA,Public Transport,ಮೆಟ್ರೋ ನಿಲ್ದಾಣಕ್ಕೆ ನೇರ ಬಸ್ ಸಂಪರ್ಕ ಕಲ್ಪಿಸಲು ಗ್ರಾಮಸ್ಥರ ಕೋರಿಕೆ.,Kannada,High,2026-07-25T09:29,Synthetic Demo Data
REQ003739,613255,Veerasandra,Bangalore,KARNATAKA,Waste Management,Residents are requesting a better door-to-door waste collection system.,English,Medium,2026-08-08T06:13,Synthetic Demo Data
REQ003740,613255,Veerasandra,Bangalore,KARNATAKA,Healthcare,Residents are requesting improved local healthcare access and medicine availability.,English,Low,2026-07-11T09:11,Synthetic Demo Data
REQ003741,613255,Veerasandra,Bangalore,KARNATAKA,Digital Connectivity,Residents have limited access to high-speed internet and CSC services.,English,Medium,2026-09-11T20:05,Synthetic Demo Data
REQ003742,613255,Veerasandra,Bangalore,KARNATAKA,Education,ಗ್ರಾಮದ ಶಾಲಾ ಆವರಣ ಹಾಗೂ ಆಟದ ಮೈದಾನ ದುರಸ್ತಿ ಮಾಡಬೇಕಾಗಿದೆ.,Kannada,High,2026-09-09T13:13,Synthetic Demo Data
REQ003743,613255,Veerasandra,Bangalore,KARNATAKA,Road,The main approach road near the village is damaged and difficult to use.,English,High,2026-08-19T09:10,Synthetic Demo Data
REQ003744,613255,Veerasandra,Bangalore,KARNATAKA,Road,The main approach road near the village is damaged and difficult to use.,English,High,2026-08-01T14:46,Synthetic Demo Data
REQ003745,613255,Veerasandra,Bangalore,KARNATAKA,Education,Students have difficulty accessing nearby secondary education without bus.,English,High,2026-07-30T14:17,Synthetic Demo Data
REQ003746,613255,Veerasandra,Bangalore,KARNATAKA,Waste Management,Waste is accumulating near residential areas and temple road.,English,Low,2026-07-27T14:34,Synthetic Demo Data
REQ003747,613255,Veerasandra,Bangalore,KARNATAKA,Electricity,ಗ್ರಾಮದ ಪ್ರಮುಖ ರಸ್ತೆಗಳಲ್ಲಿ ಬೀದಿದೀಪಗಳ ಸೌಲಭ್ಯ ಕಲ್ಪಿಸಬೇಕಾಗಿದೆ.,Kannada,Medium,2026-08-03T08:46,Synthetic Demo Data
REQ003748,613255,Veerasandra,Bangalore,KARNATAKA,Water,ಗ್ರಾಮಕ್ಕೆ ಶುದ್ಧ ಕುಡಿಯುವ ನೀರಿನ ಆರ್‌ಒ ಘಟಕದ ಅಗತ್ಯವಿದೆ.,Kannada,Medium,2026-07-28T07:04,Synthetic Demo Data
REQ003749,613255,Veerasandra,Bangalore,KARNATAKA,Banking,People are requesting easier access to ATM or banking kiosk services.,English,High,2026-07-02T15:37,Synthetic Demo Data
REQ003750,613255,Veerasandra,Bangalore,KARNATAKA,Digital Connectivity,The village needs better mobile network coverage in interior areas.,English,High,2026-07-04T07:54,Synthetic Demo Data
REQ003751,613255,Veerasandra,Bangalore,KARNATAKA,Road,The main approach road near the village is damaged and difficult to use.,English,Low,2026-07-05T10:33,Synthetic Demo Data
REQ003752,613255,Veerasandra,Bangalore,KARNATAKA,Education,Residents are requesting better facilities and computers in the local school.,English,Low,2026-08-21T07:47,Synthetic Demo Data
REQ003753,613255,Veerasandra,Bangalore,KARNATAKA,Banking,Residents have limited access to nearby banking services and have to travel 10 km.,English,High,2026-08-07T10:07,Synthetic Demo Data
REQ003754,613255,Veerasandra,Bangalore,KARNATAKA,Banking,The village needs better access to banking facilities and loan services.,English,Medium,2026-08-12T15:35,Synthetic Demo Data
REQ003755,613255,Veerasandra,Bangalore,KARNATAKA,Waste Management,ಕಸವನ್ನು ನಿಯಮಿತವಾಗಿ ವಿಲೇವಾರಿ ಮಾಡಲಾಗುತ್ತಿಲ್ಲ.,Kannada,High,2026-07-26T08:27,Synthetic Demo Data
REQ003756,613255,Veerasandra,Bangalore,KARNATAKA,Water,ಮೇಲ್ಭಾಗದ ಬಡಾವಣೆಗಳಿಗೆ ನೀರಿನ ಸರಬರಾಜು ಒತ್ತಡ ಸಾಲುತ್ತಿಲ್ಲ.,Kannada,High,2026-09-14T09:13,Synthetic Demo Data
REQ003757,613255,Veerasandra,Bangalore,KARNATAKA,Banking,ಎಟಿಎಂ ಅಥವಾ ಗ್ರಾಮ ಬ್ಯಾಂಕಿಂಗ್ ಸೇವೆ ಒದಗಿಸಲು ಸಾರ್ವಜನಿಕರ ಮನವಿ.,Kannada,High,2026-08-31T09:54,Synthetic Demo Data
REQ003758,613255,Veerasandra,Bangalore,KARNATAKA,Public Transport,ಮೆಟ್ರೋ ನಿಲ್ದಾಣಕ್ಕೆ ನೇರ ಬಸ್ ಸಂಪರ್ಕ ಕಲ್ಪಿಸಲು ಗ್ರಾಮಸ್ಥರ ಕೋರಿಕೆ.,Kannada,High,2026-07-18T09:37,Synthetic Demo Data
REQ003759,613255,Veerasandra,Bangalore,KARNATAKA,Digital Connectivity,People are requesting a local digital service facility (Bapuji Seva Kendra).,English,Low,2026-08-08T20:42,Synthetic Demo Data
REQ003760,613255,Veerasandra,Bangalore,KARNATAKA,Banking,"ಬ್ಯಾಂಕಿಂಗ್ ಸೇವೆಗೆ 10 ಕಿ.ಮೀ ದೂರ ಹೋಗಬೇಕಾಗಿದ್ದು, ಸ್ಥಳೀಯ ಕಿಯೋಸ್ಕ್ ಅಗತ್ಯವಿದೆ.",Kannada,Medium,2026-07-12T15:05,Synthetic Demo Data
REQ003761,613255,Veerasandra,Bangalore,KARNATAKA,Drainage,Poor drainage is causing stagnant water and mosquito breeding in the village.,English,Low,2026-08-08T16:08,Synthetic Demo Data
REQ003762,613255,Veerasandra,Bangalore,KARNATAKA,Banking,People are requesting easier access to ATM or banking kiosk services.,English,Medium,2026-09-16T12:27,Synthetic Demo Data
REQ003763,613255,Veerasandra,Bangalore,KARNATAKA,Healthcare,ಸಂಜೆ 5 ರ ನಂತರ ಸಮೀಪದ ಆರೋಗ್ಯ ಕೇಂದ್ರಕ್ಕೆ ಹೋಗಲು ಕಷ್ಟವಾಗುತ್ತಿದೆ.,Kannada,Medium,2026-08-24T12:38,Synthetic Demo Data
REQ003764,613255,Veerasandra,Bangalore,KARNATAKA,Drainage,Drainage overflows during heavy rain and causes waterlogging near the school.,English,High,2026-09-02T15:39,Synthetic Demo Data
REQ003765,613255,Veerasandra,Bangalore,KARNATAKA,Banking,The village needs better access to banking facilities and loan services.,English,High,2026-09-12T15:10,Synthetic Demo Data
REQ003766,613255,Veerasandra,Bangalore,KARNATAKA,Waste Management,ವಸತಿ ಪ್ರದೇಶಗಳ ಬಳಿ ಕಸ ಶೇಖರಣೆಯಾಗುತ್ತಿದೆ.,Kannada,High,2026-07-07T08:45,Synthetic Demo Data
REQ003767,613256,Kammasandra,Bangalore,KARNATAKA,Waste Management,Garbage is not being collected regularly in residential lanes.,English,High,2026-08-22T19:42,Synthetic Demo Data
REQ003768,613256,Kammasandra,Bangalore,KARNATAKA,Drainage,ವಸತಿ ಪ್ರದೇಶದ ಬಳಿ ಕಾಂಕ್ರೀಟ್ ಮುಚ್ಚಿದ ಚರಂಡಿ ನಿರ್ಮಿಸಲು ವಿನಂತಿ.,Kannada,High,2026-08-14T16:10,Synthetic Demo Data
REQ003769,613256,Kammasandra,Bangalore,KARNATAKA,Banking,"ಬ್ಯಾಂಕಿಂಗ್ ಸೇವೆಗೆ 10 ಕಿ.ಮೀ ದೂರ ಹೋಗಬೇಕಾಗಿದ್ದು, ಸ್ಥಳೀಯ ಕಿಯೋಸ್ಕ್ ಅಗತ್ಯವಿದೆ.",Kannada,Medium,2026-08-09T08:00,Synthetic Demo Data
REQ003770,613256,Kammasandra,Bangalore,KARNATAKA,Drainage,ಚರಂಡಿ ಕೊರತೆಯಿಂದ ನೀರು ನಿಂತು ಸೊಳ್ಳೆಗಳ ಕಾಟ ಹೆಚ್ಚಾಗಿದೆ.,Kannada,Medium,2026-07-09T20:37,Synthetic Demo Data
REQ003771,613256,Kammasandra,Bangalore,KARNATAKA,Healthcare,Residents have limited access to a nearby health facility after 5 PM.,English,Medium,2026-08-15T19:24,Synthetic Demo Data
REQ003772,613256,Kammasandra,Bangalore,KARNATAKA,Education,ಗ್ರಾಮದ ಶಾಲಾ ಆವರಣ ಹಾಗೂ ಆಟದ ಮೈದಾನ ದುರಸ್ತಿ ಮಾಡಬೇಕಾಗಿದೆ.,Kannada,High,2026-07-08T06:23,Synthetic Demo Data
REQ003773,613256,Kammasandra,Bangalore,KARNATAKA,Drainage,नालियों में पानी भर जाने से जलभराव हो रहा है।,Hindi,Medium,2026-08-25T20:22,Synthetic Demo Data
REQ003774,613256,Kammasandra,Bangalore,KARNATAKA,Banking,People are requesting easier access to ATM or banking kiosk services.,English,Medium,2026-09-03T15:56,Synthetic Demo Data
REQ003775,613256,Kammasandra,Bangalore,KARNATAKA,Drainage,नालियों में पानी भर जाने से जलभराव हो रहा है।,Hindi,Medium,2026-07-12T20:09,Synthetic Demo Data
REQ003776,613256,Kammasandra,Bangalore,KARNATAKA,Road,ಮಳೆಗಾಲದಲ್ಲಿ ರಸ್ತೆಯಲ್ಲಿ ನೀರು ನಿಂತು ವಾಹನ ಚಾಲನೆ ಕಷ್ಟವಾಗುತ್ತದೆ.,Kannada,Medium,2026-08-16T06:16,Synthetic Demo Data
REQ003777,613256,Kammasandra,Bangalore,KARNATAKA,Road,ಗ್ರಾಮದ ಮುಖ್ಯ ರಸ್ತೆ ಹಾಳಾಗಿದ್ದು ಸಂಚಾರಕ್ಕೆ ತೊಂದರೆಯಾಗಿದೆ.,Kannada,Medium,2026-07-11T15:54,Synthetic Demo Data
REQ003778,613256,Kammasandra,Bangalore,KARNATAKA,Banking,People are requesting easier access to ATM or banking kiosk services.,English,Low,2026-07-01T18:32,Synthetic Demo Data
REQ003779,613256,Kammasandra,Bangalore,KARNATAKA,Education,स्कूल में बेहतर सुविधाओं और शिक्षकों की मांग है।,Hindi,High,2026-09-04T20:49,Synthetic Demo Data
REQ003780,613256,Kammasandra,Bangalore,KARNATAKA,Electricity,People are requesting more reliable power supply without frequent cuts.,English,Low,2026-08-22T19:34,Synthetic Demo Data
REQ003781,613256,Kammasandra,Bangalore,KARNATAKA,Education,Students have difficulty accessing nearby secondary education without bus.,English,Medium,2026-09-07T10:00,Synthetic Demo Data
REQ003782,613256,Kammasandra,Bangalore,KARNATAKA,Healthcare,ಸ್ಥಳೀಯ ಆರೋಗ್ಯ ಸೇವೆಗಳು ಮತ್ತು ಔಷಧಿಗಳ ಲಭ್ಯತೆಯನ್ನು ಸುಧಾರಿಸಲು ವಿನಂತಿ.,Kannada,Medium,2026-07-16T17:55,Synthetic Demo Data
REQ003783,613256,Kammasandra,Bangalore,KARNATAKA,Electricity,ಪದೇ ಪದೇ ವಿದ್ಯುತ್ ಕಡಿತವಾಗದಂತೆ ನಿರಂತರ ವಿದ್ಯುತ್ ನೀಡಲು ವಿನಂತಿ.,Kannada,High,2026-07-19T11:11,Synthetic Demo Data
REQ003784,613256,Kammasandra,Bangalore,KARNATAKA,Healthcare,ಸ್ಥಳೀಯ ಆರೋಗ್ಯ ಸೇವೆಗಳು ಮತ್ತು ಔಷಧಿಗಳ ಲಭ್ಯತೆಯನ್ನು ಸುಧಾರಿಸಲು ವಿನಂತಿ.,Kannada,High,2026-08-11T10:33,Synthetic Demo Data
REQ003785,613256,Kammasandra,Bangalore,KARNATAKA,Drainage,नालियों में पानी भर जाने से जलभराव हो रहा है।,Hindi,Medium,2026-07-05T06:17,Synthetic Demo Data
REQ003786,613256,Kammasandra,Bangalore,KARNATAKA,Drainage,Residents are requesting proper concrete covered drainage near residential areas.,English,High,2026-09-16T09:14,Synthetic Demo Data
REQ003787,613256,Kammasandra,Bangalore,KARNATAKA,Waste Management,Residents are requesting a better door-to-door waste collection system.,English,High,2026-08-01T17:42,Synthetic Demo Data
REQ003788,613256,Kammasandra,Bangalore,KARNATAKA,Water,The village needs improved access to safe drinking water RO plant.,English,High,2026-08-26T10:10,Synthetic Demo Data
REQ003789,613256,Kammasandra,Bangalore,KARNATAKA,Public Transport,ಬೆಳಿಗ್ಗೆ ಮತ್ತು ಸಂಜೆ ವೇಳೆಯಲ್ಲಿ ಹೆಚ್ಚಿನ ಬಸ್ ಸಂಚಾರ ಬೇಕಾಗಿದೆ.,Kannada,Low,2026-07-01T19:18,Synthetic Demo Data
REQ003790,613256,Kammasandra,Bangalore,KARNATAKA,Drainage,Residents are requesting proper concrete covered drainage near residential areas.,English,Medium,2026-09-01T07:38,Synthetic Demo Data
REQ003791,613256,Kammasandra,Bangalore,KARNATAKA,Public Transport,ಬೆಳಿಗ್ಗೆ ಮತ್ತು ಸಂಜೆ ವೇಳೆಯಲ್ಲಿ ಹೆಚ್ಚಿನ ಬಸ್ ಸಂಚಾರ ಬೇಕಾಗಿದೆ.,Kannada,High,2026-09-08T06:54,Synthetic Demo Data
REQ003792,613256,Kammasandra,Bangalore,KARNATAKA,Drainage,Drainage overflows during heavy rain and causes waterlogging near the school.,English,Medium,2026-08-12T13:19,Synthetic Demo Data
REQ003793,613256,Kammasandra,Bangalore,KARNATAKA,Drainage,ಭಾರೀ ಮಳೆಯಾದಾಗ ಚರಂಡಿ ಉಕ್ಕಿ ಶಾಲೆ ಬಳಿ ನೀರು ನಿಲ್ಲುತ್ತದೆ.,Kannada,Medium,2026-09-04T09:59,Synthetic Demo Data
REQ003794,613256,Kammasandra,Bangalore,KARNATAKA,Education,ಗ್ರಾಮದ ಶಾಲಾ ಆವರಣ ಹಾಗೂ ಆಟದ ಮೈದಾನ ದುರಸ್ತಿ ಮಾಡಬೇಕಾಗಿದೆ.,Kannada,Medium,2026-08-28T15:46,Synthetic Demo Data
REQ003795,613256,Kammasandra,Bangalore,KARNATAKA,Banking,ಎಟಿಎಂ ಅಥವಾ ಗ್ರಾಮ ಬ್ಯಾಂಕಿಂಗ್ ಸೇವೆ ಒದಗಿಸಲು ಸಾರ್ವಜನಿಕರ ಮನವಿ.,Kannada,High,2026-09-04T13:01,Synthetic Demo Data
REQ003796,613256,Kammasandra,Bangalore,KARNATAKA,Road,Residents are requesting improvement of road connectivity to the taluk center.,English,Low,2026-09-10T06:43,Synthetic Demo Data
REQ003797,613256,Kammasandra,Bangalore,KARNATAKA,Banking,"ಬ್ಯಾಂಕಿಂಗ್ ಸೇವೆಗೆ 10 ಕಿ.ಮೀ ದೂರ ಹೋಗಬೇಕಾಗಿದ್ದು, ಸ್ಥಳೀಯ ಕಿಯೋಸ್ಕ್ ಅಗತ್ಯವಿದೆ.",Kannada,Medium,2026-07-19T09:14,Synthetic Demo Data
REQ003798,613256,Kammasandra,Bangalore,KARNATAKA,Electricity,The village needs improved electricity infrastructure and street lighting.,English,Medium,2026-07-31T18:38,Synthetic Demo Data
REQ003799,613256,Kammasandra,Bangalore,KARNATAKA,Healthcare,ಸಂಜೆ 5 ರ ನಂತರ ಸಮೀಪದ ಆರೋಗ್ಯ ಕೇಂದ್ರಕ್ಕೆ ಹೋಗಲು ಕಷ್ಟವಾಗುತ್ತಿದೆ.,Kannada,Medium,2026-08-14T21:50,Synthetic Demo Data
REQ003800,613256,Kammasandra,Bangalore,KARNATAKA,Waste Management,Residents are requesting a better door-to-door waste collection system.,English,Medium,2026-09-08T14:11,Synthetic Demo Data
REQ003801,613256,Kammasandra,Bangalore,KARNATAKA,Healthcare,Residents have limited access to a nearby health facility after 5 PM.,English,Medium,2026-08-25T07:44,Synthetic Demo Data
REQ003802,613256,Kammasandra,Bangalore,KARNATAKA,Waste Management,Residents are requesting a better door-to-door waste collection system.,English,Medium,2026-09-08T19:00,Synthetic Demo Data
REQ003803,613256,Kammasandra,Bangalore,KARNATAKA,Road,Residents are requesting improvement of road connectivity to the taluk center.,English,High,2026-08-28T13:14,Synthetic Demo Data
REQ003804,613256,Kammasandra,Bangalore,KARNATAKA,Healthcare,ಸಂಜೆ 5 ರ ನಂತರ ಸಮೀಪದ ಆರೋಗ್ಯ ಕೇಂದ್ರಕ್ಕೆ ಹೋಗಲು ಕಷ್ಟವಾಗುತ್ತಿದೆ.,Kannada,Low,2026-07-11T18:20,Synthetic Demo Data
REQ003805,613256,Kammasandra,Bangalore,KARNATAKA,Drainage,ಭಾರೀ ಮಳೆಯಾದಾಗ ಚರಂಡಿ ಉಕ್ಕಿ ಶಾಲೆ ಬಳಿ ನೀರು ನಿಲ್ಲುತ್ತದೆ.,Kannada,Medium,2026-09-10T08:19,Synthetic Demo Data
REQ003806,613256,Kammasandra,Bangalore,KARNATAKA,Healthcare,The village needs easier access to primary healthcare center.,English,Medium,2026-07-03T14:12,Synthetic Demo Data
REQ003807,613256,Kammasandra,Bangalore,KARNATAKA,Healthcare,ಸ್ಥಳೀಯ ಆರೋಗ್ಯ ಸೇವೆಗಳು ಮತ್ತು ಔಷಧಿಗಳ ಲಭ್ಯತೆಯನ್ನು ಸುಧಾರಿಸಲು ವಿನಂತಿ.,Kannada,High,2026-09-17T18:18,Synthetic Demo Data
REQ003808,613256,Kammasandra,Bangalore,KARNATAKA,Waste Management,ವಸತಿ ಪ್ರದೇಶಗಳ ಬಳಿ ಕಸ ಶೇಖರಣೆಯಾಗುತ್ತಿದೆ.,Kannada,Low,2026-07-24T16:51,Synthetic Demo Data
REQ003809,613256,Kammasandra,Bangalore,KARNATAKA,Banking,ಗ್ರಾಮದಲ್ಲಿ ಬ್ಯಾಂಕ್ ಸೇವೆಗಳು ಮತ್ತು ಸಾಲ ಸೌಲಭ್ಯಗಳು ಸುಲಭವಾಗಿ ಸಿಗುತ್ತಿಲ್ಲ.,Kannada,Medium,2026-07-31T10:57,Synthetic Demo Data
REQ003810,613256,Kammasandra,Bangalore,KARNATAKA,Waste Management,ಮನೆ ಮನೆಗೆ ತೆರಳಿ ಕಸ ಸಂಗ್ರಹಿಸುವ ವ್ಯವಸ್ಥೆ ಬೇಕು ಎಂದು ನಿವಾಸಿಗಳು ಕೋರುತ್ತಿದ್ದಾರೆ.,Kannada,High,2026-07-05T14:05,Synthetic Demo Data
REQ003811,613256,Kammasandra,Bangalore,KARNATAKA,Healthcare,ನಮ್ಮ ಗ್ರಾಮಕ್ಕೆ ಪ್ರಾಥಮಿಕ ಆರೋಗ್ಯ ಕೇಂದ್ರದ ಸುಲಭ ಪ್ರವೇಶ ಬೇಕಾಗಿದೆ.,Kannada,Medium,2026-08-13T13:55,Synthetic Demo Data
REQ003812,613261,Chandapura,Bangalore,KARNATAKA,Road,ಮಳೆಗಾಲದಲ್ಲಿ ರಸ್ತೆಯಲ್ಲಿ ನೀರು ನಿಂತು ವಾಹನ ಚಾಲನೆ ಕಷ್ಟವಾಗುತ್ತದೆ.,Kannada,High,2026-08-28T15:54,Synthetic Demo Data
REQ003813,613261,Chandapura,Bangalore,KARNATAKA,Banking,The village needs better access to banking facilities and loan services.,English,High,2026-09-02T18:00,Synthetic Demo Data
REQ003814,613261,Chandapura,Bangalore,KARNATAKA,Drainage,ಚರಂಡಿ ಕೊರತೆಯಿಂದ ನೀರು ನಿಂತು ಸೊಳ್ಳೆಗಳ ಕಾಟ ಹೆಚ್ಚಾಗಿದೆ.,Kannada,High,2026-07-28T13:42,Synthetic Demo Data
REQ003815,613261,Chandapura,Bangalore,KARNATAKA,Drainage,Residents are requesting proper concrete covered drainage near residential areas.,English,Medium,2026-08-15T11:59,Synthetic Demo Data
REQ003816,613261,Chandapura,Bangalore,KARNATAKA,Waste Management,ಮನೆ ಮನೆಗೆ ತೆರಳಿ ಕಸ ಸಂಗ್ರಹಿಸುವ ವ್ಯವಸ್ಥೆ ಬೇಕು ಎಂದು ನಿವಾಸಿಗಳು ಕೋರುತ್ತಿದ್ದಾರೆ.,Kannada,Medium,2026-07-18T18:14,Synthetic Demo Data
REQ003817,613261,Chandapura,Bangalore,KARNATAKA,Water,ಬೇಸಿಗೆಯಲ್ಲಿ ಶುದ್ಧ ಕುಡಿಯುವ ನೀರಿನ ಕೊರತೆ ಎದುರಾಗುತ್ತಿದೆ.,Kannada,Medium,2026-08-20T11:57,Synthetic Demo Data
REQ003818,613261,Chandapura,Bangalore,KARNATAKA,Electricity,People are requesting more reliable power supply without frequent cuts.,English,Medium,2026-07-13T21:18,Synthetic Demo Data
REQ003819,613261,Chandapura,Bangalore,KARNATAKA,Banking,People are requesting easier access to ATM or banking kiosk services.,English,High,2026-07-12T19:29,Synthetic Demo Data
REQ003820,613261,Chandapura,Bangalore,KARNATAKA,Healthcare,The village needs easier access to primary healthcare center.,English,Medium,2026-07-31T11:57,Synthetic Demo Data
REQ003821,613261,Chandapura,Bangalore,KARNATAKA,Road,Residents are requesting improvement of road connectivity to the taluk center.,English,Low,2026-07-01T18:14,Synthetic Demo Data
REQ003822,613261,Chandapura,Bangalore,KARNATAKA,Banking,People are requesting easier access to ATM or banking kiosk services.,English,Low,2026-07-16T13:37,Synthetic Demo Data
REQ003823,613261,Chandapura,Bangalore,KARNATAKA,Drainage,ವಸತಿ ಪ್ರದೇಶದ ಬಳಿ ಕಾಂಕ್ರೀಟ್ ಮುಚ್ಚಿದ ಚರಂಡಿ ನಿರ್ಮಿಸಲು ವಿನಂತಿ.,Kannada,Medium,2026-08-15T06:11,Synthetic Demo Data
REQ003824,613261,Chandapura,Bangalore,KARNATAKA,Drainage,ವಸತಿ ಪ್ರದೇಶದ ಬಳಿ ಕಾಂಕ್ರೀಟ್ ಮುಚ್ಚಿದ ಚರಂಡಿ ನಿರ್ಮಿಸಲು ವಿನಂತಿ.,Kannada,Medium,2026-07-14T13:41,Synthetic Demo Data
REQ003825,613261,Chandapura,Bangalore,KARNATAKA,Waste Management,ಕಸವನ್ನು ನಿಯಮಿತವಾಗಿ ವಿಲೇವಾರಿ ಮಾಡಲಾಗುತ್ತಿಲ್ಲ.,Kannada,Medium,2026-09-01T08:38,Synthetic Demo Data
REQ003826,613261,Chandapura,Bangalore,KARNATAKA,Water,ಬೇಸಿಗೆಯಲ್ಲಿ ಶುದ್ಧ ಕುಡಿಯುವ ನೀರಿನ ಕೊರತೆ ಎದುರಾಗುತ್ತಿದೆ.,Kannada,High,2026-09-13T16:27,Synthetic Demo Data
REQ003827,613261,Chandapura,Bangalore,KARNATAKA,Drainage,ಚರಂಡಿ ಕೊರತೆಯಿಂದ ನೀರು ನಿಂತು ಸೊಳ್ಳೆಗಳ ಕಾಟ ಹೆಚ್ಚಾಗಿದೆ.,Kannada,Medium,2026-08-05T21:04,Synthetic Demo Data
REQ003828,613261,Chandapura,Bangalore,KARNATAKA,Healthcare,ಸ್ಥಳೀಯ ಆರೋಗ್ಯ ಸೇವೆಗಳು ಮತ್ತು ಔಷಧಿಗಳ ಲಭ್ಯತೆಯನ್ನು ಸುಧಾರಿಸಲು ವಿನಂತಿ.,Kannada,High,2026-08-27T10:14,Synthetic Demo Data
REQ003829,613261,Chandapura,Bangalore,KARNATAKA,Water,The village needs improved access to safe drinking water RO plant.,English,Medium,2026-07-28T10:47,Synthetic Demo Data
REQ003830,613261,Chandapura,Bangalore,KARNATAKA,Waste Management,गांव में कचरा समय पर नहीं उठाया जा रहा है।,Hindi,Medium,2026-08-29T08:18,Synthetic Demo Data
REQ003831,613261,Chandapura,Bangalore,KARNATAKA,Waste Management,ಮನೆ ಮನೆಗೆ ತೆರಳಿ ಕಸ ಸಂಗ್ರಹಿಸುವ ವ್ಯವಸ್ಥೆ ಬೇಕು ಎಂದು ನಿವಾಸಿಗಳು ಕೋರುತ್ತಿದ್ದಾರೆ.,Kannada,High,2026-08-01T20:00,Synthetic Demo Data
REQ003832,613261,Chandapura,Bangalore,KARNATAKA,Public Transport,ಮೆಟ್ರೋ ನಿಲ್ದಾಣಕ್ಕೆ ನೇರ ಬಸ್ ಸಂಪರ್ಕ ಕಲ್ಪಿಸಲು ಗ್ರಾಮಸ್ಥರ ಕೋರಿಕೆ.,Kannada,Low,2026-08-15T12:43,Synthetic Demo Data
REQ003833,613261,Chandapura,Bangalore,KARNATAKA,Education,Students have difficulty accessing nearby secondary education without bus.,English,Medium,2026-09-02T19:26,Synthetic Demo Data
REQ003834,613261,Chandapura,Bangalore,KARNATAKA,Digital Connectivity,ಹೈಸ್ಪೀಡ್ ಇಂಟರ್ನೆಟ್ ಮತ್ತು ಸಿಎಸ್ಸಿ ಸೇವೆಗಳು ಲಭ್ಯವಿಲ್ಲ.,Kannada,High,2026-08-30T19:04,Synthetic Demo Data
REQ003835,613261,Chandapura,Bangalore,KARNATAKA,Drainage,Drainage overflows during heavy rain and causes waterlogging near the school.,English,Medium,2026-08-11T21:35,Synthetic Demo Data
REQ003836,613261,Chandapura,Bangalore,KARNATAKA,Water,Water supply pressure is insufficient for residents on higher lanes.,English,Medium,2026-07-20T10:15,Synthetic Demo Data
REQ003837,613261,Chandapura,Bangalore,KARNATAKA,Water,ಗ್ರಾಮಕ್ಕೆ ಶುದ್ಧ ಕುಡಿಯುವ ನೀರಿನ ಆರ್‌ಒ ಘಟಕದ ಅಗತ್ಯವಿದೆ.,Kannada,Medium,2026-08-26T06:24,Synthetic Demo Data
REQ003838,613261,Chandapura,Bangalore,KARNATAKA,Education,ಸ್ಥಳೀಯ ಸರ್ಕಾರಿ ಶಾಲೆಯಲ್ಲಿ ಕಂಪ್ಯೂಟರ್ ಹಾಗೂ ಶೌಚಾಲಯ ಸೌಲಭ್ಯ ಕಲ್ಪಿಸಲು ಮನವಿ.,Kannada,High,2026-08-01T10:09,Synthetic Demo Data
REQ003839,613261,Chandapura,Bangalore,KARNATAKA,Waste Management,ಮನೆ ಮನೆಗೆ ತೆರಳಿ ಕಸ ಸಂಗ್ರಹಿಸುವ ವ್ಯವಸ್ಥೆ ಬೇಕು ಎಂದು ನಿವಾಸಿಗಳು ಕೋರುತ್ತಿದ್ದಾರೆ.,Kannada,Medium,2026-07-20T08:55,Synthetic Demo Data
REQ003840,613261,Chandapura,Bangalore,KARNATAKA,Drainage,Residents are requesting proper concrete covered drainage near residential areas.,English,Medium,2026-09-04T17:26,Synthetic Demo Data
REQ003841,613261,Chandapura,Bangalore,KARNATAKA,Waste Management,ಕಸವನ್ನು ನಿಯಮಿತವಾಗಿ ವಿಲೇವಾರಿ ಮಾಡಲಾಗುತ್ತಿಲ್ಲ.,Kannada,High,2026-07-20T15:12,Synthetic Demo Data
REQ003842,613261,Chandapura,Bangalore,KARNATAKA,Water,ಮೇಲ್ಭಾಗದ ಬಡಾವಣೆಗಳಿಗೆ ನೀರಿನ ಸರಬರಾಜು ಒತ್ತಡ ಸಾಲುತ್ತಿಲ್ಲ.,Kannada,High,2026-08-13T13:36,Synthetic Demo Data
REQ003843,613261,Chandapura,Bangalore,KARNATAKA,Public Transport,People are requesting more reliable BMTC/KSRTC public transport services.,English,High,2026-08-01T08:13,Synthetic Demo Data
REQ003844,613261,Chandapura,Bangalore,KARNATAKA,Drainage,ವಸತಿ ಪ್ರದೇಶದ ಬಳಿ ಕಾಂಕ್ರೀಟ್ ಮುಚ್ಚಿದ ಚರಂಡಿ ನಿರ್ಮಿಸಲು ವಿನಂತಿ.,Kannada,Medium,2026-09-03T18:24,Synthetic Demo Data
REQ003845,613261,Chandapura,Bangalore,KARNATAKA,Education,ಸ್ಥಳೀಯ ಸರ್ಕಾರಿ ಶಾಲೆಯಲ್ಲಿ ಕಂಪ್ಯೂಟರ್ ಹಾಗೂ ಶೌಚಾಲಯ ಸೌಲಭ್ಯ ಕಲ್ಪಿಸಲು ಮನವಿ.,Kannada,Medium,2026-09-07T14:06,Synthetic Demo Data
REQ003846,613261,Chandapura,Bangalore,KARNATAKA,Healthcare,Residents are requesting improved local healthcare access and medicine availability.,English,Medium,2026-08-13T08:56,Synthetic Demo Data
REQ003847,613261,Chandapura,Bangalore,KARNATAKA,Banking,Residents have limited access to nearby banking services and have to travel 10 km.,English,High,2026-07-13T09:49,Synthetic Demo Data
REQ003848,613261,Chandapura,Bangalore,KARNATAKA,Waste Management,Waste is accumulating near residential areas and temple road.,English,Low,2026-07-21T19:25,Synthetic Demo Data
REQ003849,613261,Chandapura,Bangalore,KARNATAKA,Waste Management,ಕಸವನ್ನು ನಿಯಮಿತವಾಗಿ ವಿಲೇವಾರಿ ಮಾಡಲಾಗುತ್ತಿಲ್ಲ.,Kannada,Low,2026-08-17T08:51,Synthetic Demo Data
REQ003850,613261,Chandapura,Bangalore,KARNATAKA,Drainage,ಚರಂಡಿ ಕೊರತೆಯಿಂದ ನೀರು ನಿಂತು ಸೊಳ್ಳೆಗಳ ಕಾಟ ಹೆಚ್ಚಾಗಿದೆ.,Kannada,High,2026-08-14T13:51,Synthetic Demo Data
REQ003851,613261,Chandapura,Bangalore,KARNATAKA,Electricity,ವೋಲ್ಟೇಜ್ ಏರಿಳಿತದಿಂದ ಪಂಪ್‌ಸೆಟ್‌ಗಳಿಗೆ ತೊಂದರೆಯಾಗುತ್ತಿದೆ.,Kannada,Medium,2026-08-10T18:39,Synthetic Demo Data
REQ003852,613263,Kittaganahalli,Bangalore,KARNATAKA,Healthcare,ಸ್ಥಳೀಯ ಆರೋಗ್ಯ ಸೇವೆಗಳು ಮತ್ತು ಔಷಧಿಗಳ ಲಭ್ಯತೆಯನ್ನು ಸುಧಾರಿಸಲು ವಿನಂತಿ.,Kannada,Medium,2026-08-07T19:10,Synthetic Demo Data
REQ003853,613263,Kittaganahalli,Bangalore,KARNATAKA,Drainage,Residents are requesting proper concrete covered drainage near residential areas.,English,High,2026-08-17T09:01,Synthetic Demo Data
REQ003854,613263,Kittaganahalli,Bangalore,KARNATAKA,Road,Residents are requesting improvement of road connectivity to the taluk center.,English,High,2026-08-22T10:36,Synthetic Demo Data
REQ003855,613263,Kittaganahalli,Bangalore,KARNATAKA,Healthcare,ಸಂಜೆ 5 ರ ನಂತರ ಸಮೀಪದ ಆರೋಗ್ಯ ಕೇಂದ್ರಕ್ಕೆ ಹೋಗಲು ಕಷ್ಟವಾಗುತ್ತಿದೆ.,Kannada,Low,2026-07-19T07:55,Synthetic Demo Data
REQ003856,613263,Kittaganahalli,Bangalore,KARNATAKA,Healthcare,ಸಂಜೆ 5 ರ ನಂತರ ಸಮೀಪದ ಆರೋಗ್ಯ ಕೇಂದ್ರಕ್ಕೆ ಹೋಗಲು ಕಷ್ಟವಾಗುತ್ತಿದೆ.,Kannada,Low,2026-09-02T11:38,Synthetic Demo Data
REQ003857,613263,Kittaganahalli,Bangalore,KARNATAKA,Banking,Residents have limited access to nearby banking services and have to travel 10 km.,English,High,2026-08-26T12:16,Synthetic Demo Data
REQ003858,613263,Kittaganahalli,Bangalore,KARNATAKA,Digital Connectivity,ಗ್ರಾಮ ಪಂಚಾಯತ್ ವ್ಯಾಪ್ತಿಯಲ್ಲಿ ಬಾಪೂಜಿ ಸೇವಾ ಕೇಂದ್ರ / ಡಿಜಿಟಲ್ ಕೇಂದ್ರ ಬೇಕು.,Kannada,High,2026-09-12T09:19,Synthetic Demo Data
REQ003859,613263,Kittaganahalli,Bangalore,KARNATAKA,Healthcare,Residents have limited access to a nearby health facility after 5 PM.,English,Low,2026-07-24T10:50,Synthetic Demo Data
REQ003860,613263,Kittaganahalli,Bangalore,KARNATAKA,Waste Management,Waste is accumulating near residential areas and temple road.,English,Medium,2026-07-01T15:58,Synthetic Demo Data
REQ003861,613263,Kittaganahalli,Bangalore,KARNATAKA,Road,ಮಳೆಗಾಲದಲ್ಲಿ ರಸ್ತೆಯಲ್ಲಿ ನೀರು ನಿಂತು ವಾಹನ ಚಾಲನೆ ಕಷ್ಟವಾಗುತ್ತದೆ.,Kannada,Medium,2026-07-18T17:07,Synthetic Demo Data
REQ003862,613263,Kittaganahalli,Bangalore,KARNATAKA,Electricity,ಗ್ರಾಮದ ಪ್ರಮುಖ ರಸ್ತೆಗಳಲ್ಲಿ ಬೀದಿದೀಪಗಳ ಸೌಲಭ್ಯ ಕಲ್ಪಿಸಬೇಕಾಗಿದೆ.,Kannada,High,2026-07-04T12:14,Synthetic Demo Data
REQ003863,613263,Kittaganahalli,Bangalore,KARNATAKA,Education,ಬಸ್ ಕೊರತೆಯಿಂದ ವಿದ್ಯಾರ್ಥಿಗಳಿಗೆ ಪ್ರೌಢಶಾಲೆಗೆ ಹೋಗಲು ತೊಂದರೆಯಾಗಿದೆ.,Kannada,High,2026-09-10T10:49,Synthetic Demo Data
REQ003864,613263,Kittaganahalli,Bangalore,KARNATAKA,Waste Management,ಮನೆ ಮನೆಗೆ ತೆರಳಿ ಕಸ ಸಂಗ್ರಹಿಸುವ ವ್ಯವಸ್ಥೆ ಬೇಕು ಎಂದು ನಿವಾಸಿಗಳು ಕೋರುತ್ತಿದ್ದಾರೆ.,Kannada,Low,2026-07-08T14:20,Synthetic Demo Data
REQ003865,613263,Kittaganahalli,Bangalore,KARNATAKA,Water,The village needs improved access to safe drinking water RO plant.,English,Medium,2026-08-26T06:25,Synthetic Demo Data
REQ003866,613263,Kittaganahalli,Bangalore,KARNATAKA,Waste Management,Residents are requesting a better door-to-door waste collection system.,English,High,2026-09-05T19:12,Synthetic Demo Data
REQ003867,613263,Kittaganahalli,Bangalore,KARNATAKA,Water,ಬೇಸಿಗೆಯಲ್ಲಿ ಶುದ್ಧ ಕುಡಿಯುವ ನೀರಿನ ಕೊರತೆ ಎದುರಾಗುತ್ತಿದೆ.,Kannada,Low,2026-07-20T06:52,Synthetic Demo Data
REQ003868,613263,Kittaganahalli,Bangalore,KARNATAKA,Banking,"ಬ್ಯಾಂಕಿಂಗ್ ಸೇವೆಗೆ 10 ಕಿ.ಮೀ ದೂರ ಹೋಗಬೇಕಾಗಿದ್ದು, ಸ್ಥಳೀಯ ಕಿಯೋಸ್ಕ್ ಅಗತ್ಯವಿದೆ.",Kannada,Medium,2026-08-07T14:08,Synthetic Demo Data
REQ003869,613263,Kittaganahalli,Bangalore,KARNATAKA,Healthcare,ಸ್ಥಳೀಯ ಆರೋಗ್ಯ ಸೇವೆಗಳು ಮತ್ತು ಔಷಧಿಗಳ ಲಭ್ಯತೆಯನ್ನು ಸುಧಾರಿಸಲು ವಿನಂತಿ.,Kannada,High,2026-07-28T19:54,Synthetic Demo Data
REQ003870,613263,Kittaganahalli,Bangalore,KARNATAKA,Healthcare,The village needs easier access to primary healthcare center.,English,Low,2026-09-04T11:44,Synthetic Demo Data
REQ003871,613263,Kittaganahalli,Bangalore,KARNATAKA,Healthcare,ಸ್ಥಳೀಯ ಆರೋಗ್ಯ ಸೇವೆಗಳು ಮತ್ತು ಔಷಧಿಗಳ ಲಭ್ಯತೆಯನ್ನು ಸುಧಾರಿಸಲು ವಿನಂತಿ.,Kannada,Medium,2026-07-11T12:24,Synthetic Demo Data
REQ003872,613263,Kittaganahalli,Bangalore,KARNATAKA,Water,ಮೇಲ್ಭಾಗದ ಬಡಾವಣೆಗಳಿಗೆ ನೀರಿನ ಸರಬರಾಜು ಒತ್ತಡ ಸಾಲುತ್ತಿಲ್ಲ.,Kannada,High,2026-08-06T19:56,Synthetic Demo Data
REQ003873,613263,Kittaganahalli,Bangalore,KARNATAKA,Banking,"ಬ್ಯಾಂಕಿಂಗ್ ಸೇವೆಗೆ 10 ಕಿ.ಮೀ ದೂರ ಹೋಗಬೇಕಾಗಿದ್ದು, ಸ್ಥಳೀಯ ಕಿಯೋಸ್ಕ್ ಅಗತ್ಯವಿದೆ.",Kannada,Low,2026-08-23T14:36,Synthetic Demo Data
REQ003874,613263,Kittaganahalli,Bangalore,KARNATAKA,Digital Connectivity,ಗ್ರಾಮ ಪಂಚಾಯತ್ ವ್ಯಾಪ್ತಿಯಲ್ಲಿ ಬಾಪೂಜಿ ಸೇವಾ ಕೇಂದ್ರ / ಡಿಜಿಟಲ್ ಕೇಂದ್ರ ಬೇಕು.,Kannada,High,2026-08-17T08:58,Synthetic Demo Data
REQ003875,613263,Kittaganahalli,Bangalore,KARNATAKA,Healthcare,ನಮ್ಮ ಗ್ರಾಮಕ್ಕೆ ಪ್ರಾಥಮಿಕ ಆರೋಗ್ಯ ಕೇಂದ್ರದ ಸುಲಭ ಪ್ರವೇಶ ಬೇಕಾಗಿದೆ.,Kannada,Low,2026-07-01T08:06,Synthetic Demo Data
REQ003876,613263,Kittaganahalli,Bangalore,KARNATAKA,Electricity,ಪದೇ ಪದೇ ವಿದ್ಯುತ್ ಕಡಿತವಾಗದಂತೆ ನಿರಂತರ ವಿದ್ಯುತ್ ನೀಡಲು ವಿನಂತಿ.,Kannada,Medium,2026-09-06T07:34,Synthetic Demo Data
REQ003877,613263,Kittaganahalli,Bangalore,KARNATAKA,Electricity,ಗ್ರಾಮದ ಪ್ರಮುಖ ರಸ್ತೆಗಳಲ್ಲಿ ಬೀದಿದೀಪಗಳ ಸೌಲಭ್ಯ ಕಲ್ಪಿಸಬೇಕಾಗಿದೆ.,Kannada,Medium,2026-09-12T07:18,Synthetic Demo Data
REQ003878,613263,Kittaganahalli,Bangalore,KARNATAKA,Waste Management,ವಸತಿ ಪ್ರದೇಶಗಳ ಬಳಿ ಕಸ ಶೇಖರಣೆಯಾಗುತ್ತಿದೆ.,Kannada,High,2026-07-31T08:22,Synthetic Demo Data
REQ003879,613263,Kittaganahalli,Bangalore,KARNATAKA,Healthcare,Residents have limited access to a nearby health facility after 5 PM.,English,High,2026-07-28T16:12,Synthetic Demo Data
REQ003880,613263,Kittaganahalli,Bangalore,KARNATAKA,Healthcare,Residents have limited access to a nearby health facility after 5 PM.,English,Medium,2026-07-28T21:19,Synthetic Demo Data
REQ003881,613263,Kittaganahalli,Bangalore,KARNATAKA,Healthcare,ನಮ್ಮ ಗ್ರಾಮಕ್ಕೆ ಪ್ರಾಥಮಿಕ ಆರೋಗ್ಯ ಕೇಂದ್ರದ ಸುಲಭ ಪ್ರವೇಶ ಬೇಕಾಗಿದೆ.,Kannada,High,2026-07-02T09:59,Synthetic Demo Data
REQ003882,613263,Kittaganahalli,Bangalore,KARNATAKA,Healthcare,Residents have limited access to a nearby health facility after 5 PM.,English,High,2026-07-15T21:53,Synthetic Demo Data
REQ003883,613263,Kittaganahalli,Bangalore,KARNATAKA,Public Transport,ಬೆಳಿಗ್ಗೆ ಮತ್ತು ಸಂಜೆ ವೇಳೆಯಲ್ಲಿ ಹೆಚ್ಚಿನ ಬಸ್ ಸಂಚಾರ ಬೇಕಾಗಿದೆ.,Kannada,High,2026-09-16T07:09,Synthetic Demo Data
REQ003884,613263,Kittaganahalli,Bangalore,KARNATAKA,Electricity,The village needs improved electricity infrastructure and street lighting.,English,High,2026-09-16T12:30,Synthetic Demo Data
REQ003885,613263,Kittaganahalli,Bangalore,KARNATAKA,Digital Connectivity,ಗ್ರಾಮ ಪಂಚಾಯತ್ ವ್ಯಾಪ್ತಿಯಲ್ಲಿ ಬಾಪೂಜಿ ಸೇವಾ ಕೇಂದ್ರ / ಡಿಜಿಟಲ್ ಕೇಂದ್ರ ಬೇಕು.,Kannada,Medium,2026-08-19T19:51,Synthetic Demo Data
REQ003886,613263,Kittaganahalli,Bangalore,KARNATAKA,Healthcare,ನಮ್ಮ ಗ್ರಾಮಕ್ಕೆ ಪ್ರಾಥಮಿಕ ಆರೋಗ್ಯ ಕೇಂದ್ರದ ಸುಲಭ ಪ್ರವೇಶ ಬೇಕಾಗಿದೆ.,Kannada,Medium,2026-08-30T18:28,Synthetic Demo Data
REQ003887,613263,Kittaganahalli,Bangalore,KARNATAKA,Healthcare,Residents are requesting improved local healthcare access and medicine availability.,English,High,2026-07-26T11:26,Synthetic Demo Data
REQ003888,613263,Kittaganahalli,Bangalore,KARNATAKA,Water,Water supply pressure is insufficient for residents on higher lanes.,English,High,2026-07-04T16:34,Synthetic Demo Data
REQ003889,613263,Kittaganahalli,Bangalore,KARNATAKA,Waste Management,ವಸತಿ ಪ್ರದೇಶಗಳ ಬಳಿ ಕಸ ಶೇಖರಣೆಯಾಗುತ್ತಿದೆ.,Kannada,Medium,2026-07-09T17:27,Synthetic Demo Data
REQ003890,613263,Kittaganahalli,Bangalore,KARNATAKA,Road,The road becomes waterlogged and difficult to travel on during the rainy season.,English,Medium,2026-08-16T13:15,Synthetic Demo Data
REQ003891,613263,Kittaganahalli,Bangalore,KARNATAKA,Education,The village needs improved educational facilities and playground repair.,English,High,2026-07-21T18:25,Synthetic Demo Data
REQ003892,613263,Kittaganahalli,Bangalore,KARNATAKA,Digital Connectivity,ಗ್ರಾಮದ ಒಳಭಾಗದಲ್ಲಿ ಮೊಬೈಲ್ ನೆಟ್‌ವರ್ಕ್ ಸಿಗುತ್ತಿಲ್ಲ.,Kannada,Medium,2026-09-10T07:04,Synthetic Demo Data
REQ003893,613263,Kittaganahalli,Bangalore,KARNATAKA,Digital Connectivity,ಹೈಸ್ಪೀಡ್ ಇಂಟರ್ನೆಟ್ ಮತ್ತು ಸಿಎಸ್ಸಿ ಸೇವೆಗಳು ಲಭ್ಯವಿಲ್ಲ.,Kannada,Low,2026-08-24T21:38,Synthetic Demo Data
REQ003894,613263,Kittaganahalli,Bangalore,KARNATAKA,Electricity,ಪದೇ ಪದೇ ವಿದ್ಯುತ್ ಕಡಿತವಾಗದಂತೆ ನಿರಂತರ ವಿದ್ಯುತ್ ನೀಡಲು ವಿನಂತಿ.,Kannada,High,2026-09-04T16:13,Synthetic Demo Data
REQ003895,613263,Kittaganahalli,Bangalore,KARNATAKA,Drainage,Drainage overflows during heavy rain and causes waterlogging near the school.,English,Medium,2026-08-19T19:37,Synthetic Demo Data
REQ003896,613263,Kittaganahalli,Bangalore,KARNATAKA,Healthcare,Residents have limited access to a nearby health facility after 5 PM.,English,High,2026-08-17T07:10,Synthetic Demo Data
REQ003897,613264,Banahalli,Bangalore,KARNATAKA,Road,Residents are requesting improvement of road connectivity to the taluk center.,English,Low,2026-08-24T09:15,Synthetic Demo Data
REQ003898,613264,Banahalli,Bangalore,KARNATAKA,Water,ಬೇಸಿಗೆಯಲ್ಲಿ ಶುದ್ಧ ಕುಡಿಯುವ ನೀರಿನ ಕೊರತೆ ಎದುರಾಗುತ್ತಿದೆ.,Kannada,Low,2026-07-01T21:08,Synthetic Demo Data
REQ003899,613264,Banahalli,Bangalore,KARNATAKA,Electricity,The village needs improved electricity infrastructure and street lighting.,English,Medium,2026-07-29T11:30,Synthetic Demo Data
REQ003900,613264,Banahalli,Bangalore,KARNATAKA,Public Transport,ವಿಶ್ವಾಸಾರ್ಹ ಸಾರಿಗೆ ಬಸ್ ಸೇವೆಗಳನ್ನು ಹೆಚ್ಚಿಸಲು ವಿನಂತಿ.,Kannada,Low,2026-07-15T09:56,Synthetic Demo Data
REQ003901,613264,Banahalli,Bangalore,KARNATAKA,Public Transport,ಮೆಟ್ರೋ ನಿಲ್ದಾಣಕ್ಕೆ ನೇರ ಬಸ್ ಸಂಪರ್ಕ ಕಲ್ಪಿಸಲು ಗ್ರಾಮಸ್ಥರ ಕೋರಿಕೆ.,Kannada,High,2026-08-31T18:12,Synthetic Demo Data
REQ003902,613264,Banahalli,Bangalore,KARNATAKA,Water,Residents report difficulty getting reliable drinking water in summer.,English,Medium,2026-07-11T10:04,Synthetic Demo Data
REQ003903,613264,Banahalli,Bangalore,KARNATAKA,Water,ಗ್ರಾಮಕ್ಕೆ ಶುದ್ಧ ಕುಡಿಯುವ ನೀರಿನ ಆರ್‌ಒ ಘಟಕದ ಅಗತ್ಯವಿದೆ.,Kannada,High,2026-08-07T15:31,Synthetic Demo Data
REQ003904,613264,Banahalli,Bangalore,KARNATAKA,Waste Management,Garbage is not being collected regularly in residential lanes.,English,High,2026-08-31T20:30,Synthetic Demo Data
REQ003905,613264,Banahalli,Bangalore,KARNATAKA,Drainage,Residents are requesting proper concrete covered drainage near residential areas.,English,Low,2026-07-16T21:06,Synthetic Demo Data
REQ003906,613264,Banahalli,Bangalore,KARNATAKA,Healthcare,Residents have limited access to a nearby health facility after 5 PM.,English,High,2026-08-21T18:49,Synthetic Demo Data
REQ003907,613264,Banahalli,Bangalore,KARNATAKA,Healthcare,ಸ್ಥಳೀಯ ಆರೋಗ್ಯ ಸೇವೆಗಳು ಮತ್ತು ಔಷಧಿಗಳ ಲಭ್ಯತೆಯನ್ನು ಸುಧಾರಿಸಲು ವಿನಂತಿ.,Kannada,Medium,2026-08-18T13:12,Synthetic Demo Data
REQ003908,613264,Banahalli,Bangalore,KARNATAKA,Road,ಗ್ರಾಮದ ಮುಖ್ಯ ರಸ್ತೆ ಹಾಳಾಗಿದ್ದು ಸಂಚಾರಕ್ಕೆ ತೊಂದರೆಯಾಗಿದೆ.,Kannada,Medium,2026-08-16T10:10,Synthetic Demo Data
REQ003909,613264,Banahalli,Bangalore,KARNATAKA,Banking,People are requesting easier access to ATM or banking kiosk services.,English,Low,2026-08-18T17:12,Synthetic Demo Data
REQ003910,613264,Banahalli,Bangalore,KARNATAKA,Public Transport,People are requesting more reliable BMTC/KSRTC public transport services.,English,High,2026-07-12T08:48,Synthetic Demo Data
REQ003911,613264,Banahalli,Bangalore,KARNATAKA,Waste Management,गांव में कचरा समय पर नहीं उठाया जा रहा है।,Hindi,High,2026-07-03T17:44,Synthetic Demo Data
REQ003912,613264,Banahalli,Bangalore,KARNATAKA,Road,Residents are requesting improvement of road connectivity to the taluk center.,English,High,2026-07-15T16:31,Synthetic Demo Data
REQ003913,613264,Banahalli,Bangalore,KARNATAKA,Public Transport,The village needs better bus frequency during morning and evening hours.,English,Low,2026-08-12T07:47,Synthetic Demo Data
REQ003914,613264,Banahalli,Bangalore,KARNATAKA,Digital Connectivity,ಹೈಸ್ಪೀಡ್ ಇಂಟರ್ನೆಟ್ ಮತ್ತು ಸಿಎಸ್ಸಿ ಸೇವೆಗಳು ಲಭ್ಯವಿಲ್ಲ.,Kannada,Medium,2026-07-20T19:00,Synthetic Demo Data
REQ003915,613264,Banahalli,Bangalore,KARNATAKA,Water,ಗ್ರಾಮಕ್ಕೆ ಶುದ್ಧ ಕುಡಿಯುವ ನೀರಿನ ಆರ್‌ಒ ಘಟಕದ ಅಗತ್ಯವಿದೆ.,Kannada,High,2026-09-12T12:42,Synthetic Demo Data
REQ003916,613264,Banahalli,Bangalore,KARNATAKA,Road,ತಾಲೂಕು ಕೇಂದ್ರಕ್ಕೆ ಸಂಪರ್ಕ ಕಲ್ಪಿಸುವ ರಸ್ತೆ ಸುಧಾರಣೆಗೆ ಗ್ರಾಮಸ್ಥರ ಮನವಿ.,Kannada,Medium,2026-09-10T12:14,Synthetic Demo Data
REQ003917,613264,Banahalli,Bangalore,KARNATAKA,Road,ಮಳೆಗಾಲದಲ್ಲಿ ರಸ್ತೆಯಲ್ಲಿ ನೀರು ನಿಂತು ವಾಹನ ಚಾಲನೆ ಕಷ್ಟವಾಗುತ್ತದೆ.,Kannada,High,2026-09-01T08:38,Synthetic Demo Data
REQ003918,613264,Banahalli,Bangalore,KARNATAKA,Waste Management,ವಸತಿ ಪ್ರದೇಶಗಳ ಬಳಿ ಕಸ ಶೇಖರಣೆಯಾಗುತ್ತಿದೆ.,Kannada,Medium,2026-07-12T14:24,Synthetic Demo Data
REQ003919,613264,Banahalli,Bangalore,KARNATAKA,Waste Management,Residents are requesting a better door-to-door waste collection system.,English,Low,2026-08-19T15:43,Synthetic Demo Data
REQ003920,613264,Banahalli,Bangalore,KARNATAKA,Electricity,People are requesting more reliable power supply without frequent cuts.,English,Low,2026-07-12T21:44,Synthetic Demo Data
REQ003921,613264,Banahalli,Bangalore,KARNATAKA,Drainage,Poor drainage is causing stagnant water and mosquito breeding in the village.,English,Medium,2026-09-05T10:19,Synthetic Demo Data
REQ003922,613264,Banahalli,Bangalore,KARNATAKA,Healthcare,ಸ್ಥಳೀಯ ಆರೋಗ್ಯ ಸೇವೆಗಳು ಮತ್ತು ಔಷಧಿಗಳ ಲಭ್ಯತೆಯನ್ನು ಸುಧಾರಿಸಲು ವಿನಂತಿ.,Kannada,Low,2026-09-02T10:18,Synthetic Demo Data
REQ003923,613264,Banahalli,Bangalore,KARNATAKA,Water,Water supply pressure is insufficient for residents on higher lanes.,English,Low,2026-07-19T06:34,Synthetic Demo Data
REQ003924,613264,Banahalli,Bangalore,KARNATAKA,Healthcare,ಸಂಜೆ 5 ರ ನಂತರ ಸಮೀಪದ ಆರೋಗ್ಯ ಕೇಂದ್ರಕ್ಕೆ ಹೋಗಲು ಕಷ್ಟವಾಗುತ್ತಿದೆ.,Kannada,Medium,2026-08-18T06:20,Synthetic Demo Data
REQ003925,613264,Banahalli,Bangalore,KARNATAKA,Water,ಗ್ರಾಮಕ್ಕೆ ಶುದ್ಧ ಕುಡಿಯುವ ನೀರಿನ ಆರ್‌ಒ ಘಟಕದ ಅಗತ್ಯವಿದೆ.,Kannada,High,2026-07-19T21:56,Synthetic Demo Data
REQ003926,613264,Banahalli,Bangalore,KARNATAKA,Drainage,नालियों में पानी भर जाने से जलभराव हो रहा है।,Hindi,Medium,2026-07-26T13:20,Synthetic Demo Data
REQ003927,613264,Banahalli,Bangalore,KARNATAKA,Electricity,People are requesting more reliable power supply without frequent cuts.,English,Medium,2026-07-26T06:05,Synthetic Demo Data
REQ003928,613264,Banahalli,Bangalore,KARNATAKA,Electricity,ಪದೇ ಪದೇ ವಿದ್ಯುತ್ ಕಡಿತವಾಗದಂತೆ ನಿರಂತರ ವಿದ್ಯುತ್ ನೀಡಲು ವಿನಂತಿ.,Kannada,Medium,2026-09-06T13:04,Synthetic Demo Data
REQ003929,613264,Banahalli,Bangalore,KARNATAKA,Healthcare,ಸ್ಥಳೀಯ ಆರೋಗ್ಯ ಸೇವೆಗಳು ಮತ್ತು ಔಷಧಿಗಳ ಲಭ್ಯತೆಯನ್ನು ಸುಧಾರಿಸಲು ವಿನಂತಿ.,Kannada,High,2026-08-09T07:11,Synthetic Demo Data
REQ003930,613264,Banahalli,Bangalore,KARNATAKA,Healthcare,प्राथमिक स्वास्थ्य केंद्र में बेहतर सुविधाओं की आवश्यकता है।,Hindi,High,2026-08-05T08:21,Synthetic Demo Data
REQ003931,613264,Banahalli,Bangalore,KARNATAKA,Healthcare,The village needs easier access to primary healthcare center.,English,Medium,2026-07-07T13:03,Synthetic Demo Data
REQ003932,613264,Banahalli,Bangalore,KARNATAKA,Banking,Residents have limited access to nearby banking services and have to travel 10 km.,English,Medium,2026-08-24T08:15,Synthetic Demo Data
REQ003933,613264,Banahalli,Bangalore,KARNATAKA,Public Transport,ವಿಶ್ವಾಸಾರ್ಹ ಸಾರಿಗೆ ಬಸ್ ಸೇವೆಗಳನ್ನು ಹೆಚ್ಚಿಸಲು ವಿನಂತಿ.,Kannada,Low,2026-07-04T08:08,Synthetic Demo Data
REQ003934,613264,Banahalli,Bangalore,KARNATAKA,Banking,The village needs better access to banking facilities and loan services.,English,Medium,2026-08-14T15:49,Synthetic Demo Data
REQ003935,613264,Banahalli,Bangalore,KARNATAKA,Healthcare,Residents have limited access to a nearby health facility after 5 PM.,English,Medium,2026-07-01T17:58,Synthetic Demo Data
REQ003936,613264,Banahalli,Bangalore,KARNATAKA,Digital Connectivity,ಗ್ರಾಮ ಪಂಚಾಯತ್ ವ್ಯಾಪ್ತಿಯಲ್ಲಿ ಬಾಪೂಜಿ ಸೇವಾ ಕೇಂದ್ರ / ಡಿಜಿಟಲ್ ಕೇಂದ್ರ ಬೇಕು.,Kannada,High,2026-08-14T12:43,Synthetic Demo Data
REQ003937,613264,Banahalli,Bangalore,KARNATAKA,Public Transport,ವಿಶ್ವಾಸಾರ್ಹ ಸಾರಿಗೆ ಬಸ್ ಸೇವೆಗಳನ್ನು ಹೆಚ್ಚಿಸಲು ವಿನಂತಿ.,Kannada,Medium,2026-07-26T20:39,Synthetic Demo Data
REQ003938,613264,Banahalli,Bangalore,KARNATAKA,Healthcare,प्राथमिक स्वास्थ्य केंद्र में बेहतर सुविधाओं की आवश्यकता है।,Hindi,Medium,2026-07-16T15:08,Synthetic Demo Data
REQ003939,613264,Banahalli,Bangalore,KARNATAKA,Digital Connectivity,Residents have limited access to high-speed internet and CSC services.,English,Low,2026-08-15T06:48,Synthetic Demo Data
REQ003940,613264,Banahalli,Bangalore,KARNATAKA,Digital Connectivity,ಹೈಸ್ಪೀಡ್ ಇಂಟರ್ನೆಟ್ ಮತ್ತು ಸಿಎಸ್ಸಿ ಸೇವೆಗಳು ಲಭ್ಯವಿಲ್ಲ.,Kannada,Medium,2026-07-13T21:30,Synthetic Demo Data
REQ003941,613264,Banahalli,Bangalore,KARNATAKA,Healthcare,Residents are requesting improved local healthcare access and medicine availability.,English,Medium,2026-07-28T19:59,Synthetic Demo Data
REQ003942,613268,Neralur,Bangalore,KARNATAKA,Waste Management,ಮನೆ ಮನೆಗೆ ತೆರಳಿ ಕಸ ಸಂಗ್ರಹಿಸುವ ವ್ಯವಸ್ಥೆ ಬೇಕು ಎಂದು ನಿವಾಸಿಗಳು ಕೋರುತ್ತಿದ್ದಾರೆ.,Kannada,Medium,2026-07-04T08:46,Synthetic Demo Data
REQ003943,613268,Neralur,Bangalore,KARNATAKA,Digital Connectivity,The village needs better mobile network coverage in interior areas.,English,High,2026-08-21T11:37,Synthetic Demo Data
REQ003944,613268,Neralur,Bangalore,KARNATAKA,Waste Management,ವಸತಿ ಪ್ರದೇಶಗಳ ಬಳಿ ಕಸ ಶೇಖರಣೆಯಾಗುತ್ತಿದೆ.,Kannada,Medium,2026-09-04T06:36,Synthetic Demo Data
REQ003945,613268,Neralur,Bangalore,KARNATAKA,Public Transport,ವಿಶ್ವಾಸಾರ್ಹ ಸಾರಿಗೆ ಬಸ್ ಸೇವೆಗಳನ್ನು ಹೆಚ್ಚಿಸಲು ವಿನಂತಿ.,Kannada,Medium,2026-08-20T16:10,Synthetic Demo Data
REQ003946,613268,Neralur,Bangalore,KARNATAKA,Waste Management,Residents are requesting a better door-to-door waste collection system.,English,Medium,2026-09-07T06:29,Synthetic Demo Data
REQ003947,613268,Neralur,Bangalore,KARNATAKA,Waste Management,Waste is accumulating near residential areas and temple road.,English,Medium,2026-07-14T10:20,Synthetic Demo Data
REQ003948,613268,Neralur,Bangalore,KARNATAKA,Road,ತಾಲೂಕು ಕೇಂದ್ರಕ್ಕೆ ಸಂಪರ್ಕ ಕಲ್ಪಿಸುವ ರಸ್ತೆ ಸುಧಾರಣೆಗೆ ಗ್ರಾಮಸ್ಥರ ಮನವಿ.,Kannada,High,2026-08-11T21:24,Synthetic Demo Data
REQ003949,613268,Neralur,Bangalore,KARNATAKA,Waste Management,ಕಸವನ್ನು ನಿಯಮಿತವಾಗಿ ವಿಲೇವಾರಿ ಮಾಡಲಾಗುತ್ತಿಲ್ಲ.,Kannada,Low,2026-08-17T06:20,Synthetic Demo Data
REQ003950,613268,Neralur,Bangalore,KARNATAKA,Water,ಮೇಲ್ಭಾಗದ ಬಡಾವಣೆಗಳಿಗೆ ನೀರಿನ ಸರಬರಾಜು ಒತ್ತಡ ಸಾಲುತ್ತಿಲ್ಲ.,Kannada,Low,2026-08-07T09:49,Synthetic Demo Data
REQ003951,613268,Neralur,Bangalore,KARNATAKA,Healthcare,Residents have limited access to a nearby health facility after 5 PM.,English,High,2026-09-09T12:36,Synthetic Demo Data
REQ003952,613268,Neralur,Bangalore,KARNATAKA,Drainage,Residents are requesting proper concrete covered drainage near residential areas.,English,Low,2026-08-15T18:22,Synthetic Demo Data
REQ003953,613268,Neralur,Bangalore,KARNATAKA,Electricity,ವೋಲ್ಟೇಜ್ ಏರಿಳಿತದಿಂದ ಪಂಪ್‌ಸೆಟ್‌ಗಳಿಗೆ ತೊಂದರೆಯಾಗುತ್ತಿದೆ.,Kannada,High,2026-07-15T15:33,Synthetic Demo Data
REQ003954,613268,Neralur,Bangalore,KARNATAKA,Healthcare,ಸ್ಥಳೀಯ ಆರೋಗ್ಯ ಸೇವೆಗಳು ಮತ್ತು ಔಷಧಿಗಳ ಲಭ್ಯತೆಯನ್ನು ಸುಧಾರಿಸಲು ವಿನಂತಿ.,Kannada,Medium,2026-07-06T06:45,Synthetic Demo Data
REQ003955,613268,Neralur,Bangalore,KARNATAKA,Education,ಗ್ರಾಮದ ಶಾಲಾ ಆವರಣ ಹಾಗೂ ಆಟದ ಮೈದಾನ ದುರಸ್ತಿ ಮಾಡಬೇಕಾಗಿದೆ.,Kannada,Medium,2026-07-24T20:35,Synthetic Demo Data
REQ003956,613268,Neralur,Bangalore,KARNATAKA,Banking,"ಬ್ಯಾಂಕಿಂಗ್ ಸೇವೆಗೆ 10 ಕಿ.ಮೀ ದೂರ ಹೋಗಬೇಕಾಗಿದ್ದು, ಸ್ಥಳೀಯ ಕಿಯೋಸ್ಕ್ ಅಗತ್ಯವಿದೆ.",Kannada,Medium,2026-07-07T13:41,Synthetic Demo Data
REQ003957,613268,Neralur,Bangalore,KARNATAKA,Water,ಬೇಸಿಗೆಯಲ್ಲಿ ಶುದ್ಧ ಕುಡಿಯುವ ನೀರಿನ ಕೊರತೆ ಎದುರಾಗುತ್ತಿದೆ.,Kannada,High,2026-07-14T10:21,Synthetic Demo Data
REQ003958,613268,Neralur,Bangalore,KARNATAKA,Digital Connectivity,ಗ್ರಾಮದ ಒಳಭಾಗದಲ್ಲಿ ಮೊಬೈಲ್ ನೆಟ್‌ವರ್ಕ್ ಸಿಗುತ್ತಿಲ್ಲ.,Kannada,Medium,2026-07-05T21:17,Synthetic Demo Data
REQ003959,613268,Neralur,Bangalore,KARNATAKA,Waste Management,Garbage is not being collected regularly in residential lanes.,English,Medium,2026-09-15T17:09,Synthetic Demo Data
REQ003960,613268,Neralur,Bangalore,KARNATAKA,Banking,ಎಟಿಎಂ ಅಥವಾ ಗ್ರಾಮ ಬ್ಯಾಂಕಿಂಗ್ ಸೇವೆ ಒದಗಿಸಲು ಸಾರ್ವಜನಿಕರ ಮನವಿ.,Kannada,Medium,2026-07-27T09:40,Synthetic Demo Data
REQ003961,613268,Neralur,Bangalore,KARNATAKA,Education,ಬಸ್ ಕೊರತೆಯಿಂದ ವಿದ್ಯಾರ್ಥಿಗಳಿಗೆ ಪ್ರೌಢಶಾಲೆಗೆ ಹೋಗಲು ತೊಂದರೆಯಾಗಿದೆ.,Kannada,High,2026-09-02T12:01,Synthetic Demo Data
REQ003962,613268,Neralur,Bangalore,KARNATAKA,Banking,People are requesting easier access to ATM or banking kiosk services.,English,Low,2026-08-24T10:16,Synthetic Demo Data
REQ003963,613268,Neralur,Bangalore,KARNATAKA,Public Transport,Residents report limited public transport access to metro/train stations.,English,High,2026-08-06T06:44,Synthetic Demo Data
REQ003964,613268,Neralur,Bangalore,KARNATAKA,Electricity,ಗ್ರಾಮದ ಪ್ರಮುಖ ರಸ್ತೆಗಳಲ್ಲಿ ಬೀದಿದೀಪಗಳ ಸೌಲಭ್ಯ ಕಲ್ಪಿಸಬೇಕಾಗಿದೆ.,Kannada,High,2026-08-05T15:25,Synthetic Demo Data
REQ003965,613268,Neralur,Bangalore,KARNATAKA,Banking,गांव में एटीएम या बैंकिंग सुविधा उपलब्ध कराई जाए।,Hindi,Low,2026-09-02T14:03,Synthetic Demo Data
REQ003966,613268,Neralur,Bangalore,KARNATAKA,Public Transport,ಮೆಟ್ರೋ ನಿಲ್ದಾಣಕ್ಕೆ ನೇರ ಬಸ್ ಸಂಪರ್ಕ ಕಲ್ಪಿಸಲು ಗ್ರಾಮಸ್ಥರ ಕೋರಿಕೆ.,Kannada,Medium,2026-08-16T15:16,Synthetic Demo Data
REQ003967,613268,Neralur,Bangalore,KARNATAKA,Banking,ಗ್ರಾಮದಲ್ಲಿ ಬ್ಯಾಂಕ್ ಸೇವೆಗಳು ಮತ್ತು ಸಾಲ ಸೌಲಭ್ಯಗಳು ಸುಲಭವಾಗಿ ಸಿಗುತ್ತಿಲ್ಲ.,Kannada,Medium,2026-08-05T18:41,Synthetic Demo Data
REQ003968,613268,Neralur,Bangalore,KARNATAKA,Healthcare,ಸ್ಥಳೀಯ ಆರೋಗ್ಯ ಸೇವೆಗಳು ಮತ್ತು ಔಷಧಿಗಳ ಲಭ್ಯತೆಯನ್ನು ಸುಧಾರಿಸಲು ವಿನಂತಿ.,Kannada,Medium,2026-08-23T17:59,Synthetic Demo Data
REQ003969,613268,Neralur,Bangalore,KARNATAKA,Banking,"ಬ್ಯಾಂಕಿಂಗ್ ಸೇವೆಗೆ 10 ಕಿ.ಮೀ ದೂರ ಹೋಗಬೇಕಾಗಿದ್ದು, ಸ್ಥಳೀಯ ಕಿಯೋಸ್ಕ್ ಅಗತ್ಯವಿದೆ.",Kannada,Low,2026-09-03T12:50,Synthetic Demo Data
REQ003970,613268,Neralur,Bangalore,KARNATAKA,Waste Management,Garbage is not being collected regularly in residential lanes.,English,Medium,2026-08-15T19:40,Synthetic Demo Data
REQ003971,613268,Neralur,Bangalore,KARNATAKA,Waste Management,ವಸತಿ ಪ್ರದೇಶಗಳ ಬಳಿ ಕಸ ಶೇಖರಣೆಯಾಗುತ್ತಿದೆ.,Kannada,High,2026-08-20T15:33,Synthetic Demo Data
REQ003972,613268,Neralur,Bangalore,KARNATAKA,Road,ಮಳೆಗಾಲದಲ್ಲಿ ರಸ್ತೆಯಲ್ಲಿ ನೀರು ನಿಂತು ವಾಹನ ಚಾಲನೆ ಕಷ್ಟವಾಗುತ್ತದೆ.,Kannada,Low,2026-08-30T17:33,Synthetic Demo Data
REQ003973,613268,Neralur,Bangalore,KARNATAKA,Healthcare,Residents are requesting improved local healthcare access and medicine availability.,English,High,2026-07-21T19:49,Synthetic Demo Data
REQ003974,613268,Neralur,Bangalore,KARNATAKA,Electricity,The village needs improved electricity infrastructure and street lighting.,English,Low,2026-08-02T15:15,Synthetic Demo Data
REQ003975,613268,Neralur,Bangalore,KARNATAKA,Banking,Residents have limited access to nearby banking services and have to travel 10 km.,English,Medium,2026-09-07T07:22,Synthetic Demo Data
REQ003976,613268,Neralur,Bangalore,KARNATAKA,Water,The village needs improved access to safe drinking water RO plant.,English,High,2026-07-08T17:46,Synthetic Demo Data
REQ003977,613268,Neralur,Bangalore,KARNATAKA,Water,ಗ್ರಾಮಕ್ಕೆ ಶುದ್ಧ ಕುಡಿಯುವ ನೀರಿನ ಆರ್‌ಒ ಘಟಕದ ಅಗತ್ಯವಿದೆ.,Kannada,Medium,2026-07-22T06:03,Synthetic Demo Data
REQ003978,613268,Neralur,Bangalore,KARNATAKA,Healthcare,ಸ್ಥಳೀಯ ಆರೋಗ್ಯ ಸೇವೆಗಳು ಮತ್ತು ಔಷಧಿಗಳ ಲಭ್ಯತೆಯನ್ನು ಸುಧಾರಿಸಲು ವಿನಂತಿ.,Kannada,Medium,2026-09-11T07:44,Synthetic Demo Data
REQ003979,613268,Neralur,Bangalore,KARNATAKA,Healthcare,ಸ್ಥಳೀಯ ಆರೋಗ್ಯ ಸೇವೆಗಳು ಮತ್ತು ಔಷಧಿಗಳ ಲಭ್ಯತೆಯನ್ನು ಸುಧಾರಿಸಲು ವಿನಂತಿ.,Kannada,Medium,2026-07-19T16:17,Synthetic Demo Data
REQ003980,613268,Neralur,Bangalore,KARNATAKA,Digital Connectivity,The village needs better mobile network coverage in interior areas.,English,Medium,2026-07-01T13:35,Synthetic Demo Data
REQ003981,613268,Neralur,Bangalore,KARNATAKA,Banking,ಎಟಿಎಂ ಅಥವಾ ಗ್ರಾಮ ಬ್ಯಾಂಕಿಂಗ್ ಸೇವೆ ಒದಗಿಸಲು ಸಾರ್ವಜನಿಕರ ಮನವಿ.,Kannada,High,2026-08-14T09:22,Synthetic Demo Data
REQ003982,613268,Neralur,Bangalore,KARNATAKA,Water,ಮೇಲ್ಭಾಗದ ಬಡಾವಣೆಗಳಿಗೆ ನೀರಿನ ಸರಬರಾಜು ಒತ್ತಡ ಸಾಲುತ್ತಿಲ್ಲ.,Kannada,Medium,2026-08-08T16:01,Synthetic Demo Data
REQ003983,613268,Neralur,Bangalore,KARNATAKA,Digital Connectivity,इंटरनेट और डिजिटल सेवा केंद्र की जरूरत है।,Hindi,High,2026-08-13T13:56,Synthetic Demo Data
REQ003984,613268,Neralur,Bangalore,KARNATAKA,Water,Water supply pressure is insufficient for residents on higher lanes.,English,High,2026-07-30T13:48,Synthetic Demo Data
REQ003985,613268,Neralur,Bangalore,KARNATAKA,Healthcare,Residents have limited access to a nearby health facility after 5 PM.,English,High,2026-07-13T09:09,Synthetic Demo Data
REQ003986,613268,Neralur,Bangalore,KARNATAKA,Waste Management,ಕಸವನ್ನು ನಿಯಮಿತವಾಗಿ ವಿಲೇವಾರಿ ಮಾಡಲಾಗುತ್ತಿಲ್ಲ.,Kannada,High,2026-07-22T18:22,Synthetic Demo Data
REQ003987,613273,Yadavanahalli,Bangalore,KARNATAKA,Waste Management,ವಸತಿ ಪ್ರದೇಶಗಳ ಬಳಿ ಕಸ ಶೇಖರಣೆಯಾಗುತ್ತಿದೆ.,Kannada,High,2026-08-25T18:57,Synthetic Demo Data
REQ003988,613273,Yadavanahalli,Bangalore,KARNATAKA,Waste Management,Garbage is not being collected regularly in residential lanes.,English,Medium,2026-09-06T17:31,Synthetic Demo Data
REQ003989,613273,Yadavanahalli,Bangalore,KARNATAKA,Waste Management,ಮನೆ ಮನೆಗೆ ತೆರಳಿ ಕಸ ಸಂಗ್ರಹಿಸುವ ವ್ಯವಸ್ಥೆ ಬೇಕು ಎಂದು ನಿವಾಸಿಗಳು ಕೋರುತ್ತಿದ್ದಾರೆ.,Kannada,Medium,2026-08-14T15:21,Synthetic Demo Data
REQ003990,613273,Yadavanahalli,Bangalore,KARNATAKA,Banking,ಗ್ರಾಮದಲ್ಲಿ ಬ್ಯಾಂಕ್ ಸೇವೆಗಳು ಮತ್ತು ಸಾಲ ಸೌಲಭ್ಯಗಳು ಸುಲಭವಾಗಿ ಸಿಗುತ್ತಿಲ್ಲ.,Kannada,Low,2026-09-16T08:37,Synthetic Demo Data
REQ003991,613273,Yadavanahalli,Bangalore,KARNATAKA,Waste Management,ವಸತಿ ಪ್ರದೇಶಗಳ ಬಳಿ ಕಸ ಶೇಖರಣೆಯಾಗುತ್ತಿದೆ.,Kannada,Medium,2026-08-08T17:53,Synthetic Demo Data
REQ003992,613273,Yadavanahalli,Bangalore,KARNATAKA,Road,The main approach road near the village is damaged and difficult to use.,English,Medium,2026-07-05T19:08,Synthetic Demo Data
REQ003993,613273,Yadavanahalli,Bangalore,KARNATAKA,Healthcare,ನಮ್ಮ ಗ್ರಾಮಕ್ಕೆ ಪ್ರಾಥಮಿಕ ಆರೋಗ್ಯ ಕೇಂದ್ರದ ಸುಲಭ ಪ್ರವೇಶ ಬೇಕಾಗಿದೆ.,Kannada,Medium,2026-07-26T13:28,Synthetic Demo Data
REQ003994,613273,Yadavanahalli,Bangalore,KARNATAKA,Waste Management,ಕಸವನ್ನು ನಿಯಮಿತವಾಗಿ ವಿಲೇವಾರಿ ಮಾಡಲಾಗುತ್ತಿಲ್ಲ.,Kannada,Low,2026-08-10T21:23,Synthetic Demo Data
REQ003995,613273,Yadavanahalli,Bangalore,KARNATAKA,Banking,Residents have limited access to nearby banking services and have to travel 10 km.,English,High,2026-08-24T14:56,Synthetic Demo Data
REQ003996,613273,Yadavanahalli,Bangalore,KARNATAKA,Drainage,Drainage overflows during heavy rain and causes waterlogging near the school.,English,Medium,2026-09-06T09:32,Synthetic Demo Data
REQ003997,613273,Yadavanahalli,Bangalore,KARNATAKA,Banking,The village needs better access to banking facilities and loan services.,English,High,2026-09-14T07:27,Synthetic Demo Data
REQ003998,613273,Yadavanahalli,Bangalore,KARNATAKA,Education,ಸ್ಥಳೀಯ ಸರ್ಕಾರಿ ಶಾಲೆಯಲ್ಲಿ ಕಂಪ್ಯೂಟರ್ ಹಾಗೂ ಶೌಚಾಲಯ ಸೌಲಭ್ಯ ಕಲ್ಪಿಸಲು ಮನವಿ.,Kannada,High,2026-07-31T16:04,Synthetic Demo Data
REQ003999,613273,Yadavanahalli,Bangalore,KARNATAKA,Healthcare,ನಮ್ಮ ಗ್ರಾಮಕ್ಕೆ ಪ್ರಾಥಮಿಕ ಆರೋಗ್ಯ ಕೇಂದ್ರದ ಸುಲಭ ಪ್ರವೇಶ ಬೇಕಾಗಿದೆ.,Kannada,High,2026-07-05T16:46,Synthetic Demo Data
REQ004000,613273,Yadavanahalli,Bangalore,KARNATAKA,Digital Connectivity,People are requesting a local digital service facility (Bapuji Seva Kendra).,English,Low,2026-07-17T19:28,Synthetic Demo Data
REQ004001,613273,Yadavanahalli,Bangalore,KARNATAKA,Waste Management,Garbage is not being collected regularly in residential lanes.,English,Low,2026-07-28T14:50,Synthetic Demo Data
REQ004002,613273,Yadavanahalli,Bangalore,KARNATAKA,Waste Management,Residents are requesting a better door-to-door waste collection system.,English,Medium,2026-07-05T15:32,Synthetic Demo Data
REQ004003,613273,Yadavanahalli,Bangalore,KARNATAKA,Waste Management,Residents are requesting a better door-to-door waste collection system.,English,High,2026-07-20T07:09,Synthetic Demo Data
REQ004004,613273,Yadavanahalli,Bangalore,KARNATAKA,Road,Residents are requesting improvement of road connectivity to the taluk center.,English,High,2026-07-06T10:35,Synthetic Demo Data
REQ004005,613273,Yadavanahalli,Bangalore,KARNATAKA,Waste Management,Garbage is not being collected regularly in residential lanes.,English,High,2026-07-17T21:23,Synthetic Demo Data
REQ004006,613273,Yadavanahalli,Bangalore,KARNATAKA,Electricity,ವೋಲ್ಟೇಜ್ ಏರಿಳಿತದಿಂದ ಪಂಪ್‌ಸೆಟ್‌ಗಳಿಗೆ ತೊಂದರೆಯಾಗುತ್ತಿದೆ.,Kannada,High,2026-09-17T08:07,Synthetic Demo Data
REQ004007,613273,Yadavanahalli,Bangalore,KARNATAKA,Public Transport,ಬೆಳಿಗ್ಗೆ ಮತ್ತು ಸಂಜೆ ವೇಳೆಯಲ್ಲಿ ಹೆಚ್ಚಿನ ಬಸ್ ಸಂಚಾರ ಬೇಕಾಗಿದೆ.,Kannada,Medium,2026-08-03T12:57,Synthetic Demo Data
REQ004008,613273,Yadavanahalli,Bangalore,KARNATAKA,Drainage,Drainage overflows during heavy rain and causes waterlogging near the school.,English,Medium,2026-08-01T19:56,Synthetic Demo Data
REQ004009,613273,Yadavanahalli,Bangalore,KARNATAKA,Digital Connectivity,ಗ್ರಾಮ ಪಂಚಾಯತ್ ವ್ಯಾಪ್ತಿಯಲ್ಲಿ ಬಾಪೂಜಿ ಸೇವಾ ಕೇಂದ್ರ / ಡಿಜಿಟಲ್ ಕೇಂದ್ರ ಬೇಕು.,Kannada,Low,2026-07-21T21:30,Synthetic Demo Data
REQ004010,613273,Yadavanahalli,Bangalore,KARNATAKA,Drainage,Poor drainage is causing stagnant water and mosquito breeding in the village.,English,High,2026-07-19T09:43,Synthetic Demo Data
REQ004011,613273,Yadavanahalli,Bangalore,KARNATAKA,Banking,The village needs better access to banking facilities and loan services.,English,Low,2026-08-13T08:58,Synthetic Demo Data
REQ004012,613273,Yadavanahalli,Bangalore,KARNATAKA,Healthcare,Residents are requesting improved local healthcare access and medicine availability.,English,High,2026-08-24T10:43,Synthetic Demo Data
REQ004013,613273,Yadavanahalli,Bangalore,KARNATAKA,Digital Connectivity,The village needs better mobile network coverage in interior areas.,English,Medium,2026-07-30T10:10,Synthetic Demo Data
REQ004014,613273,Yadavanahalli,Bangalore,KARNATAKA,Drainage,ಚರಂಡಿ ಕೊರತೆಯಿಂದ ನೀರು ನಿಂತು ಸೊಳ್ಳೆಗಳ ಕಾಟ ಹೆಚ್ಚಾಗಿದೆ.,Kannada,Medium,2026-07-10T16:28,Synthetic Demo Data
REQ004015,613273,Yadavanahalli,Bangalore,KARNATAKA,Waste Management,ವಸತಿ ಪ್ರದೇಶಗಳ ಬಳಿ ಕಸ ಶೇಖರಣೆಯಾಗುತ್ತಿದೆ.,Kannada,High,2026-07-04T17:08,Synthetic Demo Data
REQ004016,613273,Yadavanahalli,Bangalore,KARNATAKA,Education,Residents are requesting better facilities and computers in the local school.,English,High,2026-08-07T17:54,Synthetic Demo Data
REQ004017,613273,Yadavanahalli,Bangalore,KARNATAKA,Digital Connectivity,The village needs better mobile network coverage in interior areas.,English,High,2026-07-26T07:16,Synthetic Demo Data
REQ004018,613273,Yadavanahalli,Bangalore,KARNATAKA,Waste Management,ಕಸವನ್ನು ನಿಯಮಿತವಾಗಿ ವಿಲೇವಾರಿ ಮಾಡಲಾಗುತ್ತಿಲ್ಲ.,Kannada,High,2026-08-18T13:35,Synthetic Demo Data
REQ004019,613273,Yadavanahalli,Bangalore,KARNATAKA,Healthcare,The village needs easier access to primary healthcare center.,English,Medium,2026-08-09T17:56,Synthetic Demo Data
REQ004020,613273,Yadavanahalli,Bangalore,KARNATAKA,Water,Water supply pressure is insufficient for residents on higher lanes.,English,Medium,2026-08-20T07:15,Synthetic Demo Data
REQ004021,613273,Yadavanahalli,Bangalore,KARNATAKA,Digital Connectivity,ಗ್ರಾಮ ಪಂಚಾಯತ್ ವ್ಯಾಪ್ತಿಯಲ್ಲಿ ಬಾಪೂಜಿ ಸೇವಾ ಕೇಂದ್ರ / ಡಿಜಿಟಲ್ ಕೇಂದ್ರ ಬೇಕು.,Kannada,Medium,2026-07-27T14:26,Synthetic Demo Data
REQ004022,613273,Yadavanahalli,Bangalore,KARNATAKA,Public Transport,ಮೆಟ್ರೋ ನಿಲ್ದಾಣಕ್ಕೆ ನೇರ ಬಸ್ ಸಂಪರ್ಕ ಕಲ್ಪಿಸಲು ಗ್ರಾಮಸ್ಥರ ಕೋರಿಕೆ.,Kannada,High,2026-07-09T10:15,Synthetic Demo Data
REQ004023,613273,Yadavanahalli,Bangalore,KARNATAKA,Electricity,ಪದೇ ಪದೇ ವಿದ್ಯುತ್ ಕಡಿತವಾಗದಂತೆ ನಿರಂತರ ವಿದ್ಯುತ್ ನೀಡಲು ವಿನಂತಿ.,Kannada,High,2026-08-01T10:28,Synthetic Demo Data
REQ004024,613273,Yadavanahalli,Bangalore,KARNATAKA,Waste Management,ವಸತಿ ಪ್ರದೇಶಗಳ ಬಳಿ ಕಸ ಶೇಖರಣೆಯಾಗುತ್ತಿದೆ.,Kannada,High,2026-08-01T14:24,Synthetic Demo Data
REQ004025,613273,Yadavanahalli,Bangalore,KARNATAKA,Water,ಬೇಸಿಗೆಯಲ್ಲಿ ಶುದ್ಧ ಕುಡಿಯುವ ನೀರಿನ ಕೊರತೆ ಎದುರಾಗುತ್ತಿದೆ.,Kannada,High,2026-07-13T13:34,Synthetic Demo Data
REQ004026,613273,Yadavanahalli,Bangalore,KARNATAKA,Public Transport,ಬೆಳಿಗ್ಗೆ ಮತ್ತು ಸಂಜೆ ವೇಳೆಯಲ್ಲಿ ಹೆಚ್ಚಿನ ಬಸ್ ಸಂಚಾರ ಬೇಕಾಗಿದೆ.,Kannada,High,2026-09-09T12:43,Synthetic Demo Data
REQ004027,613273,Yadavanahalli,Bangalore,KARNATAKA,Electricity,The village needs improved electricity infrastructure and street lighting.,English,Medium,2026-07-16T19:14,Synthetic Demo Data
REQ004028,613273,Yadavanahalli,Bangalore,KARNATAKA,Road,ಮಳೆಗಾಲದಲ್ಲಿ ರಸ್ತೆಯಲ್ಲಿ ನೀರು ನಿಂತು ವಾಹನ ಚಾಲನೆ ಕಷ್ಟವಾಗುತ್ತದೆ.,Kannada,Medium,2026-07-12T21:15,Synthetic Demo Data
REQ004029,613273,Yadavanahalli,Bangalore,KARNATAKA,Electricity,Residents report voltage fluctuations affecting agriculture pump sets.,English,Medium,2026-09-14T15:41,Synthetic Demo Data
REQ004030,613273,Yadavanahalli,Bangalore,KARNATAKA,Healthcare,ನಮ್ಮ ಗ್ರಾಮಕ್ಕೆ ಪ್ರಾಥಮಿಕ ಆರೋಗ್ಯ ಕೇಂದ್ರದ ಸುಲಭ ಪ್ರವೇಶ ಬೇಕಾಗಿದೆ.,Kannada,High,2026-08-15T10:05,Synthetic Demo Data
REQ004031,613273,Yadavanahalli,Bangalore,KARNATAKA,Waste Management,Garbage is not being collected regularly in residential lanes.,English,Low,2026-07-02T20:07,Synthetic Demo Data
REQ004032,613289,Bidaraguppe,Bangalore,KARNATAKA,Healthcare,ಸಂಜೆ 5 ರ ನಂತರ ಸಮೀಪದ ಆರೋಗ್ಯ ಕೇಂದ್ರಕ್ಕೆ ಹೋಗಲು ಕಷ್ಟವಾಗುತ್ತಿದೆ.,Kannada,Low,2026-07-04T16:06,Synthetic Demo Data
REQ004033,613289,Bidaraguppe,Bangalore,KARNATAKA,Waste Management,ಮನೆ ಮನೆಗೆ ತೆರಳಿ ಕಸ ಸಂಗ್ರಹಿಸುವ ವ್ಯವಸ್ಥೆ ಬೇಕು ಎಂದು ನಿವಾಸಿಗಳು ಕೋರುತ್ತಿದ್ದಾರೆ.,Kannada,Medium,2026-07-15T08:39,Synthetic Demo Data
REQ004034,613289,Bidaraguppe,Bangalore,KARNATAKA,Waste Management,Waste is accumulating near residential areas and temple road.,English,High,2026-08-16T19:38,Synthetic Demo Data
REQ004035,613289,Bidaraguppe,Bangalore,KARNATAKA,Healthcare,Residents have limited access to a nearby health facility after 5 PM.,English,High,2026-07-15T11:29,Synthetic Demo Data
REQ004036,613289,Bidaraguppe,Bangalore,KARNATAKA,Healthcare,ಸಂಜೆ 5 ರ ನಂತರ ಸಮೀಪದ ಆರೋಗ್ಯ ಕೇಂದ್ರಕ್ಕೆ ಹೋಗಲು ಕಷ್ಟವಾಗುತ್ತಿದೆ.,Kannada,Medium,2026-07-15T19:48,Synthetic Demo Data
REQ004037,613289,Bidaraguppe,Bangalore,KARNATAKA,Drainage,ವಸತಿ ಪ್ರದೇಶದ ಬಳಿ ಕಾಂಕ್ರೀಟ್ ಮುಚ್ಚಿದ ಚರಂಡಿ ನಿರ್ಮಿಸಲು ವಿನಂತಿ.,Kannada,Medium,2026-07-14T10:47,Synthetic Demo Data
REQ004038,613289,Bidaraguppe,Bangalore,KARNATAKA,Road,Residents are requesting improvement of road connectivity to the taluk center.,English,Medium,2026-07-04T17:23,Synthetic Demo Data
REQ004039,613289,Bidaraguppe,Bangalore,KARNATAKA,Healthcare,ನಮ್ಮ ಗ್ರಾಮಕ್ಕೆ ಪ್ರಾಥಮಿಕ ಆರೋಗ್ಯ ಕೇಂದ್ರದ ಸುಲಭ ಪ್ರವೇಶ ಬೇಕಾಗಿದೆ.,Kannada,Medium,2026-09-06T21:47,Synthetic Demo Data
REQ004040,613289,Bidaraguppe,Bangalore,KARNATAKA,Waste Management,गांव में कचरा समय पर नहीं उठाया जा रहा है।,Hindi,Medium,2026-07-28T15:42,Synthetic Demo Data
REQ004041,613289,Bidaraguppe,Bangalore,KARNATAKA,Road,ತಾಲೂಕು ಕೇಂದ್ರಕ್ಕೆ ಸಂಪರ್ಕ ಕಲ್ಪಿಸುವ ರಸ್ತೆ ಸುಧಾರಣೆಗೆ ಗ್ರಾಮಸ್ಥರ ಮನವಿ.,Kannada,Medium,2026-08-18T11:31,Synthetic Demo Data
REQ004042,613289,Bidaraguppe,Bangalore,KARNATAKA,Healthcare,The village needs easier access to primary healthcare center.,English,High,2026-07-15T08:51,Synthetic Demo Data
REQ004043,613289,Bidaraguppe,Bangalore,KARNATAKA,Healthcare,Residents are requesting improved local healthcare access and medicine availability.,English,High,2026-07-14T17:11,Synthetic Demo Data
REQ004044,613289,Bidaraguppe,Bangalore,KARNATAKA,Waste Management,ಮನೆ ಮನೆಗೆ ತೆರಳಿ ಕಸ ಸಂಗ್ರಹಿಸುವ ವ್ಯವಸ್ಥೆ ಬೇಕು ಎಂದು ನಿವಾಸಿಗಳು ಕೋರುತ್ತಿದ್ದಾರೆ.,Kannada,Medium,2026-09-07T19:13,Synthetic Demo Data
REQ004045,613289,Bidaraguppe,Bangalore,KARNATAKA,Banking,ಗ್ರಾಮದಲ್ಲಿ ಬ್ಯಾಂಕ್ ಸೇವೆಗಳು ಮತ್ತು ಸಾಲ ಸೌಲಭ್ಯಗಳು ಸುಲಭವಾಗಿ ಸಿಗುತ್ತಿಲ್ಲ.,Kannada,High,2026-08-02T18:20,Synthetic Demo Data
REQ004046,613289,Bidaraguppe,Bangalore,KARNATAKA,Road,सड़क की हालत खराब है और मरम्मत की जरूरत है।,Hindi,Medium,2026-08-31T06:13,Synthetic Demo Data
REQ004047,613289,Bidaraguppe,Bangalore,KARNATAKA,Road,The main approach road near the village is damaged and difficult to use.,English,High,2026-08-05T13:31,Synthetic Demo Data
REQ004048,613289,Bidaraguppe,Bangalore,KARNATAKA,Public Transport,The village needs better bus frequency during morning and evening hours.,English,Medium,2026-07-30T08:48,Synthetic Demo Data
REQ004049,613289,Bidaraguppe,Bangalore,KARNATAKA,Waste Management,गांव में कचरा समय पर नहीं उठाया जा रहा है।,Hindi,Low,2026-09-15T09:42,Synthetic Demo Data
REQ004050,613289,Bidaraguppe,Bangalore,KARNATAKA,Digital Connectivity,ಗ್ರಾಮ ಪಂಚಾಯತ್ ವ್ಯಾಪ್ತಿಯಲ್ಲಿ ಬಾಪೂಜಿ ಸೇವಾ ಕೇಂದ್ರ / ಡಿಜಿಟಲ್ ಕೇಂದ್ರ ಬೇಕು.,Kannada,Medium,2026-09-15T13:17,Synthetic Demo Data
REQ004051,613289,Bidaraguppe,Bangalore,KARNATAKA,Water,Residents report difficulty getting reliable drinking water in summer.,English,Medium,2026-07-19T09:05,Synthetic Demo Data
REQ004052,613289,Bidaraguppe,Bangalore,KARNATAKA,Education,ಗ್ರಾಮದ ಶಾಲಾ ಆವರಣ ಹಾಗೂ ಆಟದ ಮೈದಾನ ದುರಸ್ತಿ ಮಾಡಬೇಕಾಗಿದೆ.,Kannada,High,2026-08-31T09:33,Synthetic Demo Data
REQ004053,613289,Bidaraguppe,Bangalore,KARNATAKA,Waste Management,ಕಸವನ್ನು ನಿಯಮಿತವಾಗಿ ವಿಲೇವಾರಿ ಮಾಡಲಾಗುತ್ತಿಲ್ಲ.,Kannada,Medium,2026-09-13T18:41,Synthetic Demo Data
REQ004054,613289,Bidaraguppe,Bangalore,KARNATAKA,Water,The village needs improved access to safe drinking water RO plant.,English,Medium,2026-09-06T14:53,Synthetic Demo Data
REQ004055,613289,Bidaraguppe,Bangalore,KARNATAKA,Education,The village needs improved educational facilities and playground repair.,English,Medium,2026-09-15T07:20,Synthetic Demo Data
REQ004056,613289,Bidaraguppe,Bangalore,KARNATAKA,Waste Management,Garbage is not being collected regularly in residential lanes.,English,Medium,2026-07-15T14:34,Synthetic Demo Data
REQ004057,613289,Bidaraguppe,Bangalore,KARNATAKA,Banking,The village needs better access to banking facilities and loan services.,English,Medium,2026-07-13T09:57,Synthetic Demo Data
REQ004058,613289,Bidaraguppe,Bangalore,KARNATAKA,Banking,ಗ್ರಾಮದಲ್ಲಿ ಬ್ಯಾಂಕ್ ಸೇವೆಗಳು ಮತ್ತು ಸಾಲ ಸೌಲಭ್ಯಗಳು ಸುಲಭವಾಗಿ ಸಿಗುತ್ತಿಲ್ಲ.,Kannada,High,2026-08-10T19:55,Synthetic Demo Data
REQ004059,613289,Bidaraguppe,Bangalore,KARNATAKA,Waste Management,गांव में कचरा समय पर नहीं उठाया जा रहा है।,Hindi,Low,2026-07-22T20:23,Synthetic Demo Data
REQ004060,613289,Bidaraguppe,Bangalore,KARNATAKA,Banking,ಎಟಿಎಂ ಅಥವಾ ಗ್ರಾಮ ಬ್ಯಾಂಕಿಂಗ್ ಸೇವೆ ಒದಗಿಸಲು ಸಾರ್ವಜನಿಕರ ಮನವಿ.,Kannada,Medium,2026-08-23T09:26,Synthetic Demo Data
REQ004061,613289,Bidaraguppe,Bangalore,KARNATAKA,Digital Connectivity,People are requesting a local digital service facility (Bapuji Seva Kendra).,English,Medium,2026-09-10T08:05,Synthetic Demo Data
REQ004062,613289,Bidaraguppe,Bangalore,KARNATAKA,Education,The village needs improved educational facilities and playground repair.,English,Low,2026-09-14T07:25,Synthetic Demo Data
REQ004063,613289,Bidaraguppe,Bangalore,KARNATAKA,Education,The village needs improved educational facilities and playground repair.,English,High,2026-07-27T06:31,Synthetic Demo Data
REQ004064,613289,Bidaraguppe,Bangalore,KARNATAKA,Water,पीने के साफ पानी की व्यवस्था की जाए।,Hindi,High,2026-07-22T09:24,Synthetic Demo Data
REQ004065,613289,Bidaraguppe,Bangalore,KARNATAKA,Waste Management,गांव में कचरा समय पर नहीं उठाया जा रहा है।,Hindi,Medium,2026-07-16T13:04,Synthetic Demo Data
REQ004066,613289,Bidaraguppe,Bangalore,KARNATAKA,Healthcare,Residents have limited access to a nearby health facility after 5 PM.,English,High,2026-07-05T07:19,Synthetic Demo Data
REQ004067,613292,Ballur,Bangalore,KARNATAKA,Public Transport,The village needs better bus frequency during morning and evening hours.,English,Medium,2026-07-21T17:47,Synthetic Demo Data
REQ004068,613292,Ballur,Bangalore,KARNATAKA,Road,ತಾಲೂಕು ಕೇಂದ್ರಕ್ಕೆ ಸಂಪರ್ಕ ಕಲ್ಪಿಸುವ ರಸ್ತೆ ಸುಧಾರಣೆಗೆ ಗ್ರಾಮಸ್ಥರ ಮನವಿ.,Kannada,Medium,2026-08-13T19:57,Synthetic Demo Data
REQ004069,613292,Ballur,Bangalore,KARNATAKA,Banking,Residents have limited access to nearby banking services and have to travel 10 km.,English,Medium,2026-09-14T09:09,Synthetic Demo Data
REQ004070,613292,Ballur,Bangalore,KARNATAKA,Education,ಗ್ರಾಮದ ಶಾಲಾ ಆವರಣ ಹಾಗೂ ಆಟದ ಮೈದಾನ ದುರಸ್ತಿ ಮಾಡಬೇಕಾಗಿದೆ.,Kannada,High,2026-07-20T10:58,Synthetic Demo Data
REQ004071,613292,Ballur,Bangalore,KARNATAKA,Road,सड़क की हालत खराब है और मरम्मत की जरूरत है।,Hindi,High,2026-08-04T08:53,Synthetic Demo Data
REQ004072,613292,Ballur,Bangalore,KARNATAKA,Digital Connectivity,Residents have limited access to high-speed internet and CSC services.,English,Medium,2026-07-09T14:53,Synthetic Demo Data
REQ004073,613292,Ballur,Bangalore,KARNATAKA,Education,ಬಸ್ ಕೊರತೆಯಿಂದ ವಿದ್ಯಾರ್ಥಿಗಳಿಗೆ ಪ್ರೌಢಶಾಲೆಗೆ ಹೋಗಲು ತೊಂದರೆಯಾಗಿದೆ.,Kannada,Low,2026-07-14T11:45,Synthetic Demo Data
REQ004074,613292,Ballur,Bangalore,KARNATAKA,Waste Management,Garbage is not being collected regularly in residential lanes.,English,Medium,2026-08-20T13:36,Synthetic Demo Data
REQ004075,613292,Ballur,Bangalore,KARNATAKA,Digital Connectivity,ಗ್ರಾಮ ಪಂಚಾಯತ್ ವ್ಯಾಪ್ತಿಯಲ್ಲಿ ಬಾಪೂಜಿ ಸೇವಾ ಕೇಂದ್ರ / ಡಿಜಿಟಲ್ ಕೇಂದ್ರ ಬೇಕು.,Kannada,Low,2026-09-10T14:20,Synthetic Demo Data
REQ004076,613292,Ballur,Bangalore,KARNATAKA,Waste Management,ಕಸವನ್ನು ನಿಯಮಿತವಾಗಿ ವಿಲೇವಾರಿ ಮಾಡಲಾಗುತ್ತಿಲ್ಲ.,Kannada,Medium,2026-09-16T13:00,Synthetic Demo Data
REQ004077,613292,Ballur,Bangalore,KARNATAKA,Banking,Residents have limited access to nearby banking services and have to travel 10 km.,English,Medium,2026-08-13T07:41,Synthetic Demo Data
REQ004078,613292,Ballur,Bangalore,KARNATAKA,Digital Connectivity,Residents have limited access to high-speed internet and CSC services.,English,Medium,2026-09-13T20:08,Synthetic Demo Data
REQ004079,613292,Ballur,Bangalore,KARNATAKA,Public Transport,The village needs better bus frequency during morning and evening hours.,English,Medium,2026-09-17T11:44,Synthetic Demo Data
REQ004080,613292,Ballur,Bangalore,KARNATAKA,Drainage,ಭಾರೀ ಮಳೆಯಾದಾಗ ಚರಂಡಿ ಉಕ್ಕಿ ಶಾಲೆ ಬಳಿ ನೀರು ನಿಲ್ಲುತ್ತದೆ.,Kannada,High,2026-07-12T19:25,Synthetic Demo Data
REQ004081,613292,Ballur,Bangalore,KARNATAKA,Education,ಬಸ್ ಕೊರತೆಯಿಂದ ವಿದ್ಯಾರ್ಥಿಗಳಿಗೆ ಪ್ರೌಢಶಾಲೆಗೆ ಹೋಗಲು ತೊಂದರೆಯಾಗಿದೆ.,Kannada,High,2026-08-30T12:59,Synthetic Demo Data
REQ004082,613292,Ballur,Bangalore,KARNATAKA,Healthcare,ಸ್ಥಳೀಯ ಆರೋಗ್ಯ ಸೇವೆಗಳು ಮತ್ತು ಔಷಧಿಗಳ ಲಭ್ಯತೆಯನ್ನು ಸುಧಾರಿಸಲು ವಿನಂತಿ.,Kannada,High,2026-08-31T13:45,Synthetic Demo Data
REQ004083,613292,Ballur,Bangalore,KARNATAKA,Road,ಗ್ರಾಮದ ಮುಖ್ಯ ರಸ್ತೆ ಹಾಳಾಗಿದ್ದು ಸಂಚಾರಕ್ಕೆ ತೊಂದರೆಯಾಗಿದೆ.,Kannada,High,2026-07-22T11:47,Synthetic Demo Data
REQ004084,613292,Ballur,Bangalore,KARNATAKA,Banking,"ಬ್ಯಾಂಕಿಂಗ್ ಸೇವೆಗೆ 10 ಕಿ.ಮೀ ದೂರ ಹೋಗಬೇಕಾಗಿದ್ದು, ಸ್ಥಳೀಯ ಕಿಯೋಸ್ಕ್ ಅಗತ್ಯವಿದೆ.",Kannada,Medium,2026-07-30T07:26,Synthetic Demo Data
REQ004085,613292,Ballur,Bangalore,KARNATAKA,Public Transport,ವಿಶ್ವಾಸಾರ್ಹ ಸಾರಿಗೆ ಬಸ್ ಸೇವೆಗಳನ್ನು ಹೆಚ್ಚಿಸಲು ವಿನಂತಿ.,Kannada,High,2026-08-10T15:57,Synthetic Demo Data
REQ004086,613292,Ballur,Bangalore,KARNATAKA,Water,Residents report difficulty getting reliable drinking water in summer.,English,Medium,2026-08-09T15:17,Synthetic Demo Data
REQ004087,613292,Ballur,Bangalore,KARNATAKA,Drainage,Residents are requesting proper concrete covered drainage near residential areas.,English,Low,2026-08-04T10:42,Synthetic Demo Data
REQ004088,613292,Ballur,Bangalore,KARNATAKA,Banking,"ಬ್ಯಾಂಕಿಂಗ್ ಸೇವೆಗೆ 10 ಕಿ.ಮೀ ದೂರ ಹೋಗಬೇಕಾಗಿದ್ದು, ಸ್ಥಳೀಯ ಕಿಯೋಸ್ಕ್ ಅಗತ್ಯವಿದೆ.",Kannada,High,2026-08-17T06:44,Synthetic Demo Data
REQ004089,613292,Ballur,Bangalore,KARNATAKA,Digital Connectivity,ಹೈಸ್ಪೀಡ್ ಇಂಟರ್ನೆಟ್ ಮತ್ತು ಸಿಎಸ್ಸಿ ಸೇವೆಗಳು ಲಭ್ಯವಿಲ್ಲ.,Kannada,Medium,2026-07-12T09:42,Synthetic Demo Data
REQ004090,613292,Ballur,Bangalore,KARNATAKA,Electricity,ಪದೇ ಪದೇ ವಿದ್ಯುತ್ ಕಡಿತವಾಗದಂತೆ ನಿರಂತರ ವಿದ್ಯುತ್ ನೀಡಲು ವಿನಂತಿ.,Kannada,Low,2026-08-23T14:00,Synthetic Demo Data
REQ004091,613292,Ballur,Bangalore,KARNATAKA,Public Transport,The village needs better bus frequency during morning and evening hours.,English,High,2026-08-14T12:39,Synthetic Demo Data
REQ004092,613292,Ballur,Bangalore,KARNATAKA,Digital Connectivity,People are requesting a local digital service facility (Bapuji Seva Kendra).,English,Medium,2026-08-10T15:53,Synthetic Demo Data
REQ004093,613292,Ballur,Bangalore,KARNATAKA,Public Transport,ಮೆಟ್ರೋ ನಿಲ್ದಾಣಕ್ಕೆ ನೇರ ಬಸ್ ಸಂಪರ್ಕ ಕಲ್ಪಿಸಲು ಗ್ರಾಮಸ್ಥರ ಕೋರಿಕೆ.,Kannada,Low,2026-07-08T11:24,Synthetic Demo Data
REQ004094,613292,Ballur,Bangalore,KARNATAKA,Banking,People are requesting easier access to ATM or banking kiosk services.,English,High,2026-07-26T16:24,Synthetic Demo Data
REQ004095,613292,Ballur,Bangalore,KARNATAKA,Road,ಮಳೆಗಾಲದಲ್ಲಿ ರಸ್ತೆಯಲ್ಲಿ ನೀರು ನಿಂತು ವಾಹನ ಚಾಲನೆ ಕಷ್ಟವಾಗುತ್ತದೆ.,Kannada,Medium,2026-07-23T07:40,Synthetic Demo Data
REQ004096,613292,Ballur,Bangalore,KARNATAKA,Banking,ಗ್ರಾಮದಲ್ಲಿ ಬ್ಯಾಂಕ್ ಸೇವೆಗಳು ಮತ್ತು ಸಾಲ ಸೌಲಭ್ಯಗಳು ಸುಲಭವಾಗಿ ಸಿಗುತ್ತಿಲ್ಲ.,Kannada,Medium,2026-08-25T19:38,Synthetic Demo Data
REQ004097,613292,Ballur,Bangalore,KARNATAKA,Drainage,ಚರಂಡಿ ಕೊರತೆಯಿಂದ ನೀರು ನಿಂತು ಸೊಳ್ಳೆಗಳ ಕಾಟ ಹೆಚ್ಚಾಗಿದೆ.,Kannada,High,2026-09-07T18:05,Synthetic Demo Data
REQ004098,613292,Ballur,Bangalore,KARNATAKA,Digital Connectivity,ಗ್ರಾಮ ಪಂಚಾಯತ್ ವ್ಯಾಪ್ತಿಯಲ್ಲಿ ಬಾಪೂಜಿ ಸೇವಾ ಕೇಂದ್ರ / ಡಿಜಿಟಲ್ ಕೇಂದ್ರ ಬೇಕು.,Kannada,Medium,2026-09-08T12:38,Synthetic Demo Data
REQ004099,613292,Ballur,Bangalore,KARNATAKA,Public Transport,The village needs better bus frequency during morning and evening hours.,English,Medium,2026-08-09T10:17,Synthetic Demo Data
REQ004100,613292,Ballur,Bangalore,KARNATAKA,Public Transport,Residents report limited public transport access to metro/train stations.,English,High,2026-08-24T11:32,Synthetic Demo Data
REQ004101,613292,Ballur,Bangalore,KARNATAKA,Electricity,ಪದೇ ಪದೇ ವಿದ್ಯುತ್ ಕಡಿತವಾಗದಂತೆ ನಿರಂತರ ವಿದ್ಯುತ್ ನೀಡಲು ವಿನಂತಿ.,Kannada,High,2026-08-08T13:15,Synthetic Demo Data
REQ004102,613292,Ballur,Bangalore,KARNATAKA,Waste Management,ಕಸವನ್ನು ನಿಯಮಿತವಾಗಿ ವಿಲೇವಾರಿ ಮಾಡಲಾಗುತ್ತಿಲ್ಲ.,Kannada,Low,2026-09-06T18:27,Synthetic Demo Data
REQ004103,613292,Ballur,Bangalore,KARNATAKA,Banking,ಎಟಿಎಂ ಅಥವಾ ಗ್ರಾಮ ಬ್ಯಾಂಕಿಂಗ್ ಸೇವೆ ಒದಗಿಸಲು ಸಾರ್ವಜನಿಕರ ಮನವಿ.,Kannada,Medium,2026-08-16T15:11,Synthetic Demo Data
REQ004104,613292,Ballur,Bangalore,KARNATAKA,Road,The main approach road near the village is damaged and difficult to use.,English,Medium,2026-07-18T16:21,Synthetic Demo Data
REQ004105,613292,Ballur,Bangalore,KARNATAKA,Water,ಗ್ರಾಮಕ್ಕೆ ಶುದ್ಧ ಕುಡಿಯುವ ನೀರಿನ ಆರ್‌ಒ ಘಟಕದ ಅಗತ್ಯವಿದೆ.,Kannada,Low,2026-07-03T17:10,Synthetic Demo Data
REQ004106,613292,Ballur,Bangalore,KARNATAKA,Banking,Residents have limited access to nearby banking services and have to travel 10 km.,English,Low,2026-09-05T17:38,Synthetic Demo Data
REQ004107,613353,Samandur,Bangalore,KARNATAKA,Waste Management,गांव में कचरा समय पर नहीं उठाया जा रहा है।,Hindi,Low,2026-07-02T13:36,Synthetic Demo Data
REQ004108,613353,Samandur,Bangalore,KARNATAKA,Healthcare,Residents have limited access to a nearby health facility after 5 PM.,English,High,2026-07-27T16:38,Synthetic Demo Data
REQ004109,613353,Samandur,Bangalore,KARNATAKA,Drainage,Poor drainage is causing stagnant water and mosquito breeding in the village.,English,High,2026-08-03T20:07,Synthetic Demo Data
REQ004110,613353,Samandur,Bangalore,KARNATAKA,Electricity,ಪದೇ ಪದೇ ವಿದ್ಯುತ್ ಕಡಿತವಾಗದಂತೆ ನಿರಂತರ ವಿದ್ಯುತ್ ನೀಡಲು ವಿನಂತಿ.,Kannada,High,2026-09-14T16:17,Synthetic Demo Data
REQ004111,613353,Samandur,Bangalore,KARNATAKA,Drainage,ಚರಂಡಿ ಕೊರತೆಯಿಂದ ನೀರು ನಿಂತು ಸೊಳ್ಳೆಗಳ ಕಾಟ ಹೆಚ್ಚಾಗಿದೆ.,Kannada,High,2026-08-05T15:47,Synthetic Demo Data
REQ004112,613353,Samandur,Bangalore,KARNATAKA,Public Transport,People are requesting more reliable BMTC/KSRTC public transport services.,English,Medium,2026-08-25T19:28,Synthetic Demo Data
REQ004113,613353,Samandur,Bangalore,KARNATAKA,Digital Connectivity,Residents have limited access to high-speed internet and CSC services.,English,Medium,2026-08-22T09:29,Synthetic Demo Data
REQ004114,613353,Samandur,Bangalore,KARNATAKA,Public Transport,The village needs better bus frequency during morning and evening hours.,English,Low,2026-08-25T07:05,Synthetic Demo Data
REQ004115,613353,Samandur,Bangalore,KARNATAKA,Banking,People are requesting easier access to ATM or banking kiosk services.,English,High,2026-07-28T14:50,Synthetic Demo Data
REQ004116,613353,Samandur,Bangalore,KARNATAKA,Banking,The village needs better access to banking facilities and loan services.,English,High,2026-08-20T21:53,Synthetic Demo Data
REQ004117,613353,Samandur,Bangalore,KARNATAKA,Road,ತಾಲೂಕು ಕೇಂದ್ರಕ್ಕೆ ಸಂಪರ್ಕ ಕಲ್ಪಿಸುವ ರಸ್ತೆ ಸುಧಾರಣೆಗೆ ಗ್ರಾಮಸ್ಥರ ಮನವಿ.,Kannada,High,2026-08-13T08:34,Synthetic Demo Data
REQ004118,613353,Samandur,Bangalore,KARNATAKA,Public Transport,ಬೆಳಿಗ್ಗೆ ಮತ್ತು ಸಂಜೆ ವೇಳೆಯಲ್ಲಿ ಹೆಚ್ಚಿನ ಬಸ್ ಸಂಚಾರ ಬೇಕಾಗಿದೆ.,Kannada,Medium,2026-08-19T21:42,Synthetic Demo Data
REQ004119,613353,Samandur,Bangalore,KARNATAKA,Waste Management,Residents are requesting a better door-to-door waste collection system.,English,Medium,2026-07-27T15:44,Synthetic Demo Data
REQ004120,613353,Samandur,Bangalore,KARNATAKA,Waste Management,गांव में कचरा समय पर नहीं उठाया जा रहा है।,Hindi,Low,2026-08-25T16:01,Synthetic Demo Data
REQ004121,613353,Samandur,Bangalore,KARNATAKA,Banking,गांव में एटीएम या बैंकिंग सुविधा उपलब्ध कराई जाए।,Hindi,High,2026-07-03T16:50,Synthetic Demo Data
REQ004122,613353,Samandur,Bangalore,KARNATAKA,Road,The road becomes waterlogged and difficult to travel on during the rainy season.,English,Medium,2026-07-30T21:21,Synthetic Demo Data
REQ004123,613353,Samandur,Bangalore,KARNATAKA,Waste Management,ಮನೆ ಮನೆಗೆ ತೆರಳಿ ಕಸ ಸಂಗ್ರಹಿಸುವ ವ್ಯವಸ್ಥೆ ಬೇಕು ಎಂದು ನಿವಾಸಿಗಳು ಕೋರುತ್ತಿದ್ದಾರೆ.,Kannada,Medium,2026-08-03T11:50,Synthetic Demo Data
REQ004124,613353,Samandur,Bangalore,KARNATAKA,Education,ಗ್ರಾಮದ ಶಾಲಾ ಆವರಣ ಹಾಗೂ ಆಟದ ಮೈದಾನ ದುರಸ್ತಿ ಮಾಡಬೇಕಾಗಿದೆ.,Kannada,Medium,2026-07-22T16:51,Synthetic Demo Data
REQ004125,613353,Samandur,Bangalore,KARNATAKA,Healthcare,ನಮ್ಮ ಗ್ರಾಮಕ್ಕೆ ಪ್ರಾಥಮಿಕ ಆರೋಗ್ಯ ಕೇಂದ್ರದ ಸುಲಭ ಪ್ರವೇಶ ಬೇಕಾಗಿದೆ.,Kannada,Low,2026-08-12T07:55,Synthetic Demo Data
REQ004126,613353,Samandur,Bangalore,KARNATAKA,Public Transport,ಮೆಟ್ರೋ ನಿಲ್ದಾಣಕ್ಕೆ ನೇರ ಬಸ್ ಸಂಪರ್ಕ ಕಲ್ಪಿಸಲು ಗ್ರಾಮಸ್ಥರ ಕೋರಿಕೆ.,Kannada,Low,2026-09-01T19:47,Synthetic Demo Data
REQ004127,613353,Samandur,Bangalore,KARNATAKA,Waste Management,ವಸತಿ ಪ್ರದೇಶಗಳ ಬಳಿ ಕಸ ಶೇಖರಣೆಯಾಗುತ್ತಿದೆ.,Kannada,Medium,2026-07-10T19:48,Synthetic Demo Data
REQ004128,613353,Samandur,Bangalore,KARNATAKA,Electricity,ವೋಲ್ಟೇಜ್ ಏರಿಳಿತದಿಂದ ಪಂಪ್‌ಸೆಟ್‌ಗಳಿಗೆ ತೊಂದರೆಯಾಗುತ್ತಿದೆ.,Kannada,Medium,2026-08-22T07:42,Synthetic Demo Data
REQ004129,613353,Samandur,Bangalore,KARNATAKA,Road,ತಾಲೂಕು ಕೇಂದ್ರಕ್ಕೆ ಸಂಪರ್ಕ ಕಲ್ಪಿಸುವ ರಸ್ತೆ ಸುಧಾರಣೆಗೆ ಗ್ರಾಮಸ್ಥರ ಮನವಿ.,Kannada,High,2026-07-11T06:49,Synthetic Demo Data
REQ004130,613353,Samandur,Bangalore,KARNATAKA,Drainage,Poor drainage is causing stagnant water and mosquito breeding in the village.,English,Medium,2026-08-18T16:05,Synthetic Demo Data
REQ004131,613353,Samandur,Bangalore,KARNATAKA,Banking,People are requesting easier access to ATM or banking kiosk services.,English,High,2026-08-07T17:09,Synthetic Demo Data
REQ004132,613353,Samandur,Bangalore,KARNATAKA,Banking,The village needs better access to banking facilities and loan services.,English,Medium,2026-09-06T18:48,Synthetic Demo Data
